judet,localitate,url,rss_url,tier,cms,site_viu,feed_viu,feed_items,newest_real_date,candidat_loader,activ_august,respins_motiv
ALBA,BUCIUM,https://primariabucium.ro,,comuna,unknown,no,no,,,no,no,site mort
ALBA,CRICAU,http://www.comunacricau.ro,,comuna,unknown,no,no,,,no,no,site mort
ALBA,ORAS CUGIR,http://www.primariacugir.ro,,oras,unknown,yes,no,,,no,no,feed nu raspunde
ALBA,ORAS ABRUD,http://www.primaria-abrud.ro,,oras,unknown,yes,no,,,no,no,feed nu raspunde
ALBA,CERU-BACAINTI,http://cerubacainti.ro,https://cerubacainti.ro/feed,comuna,wordpress,yes,yes,10,2025-03-10,no,no,
ALBA,CIURULEASA,https://primariaciuruleasa.ro,https://primariaciuruleasa.ro/index.php/feed/,comuna,wordpress,yes,yes,10,2026-07-27,yes,no,
ALBA,ARIESENI,http://www.primariaarieseni.ro,,comuna,unknown,yes,no,,,no,no,feed nu raspunde
ALBA,FARAU,https://www.primariafarau.ro,https://www.primariafarau.ro/feed/,comuna,wordpress,yes,yes,10,2026-09-04,yes,yes,
ALBA,HOREA,http://primariahorea.ro,,comuna,unknown,no,no,,,no,no,site mort
ALBA,ORAS BAIA DE ARIES,http://www.baiadearies.ro,,oras,unknown,yes,no,,,no,no,feed nu raspunde
ALBA,CIUGUD,https://www.primariaciugud.ro,,comuna,e-adm,yes,no,,,no,no,feed nu raspunde
ALBA,GARBOVA,https://primaria-garbova.ro,https://primaria-garbova.ro/feed/,comuna,wordpress,yes,yes,10,2026-08-24,yes,yes,
ALBA,ALBAC,https://N/A,,comuna,unknown,no,no,,,no,no,site mort
ALBA,BERGHIN,https://N/A,,comuna,unknown,no,no,,,no,no,site mort
ALBA,CUT,https://N/A,,comuna,unknown,no,no,,,no,no,site mort
ALBA,HOPARTA,https://www.primariahopirta.ro,https://www.primariahopirta.ro/feed/,comuna,wordpress,yes,yes,10,2026-09-03,yes,yes,
ALBA,LOPADEA NOUA,https://www.primarialopadeanoua.ro,,comuna,unknown,no,no,,,no,no,site mort
ALBA,CERGAU,https://www.primariacergau.ro,https://www.primariacergau.ro/feed/,comuna,wordpress,yes,yes,0,,no,no,
ALBA,ALMASU MARE,https://www.almasumare.ro,https://almasumare.ro/index.php/feed/,comuna,wordpress,yes,no,,,no,no,feed nu raspunde
ALBA,MUNICIPIUL BLAJ,http://primariablaj.ro,,municipiu,other,yes,no,,,no,no,feed nu raspunde
ALBA,LUNCA MURESULUI,https://www.lunca-muresului.ro,,comuna,unknown,yes,no,,,no,no,feed nu raspunde
ALBA,MIRASLAU,https://www.primariamiraslau.ro,https://www.primariamiraslau.ro/feed/,comuna,wordpress,yes,yes,10,2026-09-04,yes,yes,
ALBA,ORAS TEIUS,http://primariateius.ro,https://primariateius.ro/?feed=rss2,oras,wordpress,yes,yes,10,2026-08-07,yes,yes,
ALBA,MUNICIPIUL ALBA IULIA,https://apulum.ro,,municipiu,other,yes,no,,,no,no,feed nu raspunde
ALBA,ORAS OCNA MURES,https://www.primariaocnamures.ro,https://www.primariaocnamures.ro/feed/,oras,wordpress,yes,yes,10,2026-09-03,yes,yes,
ALBA,INTREGALDE,http://primariaintregalde.ro,,comuna,other,yes,no,,,no,no,feed nu raspunde
ALBA,MUNICIPIUL AIUD,http://www.aiud.ro,,municipiu,other,yes,no,,,no,no,feed nu raspunde
ALBA,BISTRA,https://bistra.ro,https://bistra.ro/feed/,comuna,wordpress,yes,yes,6,2024-03-21,no,no,
ALBA,CALNIC,https://www.primaria-calnic.ro,https://primaria-calnic.ro/feed/,comuna,wordpress,yes,yes,4,2023-09-19,no,no,
ALBA,JIDVEI,https://primariajidvei.ro,https://primariajidvei.ro/feed/,comuna,wordpress,yes,yes,10,2026-07-28,yes,no,
ALBA,PONOR,https://www.comunaponor.ro,,comuna,unknown,yes,no,,,no,no,feed nu raspunde
ALBA,GARDA DE SUS,https://comunagardadesus.ro,https://comunagardadesus.ro/feed/,comuna,wordpress,yes,yes,5,2021-03-12,no,no,
ALBA,RAMET,https://www.comunarimet.ro,,comuna,unknown,yes,no,,,no,no,feed nu raspunde
ALBA,NOSLAC,https://www.primarianoslac.ro,https://www.primarianoslac.ro/feed/,comuna,wordpress,yes,yes,15,2026-08-03,yes,yes,
ALBA,MUNICIPIUL SEBES,https://www.primariasebes.ro,https://www.primariasebes.ro/feed/,municipiu,wordpress,yes,yes,10,2026-09-02,yes,yes,
ALBA,PIANU,https://www.primariapianu.ro,,comuna,other,yes,no,,,no,no,feed nu raspunde
ALBA,BUCERDEA GRANOASA,https://bucerdea-granoasa.ro/site,,comuna,unknown,yes,no,,,no,no,feed nu raspunde
ALBA,DAIA ROMANA,https://primariadaiaromana.ro,https://primariadaiaromana.ro/feed/,comuna,wordpress,yes,yes,0,,no,no,
ALBA,ROSIA MONTANA,https://primariarosiamontana.ro,,comuna,e-adm,yes,no,,,no,no,feed nu raspunde
ALBA,METES,https://www.primariametes.ro,https://www.primariametes.ro/feed/,comuna,wordpress,yes,yes,10,2026-08-13,yes,yes,
ALBA,SASCIORI,http://www.comunasasciori.ro,,comuna,e-adm,yes,no,,,no,no,feed nu raspunde
ALBA,LUPSA,https://www.primarialupsa.ro,https://primarialupsa.ro/feed/,comuna,wordpress,yes,yes,10,2026-06-22,yes,no,
ALBA,CETATEA DE BALTA,https://cetateadebalta.ro,https://cetateadebalta.ro/feed/,comuna,wordpress,yes,yes,20,2026-08-06,yes,yes,
ALBA,GALDA DE JOS,https://galda.ro,https://galda.ro/feed/,comuna,wordpress,yes,yes,10,2026-08-14,yes,yes,
ALBA,MIHALT,https://www.primariamihalt.ro,https://www.primariamihalt.ro/feed/,comuna,wordpress,yes,yes,1,2018-02-20,no,no,
ALBA,AVRAM IANCU,http://www.primariaavramiancu.ro,https://primariaavramiancu.ro/feed/,comuna,wordpress,yes,yes,9,2024-07-11,no,no,
ALBA,BLANDIANA,https://comuna-blandiana.ro,https://comuna-blandiana.ro/feed/,comuna,wordpress,yes,yes,0,,no,no,
ALBA,LIVEZILE,http://primarialivezile.ro,https://primarialivezile.ro/feed/,comuna,wordpress,yes,yes,10,2024-05-24,no,no,
ALBA,ORAS ZLATNA,http://www.primaria-zlatna.ro/nou,https://primaria-zlatna.ro/feed/,oras,wordpress,yes,yes,10,2026-09-04,yes,yes,
ALBA,IGHIU,https://www.comunaighiu.ro,,comuna,wordpress,yes,no,,,no,no,feed nu raspunde
ALBA,VINTU DE JOS,https://vintudejos.ro,https://vintudejos.ro/feed/,comuna,wordpress,yes,yes,1,2025-01-03,no,no,
ALBA,ROSIA DE SECAS,https://www.rosiadesecas.ro,https://rosiadesecas.ro/feed/,comuna,wordpress,yes,yes,0,,no,no,
ALBA,CENADE,http://www.primariacenade.ro,https://comunacenade.ro/feed/,comuna,wordpress,yes,yes,10,2026-09-01,yes,yes,
ALBA,POIANA VADULUI,https://poianavadului.ro,https://poianavadului.ro/feed/,comuna,wordpress,yes,yes,10,2026-04-29,yes,no,
ALBA,SALCIUA,https://comunasalciua.ro,https://comunasalciua.ro/feed/,comuna,wordpress,yes,yes,10,2026-08-26,yes,yes,
ALBA,SANTIMBRU,https://N/A,,comuna,unknown,no,no,,,no,no,site mort
ALBA,POSAGA,https://comunaposaga.ro,https://comunaposaga.ro/feed/,comuna,wordpress,yes,yes,5,2022-11-11,no,no,
ALBA,UNIREA,https://www.primariaunireaalba.ro,,comuna,joomla,yes,no,,,no,no,feed nu raspunde
ARAD,MUNICIPIUL ARAD,https://www.primariaarad.ro,,municipiu,wordpress,yes,no,,,no,no,feed nu raspunde
ALBA,SIBOT,https://primaria-sibot.ro,https://primaria-sibot.ro/feed/,comuna,wordpress,yes,yes,10,2025-04-02,no,no,
ALBA,OCOLIS,https://ocolis-ab.ro,https://ocolis-ab.ro/feed/,comuna,wordpress,yes,yes,10,2026-07-14,yes,no,
ALBA,VIDRA,https://primariavidra-ab.ro,https://primariavidra-ab.ro/feed/,comuna,wordpress,yes,yes,2,2019-08-16,no,no,
ALBA,SPRING,https://www.comunaspring.ro,https://comunaspring.ro/feed/,comuna,wordpress,yes,yes,2,2024-10-25,no,no,
ALBA,SOHODOL,https://primariasohodol.ro,https://primariasohodol.ro/feed/,comuna,wordpress,yes,yes,3,2020-06-15,no,no,
ALBA,CRACIUNELU DE JOS,https://www.craciuneludejos.ro,,comuna,e-adm,yes,no,,,no,no,feed nu raspunde
ARAD,APATEU,http://www.apateu.ro,https://www.apateu.ro/feed/,comuna,wordpress,yes,yes,10,2026-07-07,yes,no,
ARAD,ORAS PANCOTA,https://primariapancota.ro,https://primariapancota.ro/feed/,oras,wordpress,yes,yes,10,2026-08-21,yes,yes,
ARAD,BARSA,http://www.comunabirsa.ro,https://www.comunabirsa.ro/feed/,comuna,wordpress,yes,yes,2,2026-07-14,yes,no,
ARAD,ORAS NADLAC,http://primaria-nadlac.ro,https://primaria-nadlac.ro/feed/,oras,wordpress,yes,yes,10,2026-09-03,yes,yes,
ALBA,SONA,https://comunasona.ro,https://comunasona.ro/feed/,comuna,wordpress,yes,yes,10,2026-04-28,yes,no,
ARAD,ORAS INEU,http://primariaineu.ro,https://primariaineu.ro/feed/,oras,wordpress,yes,yes,20,2026-09-04,yes,yes,
ARAD,ORAS CURTICI,https://primariacurtici.ro,https://primariacurtici.ro/feed/,oras,wordpress,yes,yes,10,2026-08-31,yes,yes,
ALBA,RAMETEA,https://www.primariarimetea.ro,https://primariarimetea.ro/feed/,comuna,wordpress,yes,yes,20,2026-07-01,yes,no,
ALBA,SUGAG,https://primariasugag.ro,https://primariasugag.ro/feed/,comuna,wordpress,yes,yes,20,2026-08-06,yes,yes,
ALBA,VADU MOTILOR,https://vadumotilor.ro,https://vadu-motilor.ro/feed/,comuna,wordpress,yes,yes,10,2026-09-01,yes,yes,
ARAD,CERMEI,http://comuna-cermei.ro,https://comuna-cermei.ro/feed/,comuna,wordpress,yes,yes,10,2026-09-03,yes,yes,
ARAD,BATA,https://www.primariabata.ro,https://www.primariabata.ro/feed/,comuna,wordpress,yes,yes,1,2020-09-17,no,no,
ARAD,ORAS PECICA,https://www.pecica.ro,https://www.pecica.ro/feed/,oras,wordpress,yes,yes,10,2026-09-04,yes,yes,
ARAD,CRAIVA,https://primariacraiva.ro/wp/contact,,comuna,unknown,yes,no,,,no,no,feed nu raspunde
ALBA,STREMT,https://www.primariastremt.ro,https://primariastremt.ro/feed/,comuna,wordpress,yes,yes,10,2026-08-19,yes,yes,
ARAD,CONOP,https://www.primariaconop.ro,,comuna,other,yes,no,,,no,no,feed nu raspunde
ALBA,VALEA LUNGA,https://comunavalealunga.ro,https://comunavalealunga.ro/feed/,comuna,wordpress,yes,yes,20,2026-07-27,yes,no,
ARAD,CARAND,http://comuna-carand.ro,https://comuna-carand.ro/feed/,comuna,wordpress,yes,yes,10,2026-08-10,yes,yes,
ARAD,FANTINELE,https://primariafantanele-arad.ro,https://primariafantanele-arad.ro/feed/,comuna,wordpress,yes,yes,10,2021-07-03,no,no,
ARAD,GURAHONT,https://www.gurahont.ro,,comuna,unknown,no,no,,,no,no,site mort
ARAD,GHIOROC,https://www.primariaghioroc.ro,,comuna,unknown,yes,no,,,no,no,feed nu raspunde
ARAD,ORAS SEBIS,http://primariasebis.ro,https://primariasebis.ro/feed/,oras,wordpress,yes,yes,10,2026-06-03,yes,no,
ARAD,BARZAVA,http://www.comunabarzava.ro,https://comunabarzava.ro/feed/,comuna,wordpress,yes,yes,1,2021-09-24,no,no,
ARAD,HALMAGIU,https://www.primariahalmagiu.ro,,comuna,unknown,yes,no,,,no,no,feed nu raspunde
ARAD,FRUMUSENI,https://www.frumuseni.ro,,comuna,other,yes,no,,,no,no,feed nu raspunde
ARAD,ORAS SANTANA,https://www.primariasantana.ro/ro,,oras,e-adm,yes,no,,,no,no,feed nu raspunde
ARAD,GRANICERI,http://www.graniceri.ro,,comuna,wordpress,yes,no,,,no,no,feed nu raspunde
ARAD,BIRCHIS,https://N/A,,comuna,unknown,no,no,,,no,no,site mort
ARAD,BRAZII,https://N/A,,comuna,unknown,no,no,,,no,no,site mort
ARAD,IRATOSU,https://iratosu.ro,https://iratosu.ro/feed/,comuna,wordpress,yes,yes,5,2026-08-26,yes,yes,
ALBA,MOGOS,https://comunamogos.ro,,comuna,wordpress,yes,no,,,no,no,feed nu raspunde
ARAD,PAULIS,https://www.paulis.ro,,comuna,unknown,yes,no,,,no,no,feed nu raspunde
ARAD,IGNESTI,https://primariaignesti.ro,https://primariaignesti.ro/feed/,comuna,wordpress,yes,yes,6,2026-09-02,yes,yes,
ARAD,PETRIS,https://www.comunapetris.ro,,comuna,unknown,yes,no,,,no,no,feed nu raspunde
ARAD,PLESCUTA,http://www.plescuta.ro,,comuna,unknown,no,no,,,no,no,site mort
ARAD,HALMAGEL,https://halmagel.ro,https://halmagel.ro/feed/,comuna,wordpress,yes,yes,2,2019-06-19,no,no,
ARAD,DEZNA,http://www.comunadezna.ro,https://www.comunadezna.ro/feed/,comuna,wordpress,yes,yes,1,2015-04-20,no,no,
ALBA,SALISTEA,https://comuna-salistea.ro,https://comuna-salistea.ro/feed/,comuna,wordpress,yes,yes,8,2026-06-11,yes,no,
ARAD,DIECI,http://dieci-arad.blogspot.com,https://dieci-arad.blogspot.com/feeds/posts/default,comuna,e-adm,yes,yes,8,2024-11-01,no,no,
ALBA,SANCEL,https://www.primariasincel.ro,,comuna,other,yes,no,,,no,no,feed nu raspunde
ARAD,ORAS LIPOVA,https://www.primarialipova.ro,,oras,other,yes,no,,,no,no,feed nu raspunde
ARAD,MACEA,https://macea.ro,,comuna,wordpress,yes,no,,,no,no,feed nu raspunde
ARAD,FELNAC,http://primaria-felnac.ro,https://primaria-felnac.ro/feed/,comuna,wordpress,yes,yes,10,2026-08-25,yes,yes,
ARAD,PEREGU MARE,http://primariaperegumare.ro,https://primariaperegumare.ro/ro/feed/,comuna,wordpress,yes,yes,0,,no,no,
ARAD,SELEUS,https://comuna-seleus.ro,https://comuna-seleus.ro/feed/,comuna,wordpress,yes,yes,10,2026-08-31,yes,yes,
ARAD,OLARI,http://www.comunaolari.ro,,comuna,other,yes,no,,,no,no,feed nu raspunde
ARAD,SECUSIGIU,https://www.primariasecusigiuar.ro,,comuna,other,yes,no,,,no,no,feed nu raspunde
ARAD,ORAS CHISINEU-CRIS,https://primariachisineucris.ro,,oras,wordpress,yes,no,,,no,no,feed nu raspunde
ARAD,SAGU,https://primariasagu.ro,,comuna,wordpress,yes,no,,,no,no,feed nu raspunde
ARAD,PILU,http://www.comunapilu.ro,https://comunapilu.ro/feed/,comuna,wordpress,yes,yes,10,2026-08-26,yes,yes,
ARAD,LIVADA,https://livada-arad.ro,,comuna,wordpress,yes,no,,,no,no,feed nu raspunde
ARAD,SEMLAC,https://www.semlac.ro,https://www.semlac.ro/feed/,comuna,wordpress,yes,yes,10,2026-01-15,yes,no,
ARAD,SEITIN,http://primariaseitin.ro,https://primariaseitin.ro/feed,comuna,wordpress,yes,yes,0,,no,no,
ARAD,SAVARSIN,https://primariasavarsin.ro,https://primariasavarsin.ro/feed/,comuna,wordpress,yes,yes,10,2020-08-26,no,no,
ALBA,ORAS CAMPENI,http://www.primariacimpeni.ro,,oras,unknown,yes,no,,,no,no,feed nu raspunde
ARAD,TARNOVA,https://N/A,,comuna,unknown,no,no,,,no,no,site mort
ALBA,DOSTAT,https://comuna-dostat.ro,https://comuna-dostat.ro/feed/,comuna,wordpress,yes,yes,1,2026-07-06,yes,no,
ARAD,SEPREUS,https://sepreus.ro,,comuna,unknown,yes,no,,,no,no,feed nu raspunde
ARAD,SICULA,https://sicula.ro,,comuna,unknown,yes,no,,,no,no,feed nu raspunde
ARAD,SILINDIA,https://www.comunasilindia.ro,,comuna,unknown,yes,no,,,no,no,feed nu raspunde
ARAD,SIMAND,https://simand.ro,,comuna,unknown,yes,no,,,no,no,feed nu raspunde
ARAD,SINTEA MARE,https://sintea-mare.ro,,comuna,unknown,yes,no,,,no,no,feed nu raspunde
ARAD,CHISINDIA,http://comunachisindia.ro,https://comunachisindia.ro/?feed=comments-rss2,comuna,wordpress,yes,yes,10,2022-04-30,no,no,
ARAD,SIRIA,https://primariasiria.ro,,comuna,unknown,yes,no,,,no,no,feed nu raspunde
ARAD,SISTAROVAT,https://www.primariasistarovat.ro,,comuna,unknown,yes,no,,,no,no,feed nu raspunde
ARAD,SOCODOR,https://socodor.ro,,comuna,unknown,yes,no,,,no,no,feed nu raspunde
ARAD,SOFRONEA,https://www.primaria-sofronea.ro,,comuna,unknown,no,no,,,no,no,site mort
ARAD,TAUT,https://www.primariataut.ro,,comuna,unknown,yes,no,,,no,no,feed nu raspunde
ARAD,COVASINT,https://www.primariacovasint.ro,,comuna,e-adm,yes,no,,,no,no,feed nu raspunde
ARAD,USUSAU,http://www.comunaususau.ro,,comuna,unknown,yes,no,,,no,no,feed nu raspunde
ARAD,VARADIA DE MURES,https://varadia-de-mures.ro,,comuna,unknown,yes,no,,,no,no,feed nu raspunde
ARAD,VARFURILE,http://www.primariavirfurile.ro,,comuna,unknown,yes,no,,,no,no,feed nu raspunde
ARAD,VINGA,https://primaria-vinga.ro,,comuna,unknown,yes,no,,,no,no,feed nu raspunde
ARAD,VLADIMIRESCU,https://www.primariavladimirescu.ro,,comuna,unknown,yes,no,,,no,no,feed nu raspunde
ARAD,ZABRANI,https://www.primaria-zabrani.ro,,comuna,unknown,yes,no,,,no,no,feed nu raspunde
ARGES,ANINOASA,https://comuna-aninoasa.ro,,comuna,unknown,no,no,,,no,no,site mort
ARGES,BALILESTI,https://www.primariabalilesti.ro,,comuna,other,yes,no,,,no,no,feed nu raspunde
ARGES,BABANA,https://www.primariababana.ro,https://www.primariababana.ro/?format=feed&type=rss,comuna,joomla,yes,yes,0,,no,no,
ARGES,ORAS COSTESTI,https://primariacostestiag.ro,https://primariacostestiag.ro/feed,oras,wordpress,yes,yes,10,2026-08-31,yes,yes,
ARGES,MUNICIPIUL CURTEA DE ARGES,http://www.primariacurteadearges.ro/portal/arges/cda/portalcda.nsf,,municipiu,unknown,yes,no,,,no,no,feed nu raspunde
ARAD,ZERIND,https://primariazerind.ro,,comuna,unknown,yes,no,,,no,no,feed nu raspunde
ARAD,ZIMANDU NOU,https://zimandunou.ro,,comuna,unknown,yes,no,,,no,no,feed nu raspunde
ARGES,MUNICIPIUL PITESTI,http://www.primariapitesti.ro,,municipiu,e-adm,yes,no,,,no,no,feed nu raspunde
ARGES,BOTESTI,http://www.comunabotestiarges.ro/home,,comuna,unknown,no,no,,,no,no,site mort
ARAD,ZARAND,https://primariazarand.ro,https://primariazarand.ro/feed/,comuna,wordpress,yes,yes,10,2026-07-28,yes,no,
ARGES,BOGATI,https://comunabogati.ro,,comuna,unknown,no,no,,,no,no,site mort
ALBA,RADESTI,http://www.primariaradesti.ro,,comuna,other,yes,no,,,no,no,feed nu raspunde
ARGES,BRADU,http://www.comunabradu.ro,,comuna,unknown,yes,no,,,no,no,feed nu raspunde
ARGES,MUNICIPIUL CAMPULUNG,http://www.primariacampulung.ro,,municipiu,wordpress,yes,no,,,no,no,feed nu raspunde
ALBA,SCARISOARA,https://scarisoara.ro/primaria,https://scarisoara.ro/comments/feed/,comuna,wordpress,yes,yes,0,,no,no,
ARGES,BUGHEA DE JOS,https://www.primariabugheadejos.ro,,comuna,e-adm,yes,no,,,no,no,feed nu raspunde
ARGES,CALINESTI,http://www.primariacalinesti.ro,,comuna,unknown,no,no,,,no,no,site mort
ARGES,ORAS TOPOLOVENI,http://www.topoloveni.ro,,oras,unknown,yes,no,,,no,no,feed nu raspunde
ARGES,CATEASCA,http://primariacateasca.ro,,comuna,unknown,no,no,,,no,no,site mort
ARGES,AREFU,https://primaria-arefu.ro,https://primaria-arefu.ro/feed/,comuna,wordpress,yes,yes,5,2023-09-21,no,no,
ARGES,BEREVOESTI,https://primariaberevoesti.weebly.com,,comuna,other,yes,no,,,no,no,feed nu raspunde
ARGES,ORAS STEFANESTI,https://www.stefanesti-arges.ro,https://stefanesti-arges.ro/feed/,oras,wordpress,yes,yes,10,2026-07-21,yes,no,
ARGES,CIOMAGESTI,http://primaria-ciomagesti.ro,,comuna,unknown,no,no,,,no,no,site mort
ARGES,BOTENI,https://comunaboteni.ro,https://comunaboteni.ro/feed/,comuna,wordpress,yes,yes,10,2026-06-03,yes,no,
ARGES,BRADULET,https://www.cjarges.ro/en/web/bradulet,,comuna,e-adm,yes,no,,,no,no,feed nu raspunde
ARGES,ALBESTII DE MUSCEL,https://www.cjarges.ro/en/web/albestii-de-muscel,,comuna,e-adm,yes,no,,,no,no,feed nu raspunde
ARGES,BELETI-NEGRESTI,https://www.cjarges.ro/en/web/beleti-negresti,,comuna,e-adm,yes,no,,,no,no,feed nu raspunde
ARGES,BARLA,https://www.cjarges.ro/en/web/barla,,comuna,e-adm,yes,no,,,no,no,feed nu raspunde
ARGES,ALBOTA,https://www.cjarges.ro/en/web/albota,,comuna,e-adm,yes,no,,,no,no,feed nu raspunde
ARGES,BAICULESTI,https://www.cjarges.ro/en/web/baiculesti,,comuna,e-adm,yes,no,,,no,no,feed nu raspunde
ARGES,CETATENI,http://www.primariecetateni.ro/index.php,,comuna,other,yes,no,,,no,no,feed nu raspunde
ARGES,CEPARI,https://primariacepari.ro/acasa,,comuna,other,yes,no,,,no,no,feed nu raspunde
ARGES,BUGHEA DE SUS,https://www.cjarges.ro/en/web/bughea-de-sus,,comuna,e-adm,yes,no,,,no,no,feed nu raspunde
ARGES,BUZOESTI,https://N/A,,comuna,unknown,no,no,,,no,no,site mort
ARGES,CICANESTI,https://www.cjarges.ro/en/web/cicanesti,,comuna,e-adm,yes,no,,,no,no,feed nu raspunde
ARGES,CIOFRANGENI,https://www.cjarges.ro/en/web/ciofrangeni,,comuna,e-adm,yes,no,,,no,no,feed nu raspunde
ARGES,ALBESTII DE ARGES,https://www.albestiidearges.ro,https://albestiidearges.ro/feed/,comuna,wordpress,yes,yes,10,2025-04-07,no,no,
ARGES,CALDARARU,https://www.cjarges.ro/en/web/caldararu,,comuna,e-adm,yes,no,,,no,no,feed nu raspunde
ARGES,BASCOV,http://www.primariabascov.ro/portal/arges/bascov/beta/portal.nsf/Index/$First?OpenDocument,,comuna,unknown,yes,no,,,no,no,feed nu raspunde
ARGES,DOMNESTI,http://primariadomnestiag.ro,,comuna,joomla,yes,no,,,no,no,feed nu raspunde
ARGES,CUCA,http://www.comunacuca.ro,https://www.comunacuca.ro/feed/,comuna,wordpress,yes,yes,10,2022-10-31,no,no,
ARGES,CORBENI,https://www.cjarges.ro/en/web/corbeni,,comuna,other,yes,no,,,no,no,feed nu raspunde
ARGES,GODENI,http://www.primariagodeni.ro,,comuna,other,yes,no,,,no,no,feed nu raspunde
ARGES,DAMBOVICIOARA,https://primaria-dambovicioara.ro,,comuna,wordpress,yes,no,,,no,no,feed nu raspunde
ARAD,BUTENI,http://www.buteni.ro,,comuna,unknown,no,no,,,no,no,site mort
ARGES,CORBI,http://www.primariacorbi.com,https://www.primariacorbi.com/?feed=rss2,comuna,wordpress,yes,yes,10,2026-08-11,yes,yes,
ARGES,HARSESTI,https://www.comunaharsesti.ro,https://www.comunaharsesti.ro/feed/,comuna,wordpress,yes,yes,10,2026-01-26,yes,no,
ARGES,LEORDENI,https://www.cjarges.ro/en/web/leordeni,,comuna,e-adm,yes,no,,,no,no,feed nu raspunde
ARGES,DRAGANU,https://www.cjarges.ro/en/web/draganu,,comuna,e-adm,yes,no,,,no,no,feed nu raspunde
ARGES,DARMANESTI,https://www.cjarges.ro/en/web/darmanesti,,comuna,e-adm,yes,no,,,no,no,feed nu raspunde
ARGES,MORARESTI,http://primariamoraresti.ro,,comuna,unknown,no,no,,,no,no,site mort
ARGES,LUNCA CORBULUI,https://www.cjarges.ro/en/web/lunca-corbului,,comuna,e-adm,yes,no,,,no,no,feed nu raspunde
ARAD,BOCSIG,http://www.bocsig.ro,https://bocsig.ro/feed/,comuna,wordpress,yes,yes,10,2026-09-04,yes,yes,
ARGES,MERISANI,https://www.cjarges.ro/en/web/merisani,,comuna,e-adm,yes,no,,,no,no,feed nu raspunde
ARAD,ALMAS,https://comuna-almas.ro,,comuna,wordpress,yes,no,,,no,no,feed nu raspunde
ARGES,HARTIESTI,https://www.cjarges.ro/en/web/hartiesti,,comuna,e-adm,yes,no,,,no,no,feed nu raspunde
ARGES,COTMEANA,https://www.cjarges.ro/en/web/cotmeana,,comuna,e-adm,yes,no,,,no,no,feed nu raspunde
ARGES,DOBRESTI,https://www.cjarges.ro/en/web/dobresti,,comuna,e-adm,yes,no,,,no,no,feed nu raspunde
ARGES,MARACINENI,https://www.comunamaracineni.ro,https://www.comunamaracineni.ro/feed/,comuna,wordpress,yes,yes,12,2026-08-12,yes,yes,
ARGES,MICESTI,https://www.comunamicesti.ro,https://comunamicesti.ro/feed,comuna,wordpress,yes,yes,10,2026-09-03,yes,yes,
ARGES,OARJA,http://oarjaprimarie.ro,https://oarjaprimarie.ro/feed/,comuna,wordpress,yes,yes,9,2026-06-10,yes,no,
ARGES,MIOARELE,https://www.mioarele.ro,https://mioarele.ro/index.php/feed/,comuna,wordpress,yes,no,,,no,no,feed nu raspunde
ARGES,MUSATESTI,https://primariamusatesti.ro/ro,,comuna,unknown,yes,no,,,no,no,feed nu raspunde
ARGES,ORAS MIOVENI,https://emioveni.ro,https://emioveni.ro/?format=feed&type=rss,oras,joomla,yes,yes,0,,no,no,
ARGES,PRIBOIENI,http://www.priboieni.ro/ag,https://www.priboieni.ro/feed/,comuna,wordpress,yes,yes,1,2026-06-25,yes,no,
ARGES,POIENARII DE MUSCEL,http://www.poienariidemuscel.ro,https://poienariidemuscel.ro/feed/,comuna,wordpress,yes,yes,10,2026-07-02,yes,no,
ARGES,MIROSI,https://www.cjarges.ro/en/web/mirosi,,comuna,e-adm,yes,no,,,no,no,feed nu raspunde
ARGES,PIETROSANI,https://www.primariacomuneipietrosani.ro,https://www.primariacomuneipietrosani.ro/feed/,comuna,wordpress,yes,yes,5,2026-06-16,yes,no,
ARGES,POPESTI,https://www.cjarges.ro/en/web/popesti,,comuna,e-adm,yes,no,,,no,no,feed nu raspunde
ARGES,MALURENI,https://www.cjarges.ro/en/web/malureni,,comuna,e-adm,yes,no,,,no,no,feed nu raspunde
ARGES,SCHITU GOLESTI,http://www.schitugolesti.ro,,comuna,other,yes,no,,,no,no,feed nu raspunde
ARGES,MOZACENI,https://www.cjarges.ro/en/web/mozaceni,,comuna,e-adm,yes,no,,,no,no,feed nu raspunde
ARGES,NUCSOARA,https://www.cjarges.ro/en/web/nucsoara/acasa,,comuna,e-adm,yes,no,,,no,no,feed nu raspunde
ALBA,OHABA,https://www.primariaohaba.ro,,comuna,unknown,no,no,,,no,no,site mort
ARGES,SALATRUCU,https://primariasalatrucu.ro,,comuna,wordpress,yes,no,,,no,no,feed nu raspunde
ARGES,RECEA,https://www.cjarges.ro/en/web/recea,,comuna,e-adm,yes,no,,,no,no,feed nu raspunde
ARGES,RUCAR,https://www.cjarges.ro/en/web/rucar,,comuna,e-adm,yes,no,,,no,no,feed nu raspunde
ARGES,DAVIDESTI,https://www.cjarges.ro/en/web/davidesti,,comuna,e-adm,yes,no,,,no,no,feed nu raspunde
ARGES,STEFAN CEL MARE,https://www.comunastefancelmare.ro,https://www.comunastefancelmare.ro/feed,comuna,wordpress,yes,yes,5,2026-08-28,yes,yes,
ARGES,RACA,https://www.cjarges.ro/en/web/raca,,comuna,e-adm,yes,no,,,no,no,feed nu raspunde
ARGES,SUSENI,https://primaria-suseni.ro,https://primaria-suseni.ro/feed/,comuna,wordpress,yes,yes,8,2024-09-16,no,no,
ARGES,STOLNICI,https://comunastolnici.ro,,comuna,other,yes,no,,,no,no,feed nu raspunde
ARGES,SAPATA,https://www.cjarges.ro/en/web/sapata,,comuna,e-adm,yes,no,,,no,no,feed nu raspunde
ARGES,POIENARII DE ARGES,https://www.cjarges.ro/en/web/poienarii-de-arges,,comuna,e-adm,yes,no,,,no,no,feed nu raspunde
ARGES,MIHAESTI,https://www.cjarges.ro/en/web/mihaesti,,comuna,e-adm,yes,no,,,no,no,feed nu raspunde
ARAD,HASMAS,https://comunahasmas.ro,,comuna,unknown,no,no,,,no,no,site mort
ARGES,SUICI,https://www.cjarges.ro/en/web/suici,,comuna,e-adm,yes,no,,,no,no,feed nu raspunde
ARGES,VALEA DANULUI,https://valeadanului.ro,https://valeadanului.ro/feed/,comuna,wordpress,yes,yes,10,2026-09-01,yes,yes,
ARGES,TEIU,https://www.cjarges.ro/en/web/teiu,,comuna,e-adm,yes,no,,,no,no,feed nu raspunde
ARGES,VALEA IASULUI,https://www.comunavaleaiasului.ro,https://comunavaleaiasului.ro/feed/,comuna,wordpress,yes,yes,10,2026-08-25,yes,yes,
ARGES,STOENESTI,https://primariastoenestiag.ro,https://primariastoenestiag.ro/feed/,comuna,wordpress,yes,yes,10,2026-08-27,yes,yes,
ARGES,TIGVENI,https://www.cjarges.ro/en/web/tigveni,,comuna,e-adm,yes,no,,,no,no,feed nu raspunde
ARGES,UNGHENI,https://N/A,,comuna,unknown,no,no,,,no,no,site mort
ARGES,TITESTI,https://www.cjarges.ro/en/web/titesti,,comuna,e-adm,yes,no,,,no,no,feed nu raspunde
BACAU,MUNICIPIUL BACAU,https://municipiulbacau.ro,https://municipiulbacau.ro/feed/,municipiu,wordpress,yes,yes,10,2026-09-03,yes,yes,
ARGES,VLADESTI,https://www.cjarges.ro/en/web/vladesti,,comuna,e-adm,yes,no,,,no,no,feed nu raspunde
BACAU,ORAS COMANESTI,http://www.primariacomanesti.ro,https://www.primariacomanesti.ro/?format=feed&type=rss,oras,joomla,yes,yes,3,2024-12-05,no,no,
ARGES,MOSOAIA,https://www.cjarges.ro/en/web/mosoaia,,comuna,e-adm,yes,no,,,no,no,feed nu raspunde
ARGES,VALEA MARE PRAVAT,http://www.valeamarepravat.ro,https://valeamarepravat.ro/feed/,comuna,wordpress,yes,no,,,no,no,feed nu raspunde
BACAU,AGAS,http://primaria-agas.ro,https://primaria-agas.ro/feed/,comuna,wordpress,yes,yes,10,2026-09-03,yes,yes,
ARGES,UDA,http://www.primariauda.ro,https://primariauda.ro/feed/,comuna,wordpress,yes,yes,2,2024-08-09,no,no,
BACAU,MUNICIPIUL ONESTI,http://www.onesti.ro,,municipiu,drupal,yes,no,,,no,no,feed nu raspunde
ARGES,VULTURESTI,https://www.cjarges.ro/en/web/vulturesti,,comuna,e-adm,yes,no,,,no,no,feed nu raspunde
BACAU,BERESTI-TAZLAU,http://www.comunaberestitazlau.ro,,comuna,unknown,no,no,,,no,no,site mort
BACAU,ASAU,https://comunaasau.ro/ro,,comuna,unknown,yes,no,,,no,no,feed nu raspunde
BACAU,ORAS DARMANESTI,https://orasuldarmanesti.ro,https://orasuldarmanesti.ro/feed/,oras,other,yes,yes,8,2026-09-03,yes,yes,
ARGES,COCU,https://www.cjarges.ro/en/web/cocu,,comuna,e-adm,yes,no,,,no,no,feed nu raspunde
BACAU,BALCANI,https://www.primaria-balcani.ro,,comuna,joomla,yes,no,,,no,no,feed nu raspunde
BACAU,BERESTI-BISTRITA,http://primariaberestibistrita.ro,https://primariaberestibistrita.ro/feed/,comuna,wordpress,yes,yes,4,2025-08-13,no,no,
BACAU,ORAS SLANIC MOLDOVA,https://primariaslanicmoldova.ro,https://primariaslanicmoldova.ro/feed/,oras,wordpress,yes,yes,10,2023-06-12,no,no,
BACAU,MUNICIPIUL MOINESTI,https://moinesti.ro/ro,https://moinesti.ro/feed,municipiu,other,yes,no,,,no,no,feed nu raspunde
BACAU,ORAS BUHUSI,https://www.primariabuhusi.ro,https://primariabuhusi.ro/feed/,oras,wordpress,yes,yes,10,2026-09-04,yes,yes,
BACAU,BUCIUMI,https://primariabuciumi.ro,https://primariabuciumi.ro/feed/,comuna,wordpress,yes,yes,4,2019-08-05,no,no,
BACAU,BERZUNTI,http://comunaberzunti.ro,https://comunaberzunti.ro/feed/,comuna,other,yes,yes,9,2026-09-03,yes,yes,
BACAU,ARDEOANI,https://comunaardeoani.ro,https://comunaardeoani.ro/feed/,comuna,wordpress,yes,yes,10,2026-08-03,yes,yes,
BACAU,BUHOCI,https://comunabuhoci.ro,https://comunabuhoci.ro/feed/,comuna,wordpress,yes,yes,10,2026-09-01,yes,yes,
BACAU,BRUSTUROASA,https://www.brusturoasa.ro,,comuna,other,yes,no,,,no,no,feed nu raspunde
ARGES,DRAGOSLAVELE,https://www.cjarges.ro/en/web/dragoslavele,,comuna,e-adm,yes,no,,,no,no,feed nu raspunde
ARGES,STALPENI,https://stalpeni.ro,https://stalpeni.ro/feed/,comuna,wordpress,yes,yes,9,2026-05-11,yes,no,
BACAU,ORAS TARGU OCNA,https://orasul-targuocna.ro,https://www.orasul-targuocna.ro/feed/,oras,wordpress,yes,yes,10,2026-08-28,yes,yes,
BACAU,BARSANESTI,https://comunabirsanesti.ro,https://comunabirsanesti.ro/feed/,comuna,wordpress,yes,yes,15,2026-09-01,yes,yes,
BACAU,BOGDANESTI,https://www.primariabogdanestibacau.ro,https://www.primariabogdanestibacau.ro/feed/,comuna,other,yes,yes,9,2026-08-20,yes,yes,
ARGES,IZVORU,https://www.cjarges.ro/en/web/izvoru,,comuna,e-adm,yes,no,,,no,no,feed nu raspunde
BACAU,CORBASCA,https://www.primariacorbasca.ro,https://www.primariacorbasca.ro/feed/,comuna,wordpress,yes,yes,10,2026-02-02,yes,no,
BACAU,DAMIENESTI,https://www.primariadamienesti.judetbacau.ro,,comuna,unknown,no,no,,,no,no,site mort
BACAU,GARLENI,https://primariagarleni.ro,https://primariagarleni.ro/feed/,comuna,wordpress,yes,yes,10,2026-09-03,yes,yes,
BACAU,CASIN,https://comunacasin.ro,https://comunacasin.ro/feed/,comuna,wordpress,yes,yes,10,2026-08-19,yes,yes,
BACAU,CAIUTI,http://www.primariacaiuti.ro,https://www.primariacaiuti.ro/feed,comuna,wordpress,yes,yes,1,2020-03-20,no,no,
BACAU,COLONESTI,https://primaria-colonesti.ro,https://primaria-colonesti.ro/feed/,comuna,other,yes,yes,9,2026-09-03,yes,yes,
BACAU,FILIPENI,https://www.primariafilipeni.ro,https://www.primariafilipeni.ro/feed/,comuna,wordpress,yes,yes,10,2026-08-24,yes,yes,
BACAU,HORGESTI,http://www.comunahorgesti.ro,,comuna,unknown,no,no,,,no,no,site mort
BACAU,CLEJA,https://www.primariacleja.ro,https://primariacleja.ro/feed/,comuna,other,yes,yes,9,2026-08-25,yes,yes,
ARGES,LERESTI,https://www.cjarges.ro/en/web/leresti,,comuna,e-adm,yes,no,,,no,no,feed nu raspunde
BACAU,ITESTI,http://www.primariaitestibacau.ro,,comuna,unknown,no,no,,,no,no,site mort
BACAU,GAICEANA,https://comunagaiceana.ro,https://comunagaiceana.ro/feed/,comuna,wordpress,yes,yes,10,2026-09-02,yes,yes,
BACAU,GURA VAII,https://uatcomunaguravaii.ro,https://uatcomunaguravaii.ro/feed/,comuna,wordpress,yes,yes,10,2026-01-27,yes,no,
BACAU,DEALU MORII,http://www.dealumorii.ro,https://dealumorii.ro/feed/,comuna,wordpress,yes,yes,10,2026-09-04,yes,yes,
BACAU,DOFTEANA,https://www.primariadofteana.ro,https://primariadofteana.ro/feed/,comuna,wordpress,yes,yes,10,2024-11-08,no,no,
BACAU,FILIPESTI,https://www.primaria-filipesti.ro,https://primaria-filipesti.ro/feed/,comuna,other,yes,yes,9,2026-09-01,yes,yes,
BACAU,IZVORU BERHECIULUI,https://primariaizvoruberheciului.ro,,comuna,other,yes,no,,,no,no,feed nu raspunde
BACAU,LETEA VECHE,https://primarialeteaveche.ro,https://primarialeteaveche.ro/feed/,comuna,other,yes,yes,15,2026-08-31,yes,yes,
BACAU,GHIMES-FAGET,http://www.comunaghimes-faget.ro,,comuna,wordpress,yes,no,,,no,no,feed nu raspunde
BACAU,HURUIESTI,http://huruiesti.ro,https://huruiesti.ro/feed/,comuna,other,yes,yes,10,2026-08-28,yes,yes,
BACAU,GIOSENI,https://comunagioseni.ro,https://comunagioseni.ro/feed/,comuna,wordpress,yes,yes,10,2026-08-27,yes,yes,
BACAU,NEGRI,http://www.comunanegri.ro,,comuna,unknown,no,no,,,no,no,site mort
BACAU,FARAOANI,http://www.comunafaraoani.ro,https://comunafaraoani.ro/feed/,comuna,wordpress,yes,yes,20,2026-09-01,yes,yes,
BACAU,HEMEIUS,https://www.primariahemeius.ro,https://primariahemeius.ro/feed/,comuna,wordpress,yes,yes,9,2026-09-02,yes,yes,
BACAU,GLAVANESTI,https://glavanesti.ro,https://glavanesti.ro/feed/,comuna,wordpress,yes,yes,15,2026-08-27,yes,yes,
ARGES,NEGRASI,https://www.cjarges.ro/en/web/negrasi,,comuna,e-adm,yes,no,,,no,no,feed nu raspunde
BACAU,MANASTIREA CASIN,https://www.manastireacasin.ro,https://manastireacasin.ro/feed/,comuna,wordpress,yes,yes,10,2026-09-03,yes,yes,
BACAU,LIPOVA,https://www.comunalipova.ro,https://www.comunalipova.ro/feed/,comuna,wordpress,yes,yes,10,2026-08-24,yes,yes,
BACAU,MAGURA,http://www.primaria-magura.ro,https://primaria-magura.ro/feed/,comuna,e-adm,yes,yes,9,2026-09-04,yes,yes,
BACAU,LIVEZI,https://comunalivezi.ro,https://comunalivezi.ro/feed/,comuna,wordpress,yes,yes,10,2026-09-04,yes,yes,
BACAU,MOTOSENI,http://www.comunamotoseni.ro,https://www.comunamotoseni.ro/feed/,comuna,wordpress,yes,yes,12,2026-07-23,yes,no,
BACAU,MARGINENI,https://primaria-margineni.ro,https://primaria-margineni.ro/feed/,comuna,wordpress,yes,yes,15,2026-09-04,yes,yes,
ARAD,DOROBANTI,https://comuna-dorobanti.ro/ro/bine-ati-venit,https://comuna-dorobanti.ro/ro/feed/,comuna,wordpress,yes,yes,10,2026-08-11,yes,yes,
BACAU,PODU TURCULUI,https://comunapoduturcului.ro,,comuna,unknown,no,no,,,no,no,site mort
ARAD,ZADARENI,https://primariazadareni.ro,,comuna,unknown,yes,no,,,no,no,feed nu raspunde
BACAU,ORBENI,http://primariaorbeni.ro,,comuna,other,yes,no,,,no,no,feed nu raspunde
BACAU,RACACIUNI,http://www.comunaracaciuni.ro,,comuna,other,yes,no,,,no,no,feed nu raspunde
BACAU,PRAJESTI,https://www.primariaprajesti.ro,https://primariaprajesti.ro/feed/,comuna,wordpress,yes,yes,2,2023-08-09,no,no,
ARGES,BUDEASA,https://www.comunabudeasa.ro,,comuna,unknown,yes,no,,,no,no,feed nu raspunde
BACAU,LUIZI-CALUGARA,https://www.comunaluizicalugara.ro,https://comunaluizicalugara.ro/feed/,comuna,other,yes,yes,10,2026-09-03,yes,yes,
BACAU,ODOBESTI,http://www.comuna-odobesti.ro,,comuna,e-adm,yes,no,,,no,no,feed nu raspunde
BACAU,PARINCEA,https://www.parincea.ro,https://www.parincea.ro/feed/,comuna,wordpress,yes,yes,10,2026-04-20,yes,no,
BACAU,PARGARESTI,https://comunapargaresti.ro,https://comunapargaresti.ro/feed/,comuna,e-adm,yes,yes,8,2026-09-02,yes,yes,
BACAU,NICOLAE BALCESCU,https://www.primaria-nicolae-balcescu.ro,https://primaria-nicolae-balcescu.ro/feed/,comuna,other,yes,yes,9,2026-08-31,yes,yes,
BACAU,PARJOL,https://primaria-pirjol.ro,https://primaria-pirjol.ro/feed/,comuna,wordpress,yes,yes,15,2026-09-03,yes,yes,
BACAU,PODURI,http://www.primariapoduri.ro,https://primariapoduri.ro/feed/,comuna,other,yes,yes,9,2026-09-01,yes,yes,
BACAU,PALANCA,http://comunapalanca.ro,https://comunapalanca.ro/feed/,comuna,wordpress,yes,yes,10,2026-08-06,yes,yes,
BACAU,STANISESTI,https://primariastanisesti.ro,,comuna,unknown,yes,no,,,no,no,feed nu raspunde
BACAU,PARAVA,http://www.primariaparava.ro,https://primariaparava.ro/feed/,comuna,wordpress,yes,yes,9,2026-08-17,yes,yes,
BACAU,ONCESTI,https://comunaoncesti.ro,https://comunaoncesti.ro/feed/,comuna,wordpress,yes,yes,15,2026-09-04,yes,yes,
BACAU,OITUZ,https://primariaoituz.ro,https://primariaoituz.ro/feed/,comuna,wordpress,yes,yes,15,2026-09-03,yes,yes,
BACAU,STEFAN CEL MARE,https://www.comunastefancelmare.ro,https://www.comunastefancelmare.ro/feed,comuna,wordpress,yes,yes,5,2026-08-28,yes,yes,
BACAU,MAGIRESTI,https://magiresti.ro,https://magiresti.ro/feed/,comuna,wordpress,yes,yes,10,2026-08-10,yes,yes,
BACAU,RACHITOASA,http://www.primariarachitoasa.ro,https://www.primariarachitoasa.ro/feed/,comuna,wordpress,yes,yes,12,2026-08-18,yes,yes,
BACAU,STRUGARI,http://www.primariastrugari.ro,https://primariastrugari.ro/feed/,comuna,wordpress,yes,yes,10,2026-07-09,yes,no,
ARGES,COSESTI,http://comunacosesti.ro,,comuna,unknown,yes,no,,,no,no,feed nu raspunde
BACAU,SAUCESTI,https://www.primariasaucesti.ro,https://primariasaucesti.ro/feed/,comuna,other,yes,yes,9,2026-07-03,yes,no,
ARGES,RATESTI,https://www.cjarges.ro/en/web/ratesti,,comuna,e-adm,yes,no,,,no,no,feed nu raspunde
ARGES,VEDEA,https://www.cjarges.ro/en/web/vedea,,comuna,e-adm,yes,no,,,no,no,feed nu raspunde
BACAU,RACOVA,http://primariaracova.ro,https://primariaracova.ro/feed/,comuna,wordpress,yes,yes,10,2026-07-27,yes,no,
BACAU,SARATA,https://www.comuna-sarata.ro,https://comuna-sarata.ro/feed/,comuna,e-adm,yes,yes,12,2026-09-04,yes,yes,
BACAU,SANDULENI,https://www.primariasanduleni.ro,https://primariasanduleni.ro/feed/,comuna,other,yes,yes,8,2026-09-04,yes,yes,
BACAU,SECUIENI,https://primariasecuienibacau.ro,https://primariasecuienibacau.ro/feed/,comuna,wordpress,yes,yes,4,2024-11-21,no,no,
BACAU,ROSIORI,http://www.comunarosiori.ro,,comuna,wordpress,yes,no,,,no,no,feed nu raspunde
BACAU,SOLONT,https://www.comunasolont.ro,https://comunasolont.ro/feed/,comuna,other,yes,yes,9,2026-08-31,yes,yes,
BACAU,SASCUT,https://www.primaria-sascut.ro,https://www.primaria-sascut.ro/feed/,comuna,wordpress,yes,yes,0,,no,no,
ARGES,SLOBOZIA,https://www.cjarges.ro/en/web/slobozia,,comuna,e-adm,yes,no,,,no,no,feed nu raspunde
BACAU,PANCESTI,http://www.comunapincesti.ro,https://comunapincesti.ro/feed/,comuna,other,yes,yes,9,2026-08-28,yes,yes,
BACAU,TRAIAN,http://www.primariatraianbacau.ro,https://primariatraianbacau.ro/feed/,comuna,other,yes,yes,9,2026-08-07,yes,yes,
ARAD,BELIU,https://beliu.ro,,comuna,wordpress,yes,no,,,no,no,feed nu raspunde
BACAU,URECHESTI,https://primaria-urechesti.ro,https://primaria-urechesti.ro/feed/,comuna,wordpress,yes,yes,10,2026-08-19,yes,yes,
ARAD,ARCHIS,https://archis-arad.ro,,comuna,wordpress,yes,no,,,no,no,feed nu raspunde
BACAU,COTOFANESTI,https://comunacotofanesti.ro,https://comunacotofanesti.ro/feed/,comuna,other,yes,yes,9,2026-08-12,yes,yes,
BACAU,TAMASI,https://www.comunatamasi.ro,https://comunatamasi.ro/feed/,comuna,wordpress,yes,yes,10,2026-09-02,yes,yes,
ARGES,POIANA LACULUI,https://www.poianalacului.ro,,comuna,unknown,yes,no,,,no,no,feed nu raspunde
BACAU,HELEGIU,https://helegiu.ro,https://helegiu.ro/feed/,comuna,wordpress,yes,yes,3,2026-09-04,yes,yes,
BIHOR,BIHARIA,https://e.comunabiharia.ro,,comuna,unknown,no,no,,,no,no,site mort
BACAU,BLAGESTI,https://www.primaria-blagesti.net,,comuna,other,yes,no,,,no,no,feed nu raspunde
BIHOR,ABRAMUT,http://comuna-abramut.ro,,comuna,unknown,no,no,,,no,no,site mort
BIHOR,MUNICIPIUL MARGHITA,https://marghita.ro,https://marghita.ro/feed/,municipiu,wordpress,yes,yes,10,2026-09-01,yes,yes,
BIHOR,MUNICIPIUL ORADEA,http://www.oradea.ro,,municipiu,unknown,yes,no,,,no,no,feed nu raspunde
BIHOR,ORAS ALESD,https://www.alesd-bihor.ro,,oras,unknown,yes,no,,,no,no,feed nu raspunde
BIHOR,ORAS NUCET,http://www.primarianucet.ro,,oras,unknown,yes,no,,,no,no,feed nu raspunde
BIHOR,ORAS SACUENI,https://www.sacueni.ro,,oras,unknown,yes,no,,,no,no,feed nu raspunde
BIHOR,MUNICIPIUL BEIUS,https://www.primariabeius.ro,,municipiu,unknown,no,no,,,no,no,site mort
BIHOR,BUDUREASA,https://budureasa.ro,,comuna,e-adm,yes,no,,,no,no,feed nu raspunde
BACAU,VULTURENI,http://www.comunavultureni.ro,,comuna,other,yes,no,,,no,no,feed nu raspunde
BIHOR,ORAS VALEA LUI MIHAI,http://www.valealuimihai.ro,,oras,unknown,yes,no,,,no,no,feed nu raspunde
BIHOR,CABESTI,https://cabesti-bh.ro,,comuna,unknown,no,no,,,no,no,site mort
BIHOR,ASTILEU,http://www.primaria-astileu.ro,https://www.primaria-astileu.ro/feed/,comuna,wordpress,yes,yes,10,2026-07-29,yes,no,
BIHOR,CAMPANI,http://www.primariacomuneicimpani.ro,,comuna,unknown,no,no,,,no,no,site mort
BIHOR,ORAS VASCAU,https://www.primaria-vascau.ro,,oras,e-adm,yes,no,,,no,no,feed nu raspunde
BIHOR,ABRAM,https://abram.ro,,comuna,wordpress,yes,no,,,no,no,feed nu raspunde
BIHOR,BOROD,https://www.comunaborod.ro,,comuna,unknown,no,no,,,no,no,site mort
BIHOR,BORS,https://primariabors.ro,https://primariabors.ro/feed/,comuna,wordpress,yes,yes,10,2026-03-19,yes,no,
BIHOR,CIUHOI,https://www.saniob.ro,,comuna,unknown,yes,no,,,no,no,feed nu raspunde
BIHOR,MUNICIPIUL SALONTA,https://salonta.net,https://salonta.net/ro/feed/,municipiu,wordpress,yes,yes,10,2026-08-31,yes,yes,
BIHOR,CETARIU,https://www.cetariu.ro,,comuna,other,yes,no,,,no,no,feed nu raspunde
BACAU,VALEA SEACA,https://primaria-valeaseaca.ro,https://primaria-valeaseaca.ro/feed/,comuna,wordpress,yes,yes,10,2026-07-17,yes,no,
BACAU,ZEMES,http://zemes.ro,,comuna,joomla,yes,no,,,no,no,feed nu raspunde
ARAD,MONEASA,https://primariamoneasa.ro,,comuna,wordpress,yes,no,,,no,no,feed nu raspunde
BACAU,SCORTENI,https://comunascorteni.ro,https://comunascorteni.ro/feed/,comuna,wordpress,yes,yes,10,2026-09-02,yes,yes,
BIHOR,CHISLAZ,http://chislaz.ro,,comuna,unknown,yes,no,,,no,no,feed nu raspunde
BACAU,TARGU TROTUS,http://www.primariatgtrotus.ro,https://primariatgtrotus.ro/feed/,comuna,wordpress,yes,yes,10,2026-07-31,yes,no,
BIHOR,CEFA,https://e.cefa-bh.ro,,comuna,unknown,no,no,,,no,no,site mort
BIHOR,BRUSTURI,http://www.primariabrusturi.ro,https://primariabrusturi.ro/feed/,comuna,wordpress,yes,yes,6,2025-02-03,no,no,
ARGES,ROCIU,https://www.cjarges.ro/en/web/rociu,,comuna,e-adm,yes,no,,,no,no,feed nu raspunde
BIHOR,CURATELE,https://e.curatele.ro,,comuna,unknown,no,no,,,no,no,site mort
BIHOR,BRATCA,https://www.primaria-bratca.ro,https://www.primaria-bratca.ro/feed/,comuna,wordpress,yes,yes,10,2026-09-02,yes,yes,
BIHOR,DRAGESTI,https://e.primariadragesti.ro,,comuna,unknown,no,no,,,no,no,site mort
BIHOR,FINIS,http://www.primariafinis.bihor.ro,,comuna,unknown,no,no,,,no,no,site mort
BIHOR,HIDISELU DE SUS,http://www.primaria-hidiseludesus.ro,,comuna,unknown,no,no,,,no,no,site mort
BIHOR,DRAGANESTI,https://draganestibihor.ro,https://draganestibihor.ro/feed/,comuna,wordpress,yes,yes,1,2022-05-12,no,no,
BIHOR,CEICA,https://www.ceica.ro,,comuna,other,yes,no,,,no,no,feed nu raspunde
BIHOR,INEU,https://e.ineu-bh.ro,,comuna,unknown,no,no,,,no,no,site mort
BIHOR,LAZURI DE BEIUS,https://e.lazuridebeius.ro,,comuna,unknown,no,no,,,no,no,site mort
BIHOR,AVRAM IANCU,http://www.primaria-avram-iancu.ro,https://primaria-avram-iancu.ro/feed/,comuna,wordpress,yes,yes,10,2026-07-21,yes,no,
BIHOR,DERNA,http://www.derna.ro,,comuna,other,yes,no,,,no,no,feed nu raspunde
BIHOR,MADARAS,https://e.madaras-bh.ro,,comuna,unknown,no,no,,,no,no,site mort
BIHOR,HOLOD,https://e.holod.ro,,comuna,unknown,no,no,,,no,no,site mort
ARAD,MISCA,https://misca.ro,,comuna,wordpress,yes,no,,,no,no,feed nu raspunde
BIHOR,COPACEL,http://www.copacel-bihor.ro,,comuna,unknown,no,no,,,no,no,site mort
BIHOR,LUNCA,https://www.comunaluncabh.ro,,comuna,unknown,no,no,,,no,no,site mort
BIHOR,PALEU,https://e.paleu.ro,,comuna,unknown,no,no,,,no,no,site mort
BIHOR,GIRISU DE CRIS,https://www.girisudecris.ro,,comuna,other,yes,no,,,no,no,feed nu raspunde
BIHOR,CARPINET,http://www.primaria-carpinet.ro,,comuna,e-adm,yes,no,,,no,no,feed nu raspunde
BIHOR,POMEZEU,http://www.pomezeu.ro,,comuna,unknown,no,no,,,no,no,site mort
BIHOR,POPESTI,http://comunapopesti-bh.ro,,comuna,unknown,no,no,,,no,no,site mort
BIHOR,RABAGANI,http://rabagani.ro,,comuna,unknown,no,no,,,no,no,site mort
BIHOR,ORAS STEI,https://www.primariastei.ro,https://primariastei.ro/rss.xml,oras,drupal,yes,yes,10,2026-09-04,yes,yes,
BIHOR,BOIANU MARE,https://www.comuna-boianumare.ro,https://www.comuna-boianumare.ro/feed/,comuna,wordpress,yes,yes,1,2015-04-20,no,no,
BIHOR,GEPIU,http://www.comuna-gepiu.ro,https://www.comuna-gepiu.ro/feed/,comuna,wordpress,yes,yes,1,2017-06-07,no,no,
BIHOR,ROSIA,https://e.comunarosiabihor.ro,,comuna,unknown,no,no,,,no,no,site mort
BIHOR,BALC,https://comunabalc.ro,https://comunabalc.ro/feed/,comuna,wordpress,yes,yes,10,2026-09-04,yes,yes,
BIHOR,LUGASU DE JOS,https://lugasudejos.ro,https://lugasudejos.ro/feed/,comuna,wordpress,yes,yes,0,,no,no,
BIHOR,ROSIORI,https://www.rosiori.ro,,comuna,other,yes,no,,,no,no,feed nu raspunde
BACAU,TATARASTI,http://www.comunatatarasti.ro,https://comunatatarasti.ro/feed/,comuna,e-adm,yes,yes,6,2026-08-27,yes,yes,
BIHOR,CRISTIORU DE JOS,http://primariacristiorudejos.ro,https://primariacristiorudejos.ro/feed/,comuna,wordpress,yes,yes,0,,no,no,
BIHOR,SANNICOLAU ROMAN,http://e.sinnicolauroman.ro,,comuna,unknown,no,no,,,no,no,site mort
BIHOR,SALARD,http://www.salard.ro,,comuna,e-adm,yes,no,,,no,no,feed nu raspunde
BIHOR,SARBI,http://www.primariasarbi.ro,,comuna,unknown,no,no,,,no,no,site mort
BIHOR,NOJORID,https://www.primarianojorid.ro,,comuna,other,yes,no,,,no,no,feed nu raspunde
BACAU,UNGURENI,http://primaria-ungureni.ro,https://www.primaria-ungureni.ro/rss.xml,comuna,wordpress,yes,yes,0,,no,no,
BIHOR,SINTEU,https://www.primariasinteu.bihor.ro,,comuna,unknown,no,no,,,no,no,site mort
BIHOR,RIENI,http://www.primariarieni.ro,https://primariarieni.ro/feed/,comuna,wordpress,yes,yes,1,2023-09-08,no,no,
BIHOR,SUNCUIUS,http://suncuius-bihor.ro,,comuna,unknown,no,no,,,no,no,site mort
BIHOR,SPINUS,http://www.primaria-spinus.ro,,comuna,unknown,no,no,,,no,no,site mort
BIHOR,SAMBATA,https://primaria-sambata.ro,https://primaria-sambata.ro/feed/,comuna,wordpress,yes,yes,0,,no,no,
BIHOR,SANTANDREI,https://www.primariasantandrei.ro,,comuna,other,yes,no,,,no,no,feed nu raspunde
BIHOR,PIETROASA,https://www.primariapietroasabh.ro,https://primariapietroasabh.ro/feed/,comuna,wordpress,yes,yes,10,2024-03-29,no,no,
BIHOR,LAZARENI,https://primarialazareni.ro,,comuna,wordpress,yes,no,,,no,no,feed nu raspunde
BIHOR,COCIUBA MARE,http://www.primariacociubamare.ro,https://primariacociubamare.ro/feed/,comuna,wordpress,yes,yes,0,,no,no,
BIHOR,TAMASEU,http://www.tamaseu.ro,,comuna,other,yes,no,,,no,no,feed nu raspunde
BIHOR,TARCEA,https://www.tarcea.ro,,comuna,unknown,yes,no,,,no,no,feed nu raspunde
BIHOR,SUPLACU DE BARCAU,http://www.suplacudebarcau.ro,,comuna,other,yes,no,,,no,no,feed nu raspunde
BIHOR,SALACEA,https://www.salacea.ro,https://salacea.ro/feed/,comuna,wordpress,yes,yes,10,2026-08-28,yes,yes,
BIHOR,TULCA,http://www.primariatulca.bihor.ro,,comuna,unknown,no,no,,,no,no,site mort
BIHOR,TOBOLIU,https://e.toboliu.ro,,comuna,unknown,no,no,,,no,no,site mort
BIHOR,TARCAIA,http://www.tarcaia.ro,,comuna,other,yes,no,,,no,no,feed nu raspunde
BIHOR,VIISOARA,http://www.primariaviisoarabh.ro,,comuna,unknown,no,no,,,no,no,site mort
BIHOR,BUNTESTI,https://e.comunabuntesti.ro,,comuna,unknown,no,no,,,no,no,site mort
BIHOR,SANMARTIN,https://sanmartin.ro,https://sanmartin.ro/feed/,comuna,wordpress,yes,yes,9,2026-06-25,yes,no,
BIHOR,AUSEU,https://www.auseu.ro,,comuna,other,yes,no,,,no,no,feed nu raspunde
BACAU,PLOPANA,http://www.comunaplopana.ro,,comuna,unknown,yes,no,,,no,no,feed nu raspunde
BISTRITA-NASAUD,BISTRITA BARGAULUI,http://www.primariabistritabirgaului.ro/ro,,comuna,e-adm,yes,no,,,no,no,feed nu raspunde
BISTRITA-NASAUD,BRANISTEA,http://branisteabn.ro,https://branisteabn.ro/feed/,comuna,wordpress,yes,yes,10,2026-07-24,yes,no,
BIHOR,UILEACU DE BEIUS,https://www.uileacudebeius.ro,,comuna,other,yes,no,,,no,no,feed nu raspunde
BIHOR,VADU CRISULUI,https://www.primaria-vaducrisului.ro,,comuna,other,yes,no,,,no,no,feed nu raspunde
BISTRITA-NASAUD,BUDESTI,https://comunabudesti.ro,,comuna,unknown,no,no,,,no,no,site mort
BIHOR,OSORHEI,https://primaria-osorhei.ro,,comuna,wordpress,yes,no,,,no,no,feed nu raspunde
BIHOR,SOIMI,http://www.comunasoimi.ro,https://www.comunasoimi.ro/?feed=rss2,comuna,wordpress,yes,yes,2,2026-04-23,yes,no,
BISTRITA-NASAUD,BUDACU DE JOS,http://www.budacudejos.ro,,comuna,other,yes,no,,,no,no,feed nu raspunde
BISTRITA-NASAUD,CETATE,http://www.primaria-cetate.ro,,comuna,other,yes,no,,,no,no,feed nu raspunde
BIHOR,TILEAGD,https://tileagd.ro,https://tileagd.ro/feed/,comuna,wordpress,yes,yes,5,2023-09-15,no,no,
BISTRITA-NASAUD,MUNICIPIUL BISTRITA,https://www.primariabistrita.ro,https://primariabistrita.ro/feed/,municipiu,wordpress,yes,yes,10,2026-09-03,yes,yes,
BIHOR,MAGESTI,https://www.primariamagesti.ro,https://primariamagesti.ro/feed/,comuna,wordpress,yes,yes,10,2026-08-05,yes,yes,
BISTRITA-NASAUD,CHIUZA,https://chiuza.ro,https://chiuza.ro/feed/,comuna,wordpress,yes,yes,10,2026-08-25,yes,yes,
BISTRITA-NASAUD,ORAS BECLEAN,http://primariabeclean.ro/web,https://primariabeclean.ro/web/feed/,oras,wordpress,yes,yes,10,2026-09-04,yes,yes,
BISTRITA-NASAUD,DUMITRITA,http://www.dumitrita.ro,,comuna,other,yes,no,,,no,no,feed nu raspunde
BISTRITA-NASAUD,FELDRU,https://feldru.ro,,comuna,other,yes,no,,,no,no,feed nu raspunde
BIHOR,TAUTEU,http://comunatauteu.ro,https://comunatauteu.ro/feed/,comuna,wordpress,yes,yes,1,2012-01-04,no,no,
BISTRITA-NASAUD,ILVA MARE,http://primariailvamare.ro,https://primariailvamare.ro/?feed=rss2,comuna,wordpress,yes,yes,1,2019-11-15,no,no,
BISTRITA-NASAUD,GALATII BISTRITEI,http://www.galatiibistritei.ro,,comuna,unknown,yes,no,,,no,no,feed nu raspunde
BIHOR,TETCHEA,https://www.tetchea.ro,,comuna,other,yes,no,,,no,no,feed nu raspunde
BISTRITA-NASAUD,CHIOCHIS,https://www.chiochis.ro,,comuna,other,yes,no,,,no,no,feed nu raspunde
BIHOR,SIMIAN,http://www.simian.ro,https://simian.ro/feed/,comuna,wordpress,yes,yes,0,,no,no,
BISTRITA-NASAUD,LECHINTA,http://www.primarialechinta.ro,,comuna,other,yes,no,,,no,no,feed nu raspunde
BISTRITA-NASAUD,LESU,https://www.primarialesu.ro,,comuna,other,yes,no,,,no,no,feed nu raspunde
BISTRITA-NASAUD,CAIANU MIC,https://primariacomuneicaianumic.ro,,comuna,other,yes,no,,,no,no,feed nu raspunde
BISTRITA-NASAUD,LIVEZILE,http://www.primarialivezilebn.ro,,comuna,other,yes,no,,,no,no,feed nu raspunde
BISTRITA-NASAUD,LUNCA ILVEI,http://www.primarialuncailvei.ro/ro,,comuna,e-adm,yes,no,,,no,no,feed nu raspunde
BISTRITA-NASAUD,MAIERU,http://www.primariamaieru.ro/ro,,comuna,e-adm,yes,no,,,no,no,feed nu raspunde
BISTRITA-NASAUD,ILVA MICA,http://www.ilvamica.ro,,comuna,e-adm,yes,no,,,no,no,feed nu raspunde
BISTRITA-NASAUD,MILAS,http://comunamilas.ro/wp,,comuna,unknown,yes,no,,,no,no,feed nu raspunde
BISTRITA-NASAUD,COSBUC,https://primariacosbuc.ro,https://primariacosbuc.ro/feed/,comuna,wordpress,yes,yes,5,2026-02-18,yes,no,
BISTRITA-NASAUD,MICESTII DE CAMPIE,https://micestiidecampie.ro,,comuna,other,yes,no,,,no,no,feed nu raspunde
BISTRITA-NASAUD,MATEI,https://comunamatei.ro,,comuna,wordpress,yes,no,,,no,no,feed nu raspunde
BISTRITA-NASAUD,JOSENII BARGAULUI,http://joseniibirgaului.ro,https://joseniibirgaului.ro/feed/,comuna,wordpress,yes,yes,0,,no,no,
BIHOR,TINCA,https://www.comuna-tinca.ro,https://comuna-tinca.ro/feed/,comuna,wordpress,yes,no,0,,no,no,feed nu raspunde
BISTRITA-NASAUD,CICEU - MIHAIESTI,https://primariacm.ro,,comuna,other,yes,no,,,no,no,feed nu raspunde
BISTRITA-NASAUD,MAGURA ILVEI,http://www.magurailvei.ro/ro,,comuna,unknown,yes,no,,,no,no,feed nu raspunde
BIHOR,BATAR,https://www.primariabatar.ro,,comuna,joomla,yes,no,,,no,no,feed nu raspunde
BISTRITA-NASAUD,MARISELU,https://www.comunamariselu.ro,,comuna,other,yes,no,,,no,no,feed nu raspunde
BISTRITA-NASAUD,POIANA ILVEI,http://www.poianailvei.ro,,comuna,other,yes,no,,,no,no,feed nu raspunde
BISTRITA-NASAUD,NEGRILESTI,http://www.primariacomuneinegrilesti.ro,https://www.primariacomuneinegrilesti.ro/feed/,comuna,wordpress,yes,yes,1,2026-06-25,yes,no,
BISTRITA-NASAUD,ORAS NASAUD,http://www.primarianasaud.ro,,oras,unknown,yes,no,,,no,no,feed nu raspunde
BISTRITA-NASAUD,ORAS SANGEORZ-BAI,http://www.singeorz-bai.ro,,oras,unknown,yes,no,,,no,no,feed nu raspunde
BISTRITA-NASAUD,SANMIHAIU DE CIMPIE,https://www.sinmihaiudecimpie.ro,,comuna,unknown,no,no,,,no,no,site mort
BISTRITA-NASAUD,SALVA,https://primariasalva.ro,https://primariasalva.ro/feed/,comuna,wordpress,yes,yes,10,2026-06-17,yes,no,
BISTRITA-NASAUD,SIEU-MAGHERUS,http://www.sieu-magherus.ro,,comuna,unknown,no,no,,,no,no,site mort
BISTRITA-NASAUD,REBRA,http://www.primariarebra.ro,,comuna,e-adm,yes,no,,,no,no,feed nu raspunde
BISTRITA-NASAUD,REBRISOARA,http://www.primariarebrisoara.ro,,comuna,other,yes,no,,,no,no,feed nu raspunde
BISTRITA-NASAUD,PRUNDU BARGAULUI,http://www.prundubargaului.ro,https://www.prundubargaului.ro/feed/,comuna,wordpress,yes,yes,10,2026-08-31,yes,yes,
BISTRITA-NASAUD,SIEUT,http://www.primariasieut.ro,,comuna,other,yes,no,,,no,no,feed nu raspunde
BISTRITA-NASAUD,SILIVASU DE CIMPIE,https://N/A,,comuna,unknown,no,no,,,no,no,site mort
BISTRITA-NASAUD,DUMITRA,http://www.primariadumitra.ro,https://www.primariadumitra.ro/feed,comuna,wordpress,yes,yes,0,,no,no,
BISTRITA-NASAUD,TEACA,http://www.primariateaca.ro,,comuna,unknown,yes,no,,,no,no,feed nu raspunde
BISTRITA-NASAUD,SPERMEZEU,https://N/A,,comuna,unknown,no,no,,,no,no,site mort
BISTRITA-NASAUD,PARVA,http://www.primariaparva.ro,,comuna,unknown,yes,no,,,no,no,feed nu raspunde
BISTRITA-NASAUD,PETRU RARES,https://www.primaria-petrurares.ro,,comuna,unknown,yes,no,,,no,no,feed nu raspunde
BISTRITA-NASAUD,SIEU,http://www.comunasieu.ro,,comuna,other,yes,no,,,no,no,feed nu raspunde
BISTRITA-NASAUD,TARLISUA,https://primariatarlisua.ro,https://primariatarlisua.ro/feed/,comuna,wordpress,yes,yes,10,2020-08-31,no,no,
BISTRITA-NASAUD,NUSENI,https://comunanuseni.ro,https://comunanuseni.ro/feed,comuna,wordpress,yes,yes,0,,no,no,
BISTRITA-NASAUD,SANT,http://www.comunasant.ro/ro,https://comunasant.ro/feed/,comuna,wordpress,yes,yes,0,,no,no,
BIHOR,CHERECHIU,http://cherechiu.ro,,comuna,unknown,no,no,,,no,no,site mort
BIHOR,CAPALNA,http://www.primaria-capilnabh.ro,,comuna,unknown,no,no,,,no,no,site mort
BIHOR,CIUMEGHIU,http://www.comunaciumeghiu.ro,,comuna,unknown,no,no,,,no,no,site mort
BISTRITA-NASAUD,ZAGRA,https://www.primariazagra.ro,,comuna,other,yes,no,,,no,no,feed nu raspunde
BISTRITA-NASAUD,RODNA,https://comunarodna.ro,https://comunarodna.ro/feed/,comuna,wordpress,yes,yes,10,2025-07-17,no,no,
BISTRITA-NASAUD,URMENIS,https://www.primariaurmenis.ro,,comuna,wordpress,yes,no,,,no,no,feed nu raspunde
BISTRITA-NASAUD,CICEU-GIURGESTI,http://www.primariaciceugiurgesti.ro,https://www.primariaciceugiurgesti.ro/feed/,comuna,wordpress,yes,yes,2,2022-03-01,no,no,
BISTRITA-NASAUD,TELCIU,https://telciu.ro,,comuna,other,yes,no,,,no,no,feed nu raspunde
BOTOSANI,MUNICIPIUL DOROHOI,http://www.primariadorohoi.ro,https://www.primariadorohoi.ro/index.php?format=feed&type=rss,municipiu,joomla,yes,yes,10,2026-09-04,yes,yes,
BIHOR,BUDUSLAU,https://www.buduslau.ro,,comuna,unknown,no,no,,,no,no,site mort
BIHOR,BULZ,https://www.comunabulz.ro,,comuna,unknown,no,no,,,no,no,site mort
BISTRITA-NASAUD,RUNCU SALVEI,https://primariaruncusalvei.ro,,comuna,unknown,yes,no,,,no,no,feed nu raspunde
BISTRITA-NASAUD,MONOR,https://www.comunamonor.ro,,comuna,other,yes,no,,,no,no,feed nu raspunde
BISTRITA-NASAUD,ROMULI,https://primariaromuli.ro,,comuna,other,yes,no,,,no,no,feed nu raspunde
BOTOSANI,BALUSENI,https://www.primariabaluseni.ro,,comuna,unknown,no,no,,,no,no,site mort
BOTOSANI,ORAS DARABANI,https://www.primariadarabani.ro,https://www.primariadarabani.ro/feed/,oras,wordpress,yes,yes,2,2025-05-28,no,no,
BOTOSANI,CORDARENI,http://cordareni.botosani.ro,,comuna,unknown,no,no,,,no,no,site mort
BISTRITA-NASAUD,URIU,http://www.primariauriu.ro,,comuna,e-adm,yes,no,,,no,no,feed nu raspunde
BIHOR,OLCEA,https://comunaolcea.ro,,comuna,unknown,no,no,,,no,no,site mort
BOTOSANI,CANDESTI,https://candestibt.ro,https://candestibt.ro/feed/,comuna,wordpress,yes,yes,0,,no,no,
BOTOSANI,CONCESTI,https://primariaconcesti.ro,,comuna,wordpress,yes,no,,,no,no,feed nu raspunde
BOTOSANI,COPALAU,http://www.copalau.ro,,comuna,other,yes,no,,,no,no,feed nu raspunde
BOTOSANI,ORAS BUCECEA,http://www.primariabucecea.ro,https://primariabucecea.ro/feed,oras,wordpress,yes,yes,7,2026-09-03,yes,yes,
BOTOSANI,MUNICIPIUL BOTOSANI,https://www.primariabt.ro,,municipiu,unknown,yes,no,,,no,no,feed nu raspunde
BOTOSANI,CRISTESTI,http://cristesti.botosani.ro,,comuna,unknown,no,no,,,no,no,site mort
BIHOR,POCOLA,https://primariapocola.ro,,comuna,unknown,no,no,,,no,no,site mort
BOTOSANI,ORAS FLAMANZI,http://www.primariaflamanzi.ro,,oras,unknown,yes,no,,,no,no,feed nu raspunde
BIHOR,REMETEA,https://remetea-bh.ro,,comuna,unknown,no,no,,,no,no,site mort
BOTOSANI,AVRAMENI,https://www.avrameni.ro,,comuna,other,yes,no,,,no,no,feed nu raspunde
BOTOSANI,BLANDESTI,http://www.comunablandesti.ro,,comuna,other,yes,no,,,no,no,feed nu raspunde
BOTOSANI,ADASENI,http://www.adaseni.ro,,comuna,other,yes,no,,,no,no,feed nu raspunde
BIHOR,CURTUISENI,http://www.curtuiseni.ro,,comuna,unknown,no,no,,,no,no,site mort
BOTOSANI,COSULA,http://www.primariacosula.ro,,comuna,other,yes,no,,,no,no,feed nu raspunde
BOTOSANI,CORLATENI,http://www.primaria-corlateni.ro,https://primaria-corlateni.ro/feed/,comuna,wordpress,yes,yes,0,,no,no,
BOTOSANI,DIMACHENI,https://www.primaria-dimacheni.ro,,comuna,other,yes,no,,,no,no,feed nu raspunde
BOTOSANI,DERSCA,http://www.comunadersca.ro,,comuna,other,yes,no,,,no,no,feed nu raspunde
BOTOSANI,ORAS SAVENI,http://primariasaveni.ro,https://primariasaveni.ro/feed/,oras,wordpress,yes,yes,10,2021-11-24,no,no,
BOTOSANI,HUDESTI,https://primariahudesti.ro,,comuna,unknown,no,no,,,no,no,site mort
BIHOR,SACADAT,https://sacadat.ro,,comuna,unknown,no,no,,,no,no,site mort
BOTOSANI,CRISTINESTI,https://www.primariacristinesti.ro,,comuna,unknown,no,no,,,no,no,site mort
BIHOR,HUSASAU DE TINCA,https://primariahusasaudetinca.ro,,comuna,unknown,no,no,,,no,no,site mort
BOTOSANI,BROSCAUTI,http://www.primaria-broscauti.ro,https://www.primaria-broscauti.ro/feed/,comuna,wordpress,yes,yes,2,2022-04-27,no,no,
BOTOSANI,DOBARCENI,http://comunadobarceni.ro,https://comunadobarceni.ro/feed/,comuna,wordpress,yes,yes,10,2026-08-24,yes,yes,
BOTOSANI,MIHAI EMINESCU,http://mihaieminescu.botosani.ro,,comuna,unknown,no,no,,,no,no,site mort
BOTOSANI,IBANESTI,http://consiliulibanesti.ro,https://consiliulibanesti.ro/feed/,comuna,wordpress,yes,yes,10,2026-09-01,yes,yes,
BISTRITA-NASAUD,SIEU-ODORHEI,https://sieuodorhei.ro,,comuna,other,yes,no,,,no,no,feed nu raspunde
BOTOSANI,HANESTI,http://comunahanesti.ro,https://comunahanesti.ro/index.php?format=feed&type=rss,comuna,joomla,yes,yes,0,,no,no,
BOTOSANI,ORAS STEFANESTI,https://orasulstefanesti-bt.ro,https://orasulstefanesti-bt.ro/feed/,oras,wordpress,yes,yes,10,2026-09-02,yes,yes,
BISTRITA-NASAUD,SINTEREAG,http://primariasintereag.ro,,comuna,other,yes,no,,,no,no,feed nu raspunde
BOTOSANI,HLIPICENI,http://hlipiceni.botosani.ro,https://hlipiceni.botosani.ro/feed,comuna,wordpress,yes,yes,5,2026-05-05,yes,no,
BOTOSANI,CALARASI,http://primariacalarasibt.ro,https://primariacalarasibt.ro/feed/,comuna,wordpress,yes,yes,3,2023-12-15,no,no,
BOTOSANI,MIHALASENI,https://www.mihalaseni.ro,https://mihalaseni.ro/nou/feed/,comuna,wordpress,yes,yes,10,2026-08-14,yes,yes,
BOTOSANI,DANGENI,http://primariadingeni.ro,https://primariadingeni.ro/feed/,comuna,wordpress,yes,yes,2,2021-12-08,no,no,
BOTOSANI,MITOC,http://www.primariamitoc.ro,,comuna,other,yes,no,,,no,no,feed nu raspunde
BOTOSANI,RAUSENI,http://rauseni.botosani.ro,,comuna,unknown,no,no,,,no,no,site mort
BOTOSANI,RIPICENI,http://www.comunaripiceni.ro,,comuna,unknown,no,no,,,no,no,site mort
BOTOSANI,ROMA,https://roma.botosani.ro,,comuna,unknown,no,no,,,no,no,site mort
BOTOSANI,POMARLA,https://www.pomarla.ro,https://www.pomarla.ro/?feed=rss2,comuna,wordpress,yes,yes,10,2026-08-03,yes,yes,
BOTOSANI,RACHITI,http://primariarachiti.ro/index.php/primaria-rachiti-26,,comuna,joomla,yes,no,,,no,no,feed nu raspunde
BOTOSANI,RADAUTI-PRUT,https://www.radautiprut.ro,,comuna,other,yes,no,,,no,no,feed nu raspunde
BOTOSANI,MANOLEASA,https://N/A,,comuna,unknown,no,no,,,no,no,site mort
BOTOSANI,HAVARNA,http://www.comunahavarna.ro,,comuna,other,yes,no,,,no,no,feed nu raspunde
BOTOSANI,ALBESTI,https://albestibt.ro,https://albestibt.ro/feed,comuna,wordpress,yes,yes,4,2020-01-20,no,no,
BOTOSANI,PALTINIS,http://primariapaltinisbt.ro,https://primariapaltinisbt.ro/feed/,comuna,wordpress,yes,yes,0,,no,no,
BOTOSANI,LEORDA,https://www.primarialeorda.ro,,comuna,e-adm,yes,no,,,no,no,feed nu raspunde
BOTOSANI,HILISEU-HORIA,https://www.hiliseu-horia.ro,https://hiliseu-horia.ro/feed/,comuna,wordpress,yes,yes,5,2022-10-26,no,no,
BOTOSANI,LUNCA,http://www.primarialunca.ro,https://primarialunca.ro/feed/,comuna,wordpress,yes,yes,4,2024-06-07,no,no,
BOTOSANI,DURNESTI,https://www.primariadurnesti.ro,https://www.primariadurnesti.ro/feed/,comuna,wordpress,yes,yes,1,2019-08-12,no,no,
BOTOSANI,STIUBIENI,https://comunastiubieni.ro,https://comunastiubieni.ro/feed/,comuna,wordpress,yes,yes,10,2026-07-27,yes,no,
BOTOSANI,TUDORA,http://tudora.botosani.ro,,comuna,unknown,no,no,,,no,no,site mort
BOTOSANI,LOZNA,https://www.primarialozna.ro,,comuna,other,yes,no,,,no,no,feed nu raspunde
BIHOR,VARCIOROG,https://comunavirciorog.ro,,comuna,unknown,no,no,,,no,no,site mort
BOTOSANI,PRAJENI,http://primariaprajeni.ro,https://primariaprajeni.ro/feed/,comuna,wordpress,yes,yes,0,,no,no,
BOTOSANI,DRAGUSENI,http://www.dragusenibt.ro,,comuna,other,yes,no,,,no,no,feed nu raspunde
BISTRITA-NASAUD,NIMIGEA,http://www.primarianimigea.ro,https://primarianimigea.ro/feed,comuna,wordpress,yes,yes,0,,no,no,
BOTOSANI,UNTENI,http://www.primariaunteni.ro,,comuna,other,yes,no,,,no,no,feed nu raspunde
BRASOV,MUNICIPIUL BRASOV,https://www.brasovcity.ro,,municipiu,e-adm,yes,no,,,no,no,feed nu raspunde
BOTOSANI,CORNI,http://www.primariacomuneicorni.ro,https://primariacomuneicorni.ro/feed/,comuna,wordpress,yes,yes,0,,no,no,
BOTOSANI,TRUSESTI,http://primaria-trusesti.ro,https://primaria-trusesti.ro/feed/,comuna,wordpress,yes,yes,10,2022-03-04,no,no,
BOTOSANI,TODIRENI,https://comunatodireni.ro,https://www.comunatodireni.ro/feed/,comuna,wordpress,yes,yes,30,2026-09-02,yes,yes,
BOTOSANI,MIHAILENI,http://www.primariamihailenibt.ro,https://www.primariamihailenibt.ro/feed,comuna,wordpress,yes,yes,1,2020-03-20,no,no,
BRASOV,MUNICIPIUL CODLEA,https://municipiulcodlea.ro,,municipiu,joomla,yes,no,,,no,no,feed nu raspunde
BOTOSANI,VIISOARA,https://www.comuna-viisoara-botosani.ro,,comuna,other,yes,no,,,no,no,feed nu raspunde
BOTOSANI,VLASINESTI,http://www.comunavlasinesti.ro,https://comunavlasinesti.ro/feed/,comuna,wordpress,yes,yes,5,2022-04-08,no,no,
BOTOSANI,NICSENI,http://www.primarianicseni.ro,https://primarianicseni.ro/feed/,comuna,wordpress,yes,yes,6,2025-02-05,no,no,
BIHOR,DIOSIG,https://www.diosig.ro,,comuna,unknown,no,no,,,no,no,site mort
BIHOR,DOBRESTI,https://primdobresti.ro,,comuna,unknown,no,no,,,no,no,site mort
BOTOSANI,FRUMUSICA,https://www.primariafrumusica.ro,https://primariafrumusica.ro/feed/,comuna,wordpress,yes,yes,0,,no,no,
BOTOSANI,VORNICENI,https://primaria-vorniceni.ro,https://primaria-vorniceni.ro/feed/,comuna,wordpress,yes,yes,0,,no,no,
BOTOSANI,STAUCENI,https://www.comunastauceni.ro,https://comunastauceni.ro/feed/,comuna,wordpress,yes,yes,0,,no,no,
BRASOV,ORAS RASNOV,http://www.primariarasnov.ro,,oras,other,yes,no,,,no,no,feed nu raspunde
BRASOV,ORAS PREDEAL,https://www.primaria-predeal.ro,https://www.primaria-predeal.ro/feed/,oras,wordpress,yes,yes,10,2026-08-07,yes,yes,
BOTOSANI,VLADENI,http://www.comunavladeni.ro,https://www.comunavladeni.ro/feed,comuna,wordpress,yes,yes,1,2020-03-20,no,no,
BOTOSANI,VORONA,https://comunavorona.ro,https://comunavorona.ro/feed/,comuna,wordpress,yes,yes,10,2020-11-13,no,no,
BOTOSANI,MILEANCA,https://www.primariamileanca.ro,https://primariamileanca.ro/feed/,comuna,wordpress,yes,yes,10,2026-07-30,yes,no,
BOTOSANI,UNGURENI,https://comunaungureni.ro,,comuna,wordpress,yes,no,,,no,no,feed nu raspunde
BOTOSANI,VACULESTI,http://www.vaculesti.ro,https://vaculesti.ro/feed/,comuna,wordpress,yes,yes,0,,no,no,
BRASOV,CRIZBAV,http://new.comunacrizbav.ro,,comuna,unknown,no,no,,,no,no,site mort
BRASOV,AUGUSTIN,https://www.primariaaugustin.ro,https://www.primariaaugustin.ro/?format=feed&type=rss,comuna,joomla,yes,yes,1,2022-03-31,no,no,
BRASOV,ORAS RUPEA,https://www.primariarupea.ro,https://www.primariarupea.ro/feed/,oras,wordpress,yes,yes,5,2026-03-20,yes,no,
BOTOSANI,GEORGE ENESCU,https://www.primariageorgeenescu.ro,https://primariageorgeenescu.ro/feed/,comuna,wordpress,yes,yes,5,2023-02-09,no,no,
BRASOV,ORAS VICTORIA,http://www.primariavictoria.ro,,oras,other,yes,no,,,no,no,feed nu raspunde
BOTOSANI,CURTESTI,https://www.primariacurtestibt.ro,https://primariacurtestibt.ro/feed/,comuna,wordpress,yes,yes,10,2026-09-04,yes,yes,
BOTOSANI,SENDRICENI,http://www.primariasendriceni.ro,https://primariasendriceni.ro/feed/,comuna,wordpress,yes,yes,4,2025-10-16,no,no,
BOTOSANI,SUHARAU,http://www.primariasuharau.ro,https://primariasuharau.ro/feed/,comuna,wordpress,yes,yes,10,2026-08-28,yes,yes,
BOTOSANI,COTUSCA,http://www.primariacotusca.ro,https://primariacotusca.ro/feed/,comuna,wordpress,yes,yes,10,2026-08-26,yes,yes,
BRASOV,MUNICIPIUL SACELE,https://www.municipiulsacele.ro,https://www.municipiulsacele.ro/feed/,municipiu,wordpress,yes,yes,10,2026-09-03,yes,yes,
BRASOV,APATA,https://www.primaria-apata.ro,,comuna,wordpress,yes,no,,,no,no,feed nu raspunde
BRASOV,ORAS ZARNESTI,http://primaria-zarnesti.ro,https://www.primaria-zarnesti.ro/feed,oras,wordpress,yes,yes,99,2026-09-03,yes,yes,
BRASOV,BOD,http://www.primariabod.ro,https://www.primariabod.ro/feed/,comuna,wordpress,yes,yes,10,2026-08-14,yes,yes,
BOTOSANI,SULITA,https://www.primariasulita.ro,https://primariasulita.ro/feed/,comuna,wordpress,yes,yes,7,2021-12-31,no,no,
BRASOV,BECLEAN,http://comunabeclean.ro,https://comunabeclean.ro/feed/,comuna,wordpress,yes,yes,10,2026-09-01,yes,yes,
BRASOV,JIBERT,http://primariajibert.ro,,comuna,e-adm,yes,no,,,no,no,feed nu raspunde
BRASOV,MAIERUS,https://comunamaierus.ro,,comuna,wordpress,yes,no,,,no,no,feed nu raspunde
BOTOSANI,VARFU CAMPULUI,https://primariavarfucampului.ro,https://primariavarfucampului.ro/feed/,comuna,wordpress,yes,yes,10,2026-09-01,yes,yes,
BRASOV,MOIECIU,http://primariamoieciu.ro,https://primariamoieciu.ro/feed/,comuna,wordpress,yes,yes,2,2020-08-18,no,no,
BRASOV,DUMBRAVITA,https://primariadumbravita.ro,https://primariadumbravita.ro/feed/,comuna,wordpress,yes,yes,10,2026-08-31,yes,yes,
BRASOV,BUNESTI,https://www.primariabunesti.ro,,comuna,unknown,yes,no,,,no,no,feed nu raspunde
BRASOV,CATA,https://www.comunacata.ro,,comuna,unknown,yes,no,,,no,no,feed nu raspunde
BRASOV,DRAGUS,https://www.comunadragus.ro,,comuna,unknown,yes,no,,,no,no,feed nu raspunde
BOTOSANI,GORBANESTI,http://primariagorbanesti.ro,https://primariagorbanesti.ro/feed/,comuna,wordpress,yes,yes,10,2026-08-19,yes,yes,
BRASOV,HALCHIU,https://primariahalchiu.ro,,comuna,unknown,yes,no,,,no,no,feed nu raspunde
BRASOV,HARMAN,http://www.primariaharman.ro,,comuna,unknown,yes,no,,,no,no,feed nu raspunde
BRASOV,HARSENI,http://www.primariaharseni.ro,,comuna,unknown,yes,no,,,no,no,feed nu raspunde
BRASOV,HOGHIZ,https://www.comunahoghiz.ro,,comuna,unknown,yes,no,,,no,no,feed nu raspunde
BRASOV,ORAS GHIMBAV,http://www.primaria-ghimbav.ro,https://primaria-ghimbav.ro/feed/,oras,wordpress,yes,yes,10,2026-08-25,yes,yes,
BRASOV,RACOS,https://www.comunaracos.ro,,comuna,unknown,yes,no,,,no,no,feed nu raspunde
BOTOSANI,ROMANESTI,http://www.comunaromanesti.ro,https://comunaromanesti.ro/feed/,comuna,wordpress,yes,yes,0,,no,no,
BRASOV,TELIU,http://www.primariateliu.ro,,comuna,unknown,yes,no,,,no,no,feed nu raspunde
BRASOV,HOMOROD,https://www.homorod.ro,,comuna,unknown,yes,no,,,no,no,feed nu raspunde
BRASOV,UNGRA,https://www.comunaungra.ro,,comuna,unknown,no,no,,,no,no,site mort
BRASOV,BRAN,https://www.primariabran.ro,https://primariabran.ro/feed/,comuna,wordpress,yes,yes,5,2025-07-29,no,no,
BRASOV,COMANA,https://www.comuna-comana.ro,https://www.comuna-comana.ro/feed/,comuna,wordpress,yes,yes,0,,no,no,
BRASOV,LISA,http://www.primaria-lisa.ro,,comuna,unknown,yes,no,,,no,no,feed nu raspunde
BRASOV,POIANA MARULUI,http://primariapoianamarului.ro,https://primariapoianamarului.ro/feed/,comuna,wordpress,yes,yes,0,,no,no,
BRASOV,MANDRA,https://www.comunamandra.ro,https://www.comunamandra.ro/feed/,comuna,wordpress,yes,yes,5,2026-08-19,yes,yes,
BRASOV,PREJMER,https://primariaprejmer.ro,https://primariaprejmer.ro/feed/,comuna,wordpress,yes,yes,3,2020-06-12,no,no,
BRASOV,UCEA,https://primariaucea.ro,https://primariaucea.ro/feed/,comuna,wordpress,yes,yes,10,2026-08-27,yes,yes,
BOTOSANI,SANTA MARE,https://santamare.ro,https://santamare.ro/feed,comuna,wordpress,yes,yes,0,,no,no,
BRASOV,PARAU,https://comuna-parau.ro,,comuna,unknown,no,no,,,no,no,site mort
BRASOV,CRISTIAN,https://primariacristian.ro,https://primariacristian.ro/feed/,comuna,wordpress,yes,yes,10,2026-07-24,yes,no,
BRAILA,ORAS FAUREI,https://orasulfaurei.ro,https://orasulfaurei.ro/feed/,oras,wordpress,yes,yes,5,2026-08-19,yes,yes,
BRASOV,SINCA,https://comunasinca.ro,https://comunasinca.ro/feed/,comuna,wordpress,yes,yes,7,2019-10-18,no,no,
BRASOV,ORMENIS,http://www.primariaormenis.ro,https://www.primariaormenis.ro/index.php?format=feed&type=rss,comuna,joomla,yes,yes,10,2026-09-02,yes,yes,
BRASOV,TARLUNGENI,https://www.comunatarlungeni.ro,https://comunatarlungeni.ro/feed/,comuna,wordpress,yes,yes,15,2026-09-01,yes,yes,
BRASOV,SOARS,http://www.primariasoars.ro,https://www.primariasoars.ro/feed/,comuna,wordpress,yes,yes,12,2026-08-28,yes,yes,
BRAILA,FRECATEI,http://www.primariafrecatei-braila.ro,,comuna,unknown,no,no,,,no,no,site mort
BRAILA,DUDESTI,http://www.comunadudesti.ro,,comuna,unknown,yes,no,,,no,no,feed nu raspunde
BRAILA,BORDEI VERDE,https://www.primariabordeiverde.ro,,comuna,joomla,yes,no,,,no,no,feed nu raspunde
BRASOV,CINCU,http://www.comunacincu.ro,https://comunacincu.ro/?feed=rss2,comuna,wordpress,yes,yes,10,2026-08-27,yes,yes,
BRASOV,TICUS,http://www.primaria-ticus.ro,,comuna,wordpress,yes,no,,,no,no,feed nu raspunde
BRASOV,VISTEA,https://comunavistea.ro,https://comunavistea.ro/feed/,comuna,wordpress,yes,yes,6,2025-03-31,no,no,
BRASOV,VAMA BUZAULUI,http://www.comunavamabuzaului.ro,,comuna,other,yes,no,,,no,no,feed nu raspunde
BRAILA,GRADISTEA,https://www.primariagradisteabraila.ro,https://www.primariagradisteabraila.ro/feed/,comuna,drupal,yes,yes,10,2025-06-20,no,no,
BRAILA,ORAS INSURATEI,http://primariaorasinsuratei.ro,,oras,other,yes,no,,,no,no,feed nu raspunde
BRAILA,MAXINENI,https://primariamaxineni.ro,https://primariamaxineni.ro/feed/,comuna,wordpress,yes,yes,10,2026-09-04,yes,yes,
BRASOV,SANPETRU,https://www.primaria-sanpetru.ro,https://primaria-sanpetru.ro/feed/,comuna,wordpress,yes,yes,10,2026-09-03,yes,yes,
BRAILA,GALBENU,https://brgalbenu.ro,https://brgalbenu.ro/feed/,comuna,wordpress,yes,yes,1,2019-08-15,no,no,
BRASOV,FELDIOARA,https://www.primaria-feldioara.ro,https://primaria-feldioara.ro/feed/,comuna,wordpress,yes,yes,20,2026-09-04,yes,yes,
BRASOV,HOLBAV,https://primariaholbav.ro,https://primariaholbav.ro/feed/,comuna,wordpress,yes,yes,0,,no,no,
BRAILA,BARAGANUL,http://www.primariabaraganul.ro,,comuna,joomla,yes,no,,,no,no,feed nu raspunde
BRAILA,MOVILA MIRESII,https://www.brmovilamiresii.ro,,comuna,other,yes,no,,,no,no,feed nu raspunde
BRAILA,CIRESU,https://cjbraila.ro/dm/portal.nsf/AllByUNID/Prim%C4%83ria-Cire%C5%9Fu-00019506?OpenDocument,,comuna,unknown,yes,no,,,no,no,feed nu raspunde
BRAILA,GEMENELE,https://cjbraila.ro/dm/portal.nsf/AllByUNID/Prim%C4%83ria-Gemenele-00019512?OpenDocument,,comuna,unknown,yes,no,,,no,no,feed nu raspunde
BRAILA,RAMNICELU,http://www.primariarimnicelu.ro,https://www.primariarimnicelu.ro/index.php?format=feed&type=rss,comuna,joomla,yes,yes,4,2019-07-03,no,no,
BRASOV,FUNDATA,http://primariafundata.ro,https://primariafundata.ro/feed/,comuna,wordpress,yes,yes,2,2020-10-27,no,no,
BRAILA,MIRCEA VODA,http://www.primariamirceavoda.ro,https://www.primariamirceavoda.ro/feed/,comuna,wordpress,yes,yes,0,,no,no,
BRAILA,ORAS IANCA,http://primaria-ianca.ro,https://primaria-ianca.ro/feed/,oras,wordpress,yes,yes,10,2026-06-11,yes,no,
BRAILA,ROSIORI,https://www.rosiori-br.ro,https://rosiori-br.ro/feed/,comuna,wordpress,yes,yes,5,2026-08-28,yes,yes,
BRAILA,CIOCILE,https://comunaciocile.ro,,comuna,wordpress,yes,no,,,no,no,feed nu raspunde
BRAILA,SURDILA-GRECI,https://www.comunasurdilagreci.ro,https://www.comunasurdilagreci.ro/feed/,comuna,wordpress,yes,yes,10,2019-10-15,no,no,
BRAILA,JIRLAU,https://jirlau.ro,https://jirlau.ro/feed/,comuna,wordpress,yes,yes,6,2025-11-29,no,no,
BRAILA,SILISTEA,http://primariasilistea-br.ro,,comuna,e-adm,yes,no,,,no,no,feed nu raspunde
BRAILA,SUTESTI,https://www.primariasutesti.ro,https://www.primariasutesti.ro/feed/,comuna,wordpress,yes,yes,10,2019-09-12,no,no,
BRAILA,CHISCANI,http://primariachiscani.ro,https://www.primariachiscani.ro/feed/,comuna,wordpress,yes,yes,12,2026-07-31,yes,no,
BRAILA,VISANI,http://primariavisani.ro,,comuna,unknown,no,no,,,no,no,site mort
BRAILA,SALCIA TUDOR,https://www.salciatudor.ro,https://www.salciatudor.ro/feed,comuna,wordpress,yes,yes,10,2026-09-03,yes,yes,
BRAILA,TICHILESTI,https://www.primariatichilesti.ro,https://www.primariatichilesti.ro/feed/,comuna,wordpress,yes,yes,5,2026-08-20,yes,yes,
BRAILA,STANCUTA,http://stancuta.ro,,comuna,joomla,yes,no,,,no,no,feed nu raspunde
BRAILA,TRAIAN,https://www.uat-traian.ro,https://www.uat-traian.ro/feed/,comuna,wordpress,yes,yes,5,2026-08-25,yes,yes,
BRAILA,SURDILA-GAISEANCA,http://www.primariagaiseanca.ro,,comuna,other,yes,no,,,no,no,feed nu raspunde
BRAILA,UNIREA,https://www.unirea-braila.ro,https://www.unirea-braila.ro/feed/,comuna,wordpress,yes,yes,10,2026-08-28,yes,yes,
BRAILA,ULMU,https://www.primariaulmu.ro,https://www.primariaulmu.ro/feed/,comuna,wordpress,yes,yes,5,2026-09-04,yes,yes,
BRAILA,SCORTARU NOU,https://www.primariascortarunou.ro,,comuna,joomla,yes,no,,,no,no,feed nu raspunde
BRAILA,TUDOR VLADIMIRESCU,https://www.primariatudorvladimirescu-br.ro,,comuna,unknown,no,no,,,no,no,site mort
BRAILA,MARASU,http://www.primariamarasu.ro,https://primariamarasu.ro/feed/,comuna,wordpress,yes,yes,5,2025-11-02,no,no,
BRAILA,BERTESTII DE JOS,http://www.bertestiidejos.ro,https://www.bertestiidejos.ro/feed,comuna,wordpress,yes,yes,4,2022-12-09,no,no,
BUZAU,MUNICIPIUL BUZAU,https://primariabuzau.ro,https://primariabuzau.ro/feed/,municipiu,wordpress,yes,yes,10,2026-09-04,yes,yes,
BRAILA,RACOVITA,http://www.racovita-br.ro,https://www.racovita-br.ro/feed/,comuna,wordpress,yes,yes,0,,no,no,
BOTOSANI,BRAESTI,https://www.comunabraesti.ro,https://comunabraesti.ro/feed/,comuna,wordpress,yes,yes,10,2026-08-19,yes,yes,
BRAILA,CAZASU,https://www.cazasu.ro,https://cazasu.ro/feed/,comuna,wordpress,yes,yes,4,2026-08-05,yes,yes,
BRAILA,ZAVOAIA,http://primariazavoaia.ro,,comuna,e-adm,yes,no,,,no,no,feed nu raspunde
BRAILA,VICTORIA,http://primariavictoria-br.ro,,comuna,unknown,yes,no,,,no,no,feed nu raspunde
BRASOV,BUDILA,https://www.budila.ro,,comuna,joomla,yes,no,,,no,no,feed nu raspunde
BRASOV,SINCA NOUA,http://www.sincanoua.eu,,comuna,other,yes,no,,,no,no,feed nu raspunde
BRASOV,VULCAN,http://primaria-vulcan.ro,,comuna,wordpress,yes,no,,,no,no,feed nu raspunde
BRASOV,SERCAIA,https://www.primaria-sercaia.ro,https://www.primaria-sercaia.ro/feed,comuna,wordpress,yes,yes,3,2021-10-28,no,no,
BRAILA,ROMANU,http://primariaromanu.ro,https://primariaromanu.ro/feed/,comuna,wordpress,yes,yes,0,,no,no,
BRASOV,SAMBATA DE SUS,http://www.primariasambatadesus.ro,https://primariasambatadesus.ro/feed/,comuna,wordpress,yes,yes,7,2021-06-08,no,no,
BUZAU,BRADEANU,https://www.comuna-bradeanu.ro,https://www.comuna-bradeanu.ro/feed/,comuna,wordpress,yes,yes,5,2026-08-25,yes,yes,
BRASOV,VOILA,https://comunavoila.ro,https://comunavoila.ro/feed/,comuna,wordpress,yes,yes,10,2023-10-27,no,no,
BRAILA,TUFESTI,http://www.primariatufesti.ro,https://www.primariatufesti.ro/feed/,comuna,wordpress,yes,yes,10,2026-08-24,yes,yes,
BUZAU,BREAZA,https://primariabreazabz.ro,https://www.primariabreazabz.ro/feed/,comuna,wordpress,yes,yes,5,2026-08-31,yes,yes,
BUZAU,CALVINI,http://www.primariacalvini.ro,,comuna,other,yes,no,,,no,no,feed nu raspunde
BRASOV,RECEA,http://www.comunarecea.ro,https://comunarecea.ro/feed/,comuna,wordpress,yes,yes,10,2026-04-02,yes,no,
BRASOV,MUNICIPIUL FAGARAS,http://primaria-fagaras.ro,,municipiu,e-adm,yes,no,,,no,no,feed nu raspunde
BRAILA,VIZIRU,https://www.primaria-viziru.ro,https://www.primaria-viziru.ro/feed/,comuna,wordpress,yes,yes,12,2026-08-17,yes,yes,
BUZAU,COLTI,http://primariacolti.ro,,comuna,unknown,no,no,,,no,no,site mort
BRAILA,GROPENI,http://www.comunagropeni.ro,https://comunagropeni.ro/feed/,comuna,wordpress,yes,yes,1,2022-02-10,no,no,
BUZAU,CHILIILE,https://www.primariachiliile.ro,https://www.primariachiliile.ro/feed/,comuna,wordpress,yes,yes,1,2026-02-13,yes,no,
BUZAU,BUDA,http://www.comuna-buda.ro/2019,,comuna,other,yes,no,,,no,no,feed nu raspunde
BRAILA,VADENI,https://vadeni.ro,,comuna,wordpress,yes,no,,,no,no,feed nu raspunde
BUZAU,BERCA,http://primariaberca.ro,,comuna,wordpress,yes,no,,,no,no,feed nu raspunde
BUZAU,MUNICIPIUL RAMNICU SARAT,http://www.primariermsarat.ro,https://www.primariermsarat.ro/feed/,municipiu,wordpress,yes,yes,6,2026-09-04,yes,yes,
BUZAU,CERNATESTI,https://cernatesti.ro,https://cernatesti.ro/feed,comuna,wordpress,yes,yes,10,2026-08-24,yes,yes,
BUZAU,BOZIORU,https://www.comunabozioru.ro,https://comunabozioru.ro/feed/,comuna,wordpress,yes,yes,5,2026-08-25,yes,yes,
BUZAU,GREBANU,https://grebanu.ro,https://grebanu.ro/feed/,comuna,wordpress,yes,yes,10,2026-08-20,yes,yes,
BUZAU,CISLAU,http://www.primariacislau.ro,,comuna,other,yes,no,,,no,no,feed nu raspunde
BISTRITA-NASAUD,TIHA BARGAULUI,https://primariatihabargaului.ro,,comuna,unknown,no,no,,,no,no,site mort
BUZAU,LOPATARI,https://www.comunalopatari.ro,https://comunalopatari.ro/feed/,comuna,wordpress,yes,yes,10,2026-06-03,yes,no,
BUZAU,LARGU,http://primarialargu.ro/2019,https://primarialargu.ro/2019/?format=feed&type=rss,comuna,joomla,yes,yes,3,2026-09-04,yes,yes,
BUZAU,C.A. ROSETTI,http://www.primariacarosetti.ro,https://primariacarosetti.ro/feed/,comuna,wordpress,yes,yes,1,2021-04-15,no,no,
BUZAU,FLORICA,https://www.comunaflorica.ro,https://www.comunaflorica.ro/feed/,comuna,wordpress,yes,yes,4,2026-08-27,yes,yes,
BUZAU,CILIBIA,http://comunacilibia.ro,https://www.comunacilibia.ro/feed/,comuna,wordpress,yes,yes,12,2026-08-27,yes,yes,
BUZAU,MARACINENI,https://primariamaracineni.ro,https://primariamaracineni.ro/feed/,comuna,wordpress,yes,yes,5,2026-08-31,yes,yes,
BUZAU,GLODEANU SARAT,https://www.primariaglodeanusarat.ro,https://primariaglodeanusarat.ro/feed/,comuna,wordpress,yes,yes,5,2026-08-28,yes,yes,
BUZAU,BISOCA,https://www.primariabisoca.ro,https://www.primariabisoca.ro/feed/,comuna,wordpress,yes,yes,5,2026-08-20,yes,yes,
BUZAU,MIHAILESTI,https://www.comunamihailesti.ro,https://www.comunamihailesti.ro/feed/,comuna,wordpress,yes,yes,5,2026-06-30,yes,no,
BUZAU,GURA TEGHII,https://www.comunagurateghii.ro,https://www.comunagurateghii.ro/feed/,comuna,wordpress,yes,yes,5,2026-08-30,yes,yes,
BUZAU,NAENI,https://primarianaeni.ro,,comuna,other,yes,no,,,no,no,feed nu raspunde
BUZAU,CANESTI,https://www.comunacanesti.ro,https://www.comunacanesti.ro/feed/,comuna,wordpress,yes,yes,10,2026-07-28,yes,no,
BUZAU,MOVILA BANULUI,https://www.comunamovilabanului.ro,https://www.comunamovilabanului.ro/feed/,comuna,wordpress,yes,yes,6,2026-08-25,yes,yes,
BUZAU,MURGESTI,http://primariamurgesti.ro,https://primariamurgesti.ro/feed/,comuna,wordpress,yes,yes,1,2016-01-23,no,no,
BUZAU,MEREI,https://primariamerei.ro,https://primariamerei.ro/feed/,comuna,wordpress,yes,yes,0,,no,no,
BUZAU,CHIOJDU,https://www.comunachiojdu.ro,https://comunachiojdu.ro/feed/,comuna,wordpress,yes,yes,5,2026-08-23,yes,yes,
BUZAU,GALBINASI,https://comunagalbinasi.ro,https://comunagalbinasi.ro/feed/,comuna,wordpress,yes,yes,10,2026-09-04,yes,yes,
BUZAU,GLODEANU-SILISTEA,https://www.glodeanu-silistea.ro,https://www.glodeanu-silistea.ro/feed/,comuna,wordpress,yes,yes,5,2026-08-25,yes,yes,
BUZAU,PARDOSI,https://www.pardosi.ro,https://www.pardosi.ro/feed/,comuna,wordpress,yes,yes,5,2026-08-25,yes,yes,
BUZAU,GHERASENI,http://www.primariagheraseni.ro,,comuna,wordpress,yes,no,,,no,no,feed nu raspunde
BUZAU,ODAILE,https://www.primariaodaile.ro,https://www.primariaodaile.ro/feed/,comuna,wordpress,yes,yes,5,2026-08-25,yes,yes,
BUZAU,COCHIRLEANCA,https://www.comunacochirleanca.ro,https://comunacochirleanca.ro/feed/,comuna,wordpress,yes,yes,20,2026-09-02,yes,yes,
BUZAU,BALACEANU,http://www.comunabalaceanu.ro,,comuna,unknown,no,no,,,no,no,site mort
BUZAU,BALTA ALBA,https://www.baltaalba.ro,,comuna,unknown,yes,no,,,no,no,feed nu raspunde
BRAILA,MUNICIPIUL BRAILA,http://www.primariabr.ro,,municipiu,unknown,no,no,,,no,no,site mort
BUZAU,COZIENI,https://www.primariacozieni.ro,https://www.primariacozieni.ro/feed/,comuna,wordpress,yes,yes,10,2026-09-04,yes,yes,
BUZAU,GHERGHEASA,https://comunaghergheasa.ro,https://comunaghergheasa.ro/feed/,comuna,wordpress,yes,yes,0,,no,no,
BUZAU,SCORTOASA,https://primariascortoasa.ro,,comuna,unknown,no,no,,,no,no,site mort
BUZAU,BLAJANI,https://www.blajani.ro,https://www.blajani.ro/feed/,comuna,wordpress,yes,yes,5,2026-08-27,yes,yes,
BUZAU,MARGARITESTI,https://primariamargaritesti.ro,,comuna,unknown,no,no,,,no,no,site mort
BUZAU,PODGORIA,https://comunapodgoria.ro,https://comunapodgoria.ro/feed,comuna,wordpress,yes,yes,10,2026-04-08,yes,no,
BUZAU,CATINA,http://www.primaria-catina.ro,,comuna,unknown,yes,no,,,no,no,feed nu raspunde
BUZAU,SAPOCA,http://primariasapoca.ro,https://primariasapoca.ro/feed/,comuna,wordpress,yes,yes,10,2026-09-03,yes,yes,
BUZAU,MAGURA,https://www.comunamagura.ro,,comuna,unknown,yes,no,,,no,no,feed nu raspunde
BUZAU,BOLDU,https://primariaboldu.ro,https://primariaboldu.ro/feed/,comuna,wordpress,yes,yes,10,2026-08-28,yes,yes,
BUZAU,RACOVITENI,http://racoviteni.ro,https://racoviteni.ro/feed,comuna,wordpress,yes,yes,10,2026-08-26,yes,yes,
BUZAU,SCUTELNICI,http://www.primariascutelnici.ro/2019,,comuna,joomla,yes,no,,,no,no,feed nu raspunde
BUZAU,SAHATENI,https://N/A,,comuna,unknown,no,no,,,no,no,site mort
BUZAU,PIETROASELE,https://N/A,,comuna,unknown,no,no,,,no,no,site mort
BUZAU,PADINA,http://www.primariapadina.ro,,comuna,unknown,yes,no,,,no,no,feed nu raspunde
BUZAU,PANATAU,http://primariapanatau.ro,,comuna,unknown,no,no,,,no,no,site mort
BUZAU,LUCIU,https://www.primaria-luciu.ro,https://www.primaria-luciu.ro/feed/,comuna,drupal,yes,yes,0,,no,no,
BUZAU,VINTILA VODA,https://vintila-voda.judet-buzau.ro,,comuna,unknown,no,no,,,no,no,site mort
BUZAU,RUSETU,https://www.primariarusetu.ro,,comuna,unknown,yes,no,,,no,no,feed nu raspunde
BUZAU,ORAS PATARLAGELE,http://www.primariapatarlagele.ro,,oras,unknown,yes,no,,,no,no,feed nu raspunde
BUZAU,ZARNESTI,https://primariazarnesti.judet-buzau.ro,,comuna,unknown,no,no,,,no,no,site mort
BUZAU,ORAS POGOANELE,https://www.primariepogoanele.ro,,oras,unknown,yes,no,,,no,no,feed nu raspunde
BUZAU,AMARU,https://www.primariaamaru.ro,,comuna,unknown,yes,no,,,no,no,feed nu raspunde
BUZAU,SIRIU,https://comunasiriu.ro,https://comunasiriu.ro/feed/,comuna,wordpress,yes,yes,9,2024-11-04,no,no,
BUZAU,PARSCOV,https://www.pirscov.ro,https://www.pirscov.ro/feed/,comuna,wordpress,yes,yes,5,2026-08-26,yes,yes,
BUZAU,BECENI,http://primariabeceni.ro,,comuna,unknown,yes,no,,,no,no,feed nu raspunde
BUZAU,POSTA CALNAU,https://www.comunapostacilnau.ro,https://www.comunapostacilnau.ro/feed/,comuna,wordpress,yes,yes,5,2026-09-01,yes,yes,
CARAS-SEVERIN,ORAS ANINA,http://www.primaria-anina.ro,,oras,other,yes,no,,,no,no,feed nu raspunde
BUZAU,VERNESTI,https://primariavernesti.judet-buzau.ro,,comuna,unknown,no,no,,,no,no,site mort
BUZAU,ROBEASCA,https://comunarobeasca.ro,,comuna,other,yes,no,,,no,no,feed nu raspunde
BUZAU,BRAESTI,https://www.braesti-buzau.ro,https://braesti-buzau.ro/feed/,comuna,wordpress,yes,yes,5,2026-09-02,yes,yes,
BUZAU,VADU PASII,https://www.comunavadupasii.ro,https://comunavadupasii.ro/feed/,comuna,wordpress,yes,yes,8,2026-08-31,yes,yes,
BUZAU,VIPERESTI,https://www.comunaviperesti.ro,https://comunaviperesti.ro/feed/,comuna,wordpress,yes,yes,8,2026-07-29,yes,no,
BUZAU,RAMNICELU,https://www.rimnicelu.ro,https://rimnicelu.ro/feed/,comuna,wordpress,yes,yes,5,2026-08-25,yes,yes,
BUZAU,TINTESTI,https://www.tintesti.ro,https://www.tintesti.ro/feed/,comuna,wordpress,yes,yes,10,2026-09-01,yes,yes,
CARAS-SEVERIN,BANIA,https://www.primariabania.ro,,comuna,other,yes,no,,,no,no,feed nu raspunde
CARAS-SEVERIN,ORAS OTELU ROSU,https://otelu-rosu.ro,https://otelu-rosu.ro/feed/,oras,wordpress,yes,yes,7,2022-10-18,no,no,
CARAS-SEVERIN,BREBU,https://www.comunabrebu.ro,,comuna,unknown,no,no,,,no,no,site mort
CARAS-SEVERIN,BOZOVICI,http://www.primariabozovici.ro,,comuna,unknown,yes,no,,,no,no,feed nu raspunde
CARAS-SEVERIN,BERZASCA,http://primariaberzasca.ro,https://primariaberzasca.ro/feed/,comuna,wordpress,yes,yes,0,,no,no,
CARAS-SEVERIN,BUCHIN,https://primariabuchin.ro,https://primariabuchin.ro/feed/,comuna,wordpress,yes,yes,10,2026-08-04,yes,yes,
BUZAU,COSTESTI,https://www.costesti-buzau.ro,,comuna,unknown,yes,no,,,no,no,feed nu raspunde
BUZAU,STALPU,https://primariastilpu.ro,,comuna,unknown,no,no,,,no,no,site mort
BUZAU,ZIDURI,http://primariaziduribz.ro,https://primariaziduribz.ro/feed/,comuna,wordpress,yes,yes,10,2026-07-20,yes,no,
CARAS-SEVERIN,CIUCHICI,http://www.primaria-ciuchici.ro,,comuna,unknown,no,no,,,no,no,site mort
BUZAU,SAGEATA,https://www.comunasageata.ro,,comuna,other,yes,no,,,no,no,feed nu raspunde
CARAS-SEVERIN,BERLISTE,http://primariaberliste.ro,https://www.primariaberliste.ro/feed/,comuna,wordpress,yes,yes,10,2026-06-08,yes,no,
BUZAU,ORAS NEHOIU,http://www.primaria-nehoiu.ro,https://www.primaria-nehoiu.ro/feed/,oras,wordpress,yes,yes,4,2026-06-30,yes,no,
CARAS-SEVERIN,BAUTAR,https://N/A,,comuna,unknown,no,no,,,no,no,site mort
BUZAU,ULMENI,http://primariaulmenibuzau.ro,https://primariaulmenibuzau.ro/feed/,comuna,wordpress,yes,yes,0,,no,no,
BUZAU,VALEA SALCIEI,https://www.comuna-valeasalciei.ro,https://www.comuna-valeasalciei.ro/feed/,comuna,wordpress,yes,yes,5,2026-07-20,yes,no,
CARAS-SEVERIN,BREBU NOU,https://N/A,,comuna,unknown,no,no,,,no,no,site mort
CARAS-SEVERIN,BERZOVIA,https://www.primaria-berzovia.ro,https://primaria-berzovia.ro/feed/,comuna,wordpress,yes,yes,5,2025-09-16,no,no,
CARAS-SEVERIN,ARMENIS,http://www.armenis.ro,https://armenis.ro/?feed=rss2,comuna,wordpress,yes,no,,,no,no,feed nu raspunde
BUZAU,VALEA RAMNICULUI,https://www.comunavalearimnicului.ro,https://comunavalearimnicului.ro/feed/,comuna,wordpress,yes,yes,5,2026-08-25,yes,yes,
BUZAU,MANZALESTI,http://primariaminzalesti.ro,https://primariamanzalesti.ro/feed/,comuna,wordpress,yes,yes,8,2026-04-21,yes,no,
BUZAU,TISAU,https://www.comunatisau.ro,https://comunatisau.ro/feed/,comuna,wordpress,yes,yes,2,2024-07-11,no,no,
CARAS-SEVERIN,CICLOVA ROMANA,https://primariaciclovaromana.ro,,comuna,unknown,no,no,,,no,no,site mort
CARAS-SEVERIN,FARLIUG,https://www.comuna-firliug.ro,,comuna,unknown,yes,no,,,no,no,feed nu raspunde
CARAS-SEVERIN,DOGNECEA,https://comunadognecea.ro,https://comunadognecea.ro/feed/,comuna,wordpress,yes,yes,10,2026-05-26,yes,no,
CARAS-SEVERIN,CONSTANTIN DAICOVICIU,http://www.primariaconstantindaicoviciu.ro,https://primariaconstantindaicoviciu.ro/feed,comuna,wordpress,yes,yes,10,2026-08-28,yes,yes,
BUZAU,TOPLICENI,https://www.comunatopliceni.ro,,comuna,unknown,yes,no,,,no,no,feed nu raspunde
CARAS-SEVERIN,COPACELE,https://www.primariacopacele.ro,https://primariacopacele.ro/feed/,comuna,wordpress,yes,yes,0,,no,no,
CARAS-SEVERIN,DOCLIN,http://www.comuna-doclin.ro,https://www.comuna-doclin.ro/feed/,comuna,wordpress,yes,yes,10,2025-09-11,no,no,
BUZAU,SMEENI,https://www.comunasmeeni.ro,https://www.comunasmeeni.ro/feed/,comuna,wordpress,yes,yes,8,2026-08-25,yes,yes,
CARAS-SEVERIN,EFTIMIE MURGU,https://www.primariaeftimiemurgu.ro,https://www.primariaeftimiemurgu.ro/feed/,comuna,wordpress,yes,yes,0,,no,no,
CARAS-SEVERIN,CORNEREVA,http://primaria-cornereva.ro,,comuna,other,yes,no,,,no,no,feed nu raspunde
CARAS-SEVERIN,DALBOSET,https://N/A,,comuna,unknown,no,no,,,no,no,site mort
CARAS-SEVERIN,EZERIS,http://www.primariaezeris.ro,,comuna,unknown,yes,no,,,no,no,feed nu raspunde
BUZAU,VALCELELE,http://primariavilcelelebuzau.ro,https://www.primariavilcelelebuzau.ro/feed/,comuna,wordpress,yes,yes,12,2026-07-23,yes,no,
CARAS-SEVERIN,LUNCAVITA,http://www.luncavita.com,,comuna,unknown,yes,no,,,no,no,feed nu raspunde
CARAS-SEVERIN,MUNICIPIUL CARANSEBES,http://www.primaria-caransebes.ro/portal/CarasSeverin/Caransebes/portal.nsf/Index/100?OpenDocument,,municipiu,wordpress,yes,no,,,no,no,feed nu raspunde
CARAS-SEVERIN,DOMASNEA,https://www.primaria-domasnea.ro,https://primaria-domasnea.ro/feed/,comuna,wordpress,yes,yes,10,2026-09-03,yes,yes,
CARAS-SEVERIN,CORNEA,https://www.primaria-cornea.ro,https://primaria-cornea.ro/feed/,comuna,wordpress,yes,yes,1,2022-10-17,no,no,
CARAS-SEVERIN,CARBUNARI,https://comuna-carbunari.ro,https://comuna-carbunari.ro/feed/,comuna,wordpress,yes,yes,10,2026-04-09,yes,no,
CARAS-SEVERIN,CORONINI,http://www.primariacoronini.ro,https://primariacoronini.ro/feed,comuna,wordpress,yes,yes,10,2026-09-02,yes,yes,
CARAS-SEVERIN,GRADINARI,https://www.gradinari-cs.ro,,comuna,unknown,yes,no,,,no,no,feed nu raspunde
CARAS-SEVERIN,BOLVASNITA,http://www.primaria-bolvasnita.ro,https://primaria-bolvasnita.ro/feed/,comuna,wordpress,yes,yes,6,2026-06-28,yes,no,
CARAS-SEVERIN,CIUDANOVITA,https://www.primariaciudanovita.ro,https://primariaciudanovita.ro/feed/,comuna,wordpress,yes,yes,10,2026-03-09,yes,no,
CARAS-SEVERIN,IABLANITA,http://www.primariaiablanita.ro,https://primariaiablanita.ro/feed/,comuna,wordpress,yes,yes,1,2021-10-25,no,no,
CARAS-SEVERIN,ORAS MOLDOVA NOUA,http://www.moldovanoua.com,,oras,unknown,yes,no,,,no,no,feed nu raspunde
CARAS-SEVERIN,GARNIC,http://www.primariagarnic.ro,https://www.primariagarnic.ro/feed/,comuna,wordpress,yes,yes,0,,no,no,
CARAS-SEVERIN,BUCOSNITA,https://www.primariabucosnita.ro,https://primariabucosnita.ro/feed/,comuna,wordpress,yes,yes,0,,no,no,
CARAS-SEVERIN,SACU,https://www.comunasacu.ro,,comuna,unknown,yes,no,,,no,no,feed nu raspunde
CARAS-SEVERIN,GORUIA,https://N/A,,comuna,unknown,no,no,,,no,no,site mort
CARAS-SEVERIN,LAPUSNICU MARE,http://primarialapusnicumare.ro,https://primarialapusnicumare.ro/feed/,comuna,wordpress,yes,yes,10,2023-12-08,no,no,
CARAS-SEVERIN,LAPUSNICEL,https://N/A,,comuna,unknown,no,no,,,no,no,site mort
CARAS-SEVERIN,SICHEVITA,https://www.comunasichevita.ro,,comuna,unknown,yes,no,,,no,no,feed nu raspunde
CARAS-SEVERIN,CARASOVA,http://primariacarasova.ro,https://primariacarasova.ro/feed/,comuna,wordpress,yes,yes,8,2021-03-17,no,no,
CARAS-SEVERIN,MAURENI,http://www.comunamaureni.ro,https://www.comunamaureni.ro/feed/,comuna,wordpress,yes,yes,12,2026-07-30,yes,no,
CARAS-SEVERIN,MUNICIPIUL RESITA,http://www.primaria-resita.ro,,municipiu,wordpress,yes,no,,,no,no,feed nu raspunde
CARAS-SEVERIN,SLATINA-TIMIS,https://www.slatina-timis.ro,,comuna,e-adm,yes,no,,,no,no,feed nu raspunde
CARAS-SEVERIN,OCNA DE FIER,https://www.ocnadefier.ro,https://www.ocnadefier.ro/feed/,comuna,wordpress,yes,yes,10,2026-08-26,yes,yes,
CARAS-SEVERIN,PALTINIS,http://www.primariapaltiniscs.ro,https://www.primariapaltiniscs.ro/feed/,comuna,wordpress,yes,yes,3,2025-12-11,no,no,
CARAS-SEVERIN,GLIMBOCA,http://www.primaria-glimboca.ro,http://www.primaria-glimboca.ro/?feed=rss2,comuna,wordpress,yes,yes,2,2014-06-26,no,no,
CARAS-SEVERIN,MARGA,http://comuna-marga.ro,http://comuna-marga.ro/index.php/feed/,comuna,wordpress,yes,yes,0,,no,no,
BUZAU,UNGURIU,http://primariaunguriu.ro,https://www.primariaunguriu.ro/feed/,comuna,wordpress,yes,yes,12,2026-01-14,yes,no,
CARAS-SEVERIN,ORAS BOCSA,https://www.orasulbocsa.ro,,oras,unknown,yes,no,,,no,no,feed nu raspunde
BUZAU,PUIESTI,https://www.primariapuiesti-bz.ro,,comuna,unknown,yes,no,,,no,no,feed nu raspunde
CARAS-SEVERIN,SOPOTU NOU,http://primaria-sopotunou.ro,https://primaria-sopotunou.ro/feed/,comuna,wordpress,yes,yes,10,2026-08-17,yes,yes,
CARAS-SEVERIN,RUSCA MONTANA,https://N/A,,comuna,unknown,no,no,,,no,no,site mort
CARAS-SEVERIN,POJEJENA,https://www.primariapojejena.ro,,comuna,unknown,yes,no,,,no,no,feed nu raspunde
CARAS-SEVERIN,ORAS ORAVITA,http://www.primariaoravita.ro,,oras,unknown,yes,no,,,no,no,feed nu raspunde
CARAS-SEVERIN,SASCA MONTANA,https://N/A,,comuna,unknown,no,no,,,no,no,site mort
CARAS-SEVERIN,LUPAC,https://comunalupac.ro,https://comunalupac.ro/feed/,comuna,wordpress,yes,yes,10,2026-08-12,yes,yes,
CARAS-SEVERIN,VALIUG,https://www.primaria-valiug.ro,,comuna,unknown,yes,no,,,no,no,feed nu raspunde
CARAS-SEVERIN,TOPLET,http://www.primaria-toplet.ro,http://www.primaria-toplet.ro/?feed=rss2,comuna,wordpress,yes,yes,1,2015-03-04,no,no,
CARAS-SEVERIN,ZAVOI,http://primariazavoi.ro,,comuna,unknown,no,no,,,no,no,site mort
BUZAU,SARULESTI,http://primariasarulesti.ro,https://primariasarulesti.ro/feed/,comuna,wordpress,yes,yes,0,,no,no,
CARAS-SEVERIN,RACASDIA,https://www.primariaracasdia.ro,,comuna,other,yes,no,,,no,no,feed nu raspunde
CARAS-SEVERIN,VERMES,http://www.vermes.ro,,comuna,other,yes,no,,,no,no,feed nu raspunde
CALARASI,CURCANI,http://www.primariacurcani.ro,,comuna,e-adm,yes,no,,,no,no,feed nu raspunde
CARAS-SEVERIN,NAIDAS,http://www.primarianaidas.ro,https://primarianaidas.ro/feed/,comuna,wordpress,yes,yes,1,2022-08-25,no,no,
CARAS-SEVERIN,TICVANIU MARE,https://primariaticvaniumare.ro,https://primariaticvaniumare.ro/feed/,comuna,wordpress,yes,yes,0,,no,no,
CALARASI,CIOCANESTI,http://www.primaria-ciocanesti.ro,,comuna,joomla,yes,no,,,no,no,feed nu raspunde
CALARASI,ORAS BUDESTI,http://www.primariebudesti.ro,https://www.primariebudesti.ro/feed/,oras,wordpress,yes,yes,12,2026-09-04,yes,yes,
CARAS-SEVERIN,RAMNA,http://www.ramna.ro,https://ramna.ro/feed/,comuna,wordpress,yes,yes,10,2026-06-26,yes,no,
CALARASI,CASCIOARELE,https://comunacascioarele.ro,,comuna,other,yes,no,,,no,no,feed nu raspunde
CARAS-SEVERIN,MEHADICA,http://mehadica.ro,http://mehadica.ro/index.php/feed/,comuna,wordpress,yes,yes,2,2015-09-10,no,no,
CARAS-SEVERIN,TURNU RUIENI,http://www.comuna-turnuruieni.ro,http://www.comuna-turnuruieni.ro/index.php/feed/,comuna,wordpress,yes,yes,1,2017-05-18,no,no,
CARAS-SEVERIN,VARADIA,http://www.primariavaradiacs.ro,https://primariavaradiacs.ro/feed/,comuna,wordpress,yes,yes,6,2025-03-29,no,no,
CALARASI,BORCEA,http://primariaborcea.ro,,comuna,joomla,yes,no,,,no,no,feed nu raspunde
CALARASI,DRAGALINA,http://comunadragalina.ro,,comuna,e-adm,yes,no,,,no,no,feed nu raspunde
CALARASI,DOROBANTU,https://primariadorobantu.ro,https://primariadorobantu.ro/feed/,comuna,wordpress,yes,yes,7,2024-01-25,no,no,
CARAS-SEVERIN,VRANI,http://primaria-vrani.ro,,comuna,other,yes,no,,,no,no,feed nu raspunde
CALARASI,DOR MARUNT,http://www.comunadormarunt.ro,https://comunadormarunt.ro/rss.xml,comuna,e-adm,yes,yes,15,2026-08-31,yes,yes,
CALARASI,DICHISENI,http://www.primariadichiseni.ro,,comuna,joomla,yes,no,,,no,no,feed nu raspunde
CARAS-SEVERIN,TEREGOVA,http://teregova.ro,https://www.teregova.ro/feed/,comuna,wordpress,yes,yes,10,2023-06-19,no,no,
CALARASI,FUNDENI,https://www.primariafundeni.ro,,comuna,unknown,yes,no,,,no,no,feed nu raspunde
CALARASI,DRAGOS VODA,https://primariadragosvoda.ro,,comuna,joomla,yes,no,,,no,no,feed nu raspunde
CALARASI,FRUMUSANI,https://www.primaria-frumusani.ro,,comuna,joomla,yes,no,,,no,no,feed nu raspunde
CARAS-SEVERIN,TARNOVA,https://www.tarnova.ro,https://tarnova.ro/feed/,comuna,wordpress,yes,yes,8,2026-08-20,yes,yes,
CALARASI,GALBINASI,https://primaria-galbinasi.ro,,comuna,joomla,yes,no,,,no,no,feed nu raspunde
CALARASI,GRADISTEA,http://primariagradistea.ro,,comuna,joomla,yes,no,,,no,no,feed nu raspunde
CALARASI,FRASINET,http://www.primariacomuneifrasinet.ro,,comuna,joomla,yes,no,,,no,no,feed nu raspunde
CARAS-SEVERIN,MEHADIA,http://www.primariamehadia.ro,https://primariamehadia.ro/feed/,comuna,wordpress,yes,yes,0,,no,no,
CARAS-SEVERIN,ORAS BAILE HERCULANE,https://www.primaria-baileherculane.ro,https://primaria-baileherculane.ro/feed/,oras,wordpress,yes,yes,10,2025-07-14,no,no,
CALARASI,LUICA,http://www.primaria-luica.ro,,comuna,joomla,yes,no,,,no,no,feed nu raspunde
CARAS-SEVERIN,FOROTIC,https://www.comunaforotic.ro,https://comunaforotic.ro/feed/,comuna,wordpress,yes,yes,10,2024-03-29,no,no,
CALARASI,ORAS LEHLIU GARA,https://www.primarialehliugara.ro,,oras,unknown,yes,no,,,no,no,feed nu raspunde
CALARASI,ALEXANDRU ODOBESCU,http://primariaodobescu.ro,,comuna,unknown,yes,no,,,no,no,feed nu raspunde
CALARASI,MANASTIREA,http://primariamanastirea.ro,,comuna,unknown,no,no,,,no,no,site mort
CARAS-SEVERIN,PRIGOR,https://www.primariaprigor.ro,,comuna,other,yes,no,,,no,no,feed nu raspunde
CALARASI,CRIVAT,http://www.comunacrivat.ro,,comuna,unknown,yes,no,,,no,no,feed nu raspunde
CALARASI,MUNICIPIUL OLTENITA,https://www.primariaoltenita.ro,,municipiu,unknown,yes,no,,,no,no,feed nu raspunde
CALARASI,TAMADAU MARE,http://www.primariatamadau.ro,,comuna,unknown,no,no,,,no,no,site mort
CALARASI,STEFAN VODA,https://N/A,,comuna,unknown,no,no,,,no,no,site mort
CALARASI,ULMU,http://ulmu.infoprimarie.ro,,comuna,unknown,no,no,,,no,no,site mort
CARAS-SEVERIN,OBREJA,http://primaria-obreja.ro,,comuna,unknown,no,no,,,no,no,site mort
CALARASI,RADOVANU,http://primaria-radovanu.ro,,comuna,joomla,yes,no,,,no,no,feed nu raspunde
CALARASI,VALEA ARGOVEI,http://comunavaleaargovei.ro,,comuna,unknown,no,no,,,no,no,site mort
CALARASI,UNIREA,http://www.primaria-unirea.ro,https://www.primaria-unirea.ro/feed,comuna,wordpress,yes,yes,1,2020-03-20,no,no,
CALARASI,MUNICIPIUL CALARASI,https://www.primariacalarasi.ro,https://primariacalarasi.ro/feed/,municipiu,wordpress,yes,yes,10,2026-09-01,yes,yes,
CALARASI,SPANTOV,https://www.comunaspantov.ro,,comuna,joomla,yes,no,,,no,no,feed nu raspunde
CALARASI,MODELU,http://www.primariamodelu.ro,,comuna,unknown,yes,no,,,no,no,feed nu raspunde
CALARASI,NANA,http://www.primarianana.ro,,comuna,unknown,yes,no,,,no,no,feed nu raspunde
CALARASI,NICOLAE BALCESCU,http://www.primarianicolaebalcescu.ro,,comuna,unknown,no,no,,,no,no,site mort
CALARASI,PERISORU,http://www.comunaperisoru.ro,,comuna,unknown,yes,no,,,no,no,feed nu raspunde
CALARASI,BELCIUGATELE,http://belciugatele.ro,,comuna,joomla,yes,no,,,no,no,feed nu raspunde
CLUJ,MUNICIPIUL CLUJ-NAPOCA,https://primariaclujnapoca.ro,https://primariaclujnapoca.ro/feed/,municipiu,wordpress,yes,yes,3,2024-07-10,no,no,
CALARASI,ROSETI,https://www.comunaroseti.ro,https://comunaroseti.ro/feed/,comuna,wordpress,yes,yes,0,,no,no,
CALARASI,ULMENI,http://www.primariaulmeni.ro,https://www.primariaulmeni.ro/feed,comuna,wordpress,yes,yes,2,2020-03-25,no,no,
CALARASI,LUPSANU,https://primarialupsanu.ro,https://primarialupsanu.ro/feed/,comuna,wordpress,yes,yes,10,2026-09-04,yes,yes,
CARAS-SEVERIN,ZORLENTU MARE,https://www.primariazorlentumare.ro,,comuna,other,yes,no,,,no,no,feed nu raspunde
CALARASI,SARULESTI,http://www.primariacomuneisarulesti.ro,,comuna,other,yes,no,,,no,no,feed nu raspunde
CALARASI,VLAD TEPES,https://www.primariavladtepes.ro,https://primariavladtepes.ro/feed/,comuna,wordpress,yes,yes,1,2024-05-29,no,no,
CALARASI,SOHATU,http://primariasohatu.ro,https://primariasohatu.ro/feed/,comuna,wordpress,yes,yes,10,2026-08-04,yes,yes,
CLUJ,MUNICIPIUL DEJ,http://www.primariadej.ro,,municipiu,wordpress,yes,no,,,no,no,feed nu raspunde
CLUJ,MUNICIPIUL CAMPIA TURZII,https://campiaturzii.ro,,municipiu,unknown,yes,no,,,no,no,feed nu raspunde
CALARASI,CHIRNOGI,http://www.comunachirnogi.ro,https://comunachirnogi.ro/feed/,comuna,wordpress,yes,yes,0,,no,no,
CALARASI,MITRENI,http://www.primariamitreni.ro,,comuna,joomla,yes,no,,,no,no,feed nu raspunde
CALARASI,SOLDANU,https://primaria-soldanu.ro,,comuna,unknown,yes,no,,,no,no,feed nu raspunde
CALARASI,VASILATI,http://primariavasilati.ro,https://primariavasilati.ro/feed/,comuna,wordpress,yes,yes,0,,no,no,
CLUJ,ORAS HUEDIN,https://primariahuedin.ro,https://primariahuedin.ro/feed/,oras,wordpress,yes,yes,15,2026-08-31,yes,yes,
CALARASI,STEFAN CEL MARE,https://www.stefancelmarecl.ro,https://www.stefancelmarecl.ro/feed/,comuna,wordpress,yes,yes,12,2026-09-01,yes,yes,
CLUJ,MUNICIPIUL TURDA,https://primariaturda.ro,https://primariaturda.ro/feed,municipiu,other,yes,no,,,no,no,feed nu raspunde
CLUJ,AITON,http://primariaaiton.ro,https://primariaaiton.ro/feed/,comuna,wordpress,yes,yes,3,2025-07-17,no,no,
CALARASI,PLATARESTI,https://primaria-plataresti.ro,https://primaria-plataresti.ro/feed/,comuna,wordpress,yes,yes,0,,no,no,
CLUJ,APAHIDA,http://www.primaria-apahida.ro,https://primaria-apahida.ro/feed/,comuna,wordpress,yes,yes,10,2026-09-03,yes,yes,
CLUJ,CAMARASU,https://www.primariacamarasu.ro,https://www.primariacamarasu.ro/feed/,comuna,wordpress,yes,yes,20,2026-08-24,yes,yes,
CLUJ,CAPUSU MARE,https://www.primaria-capusumare.ro,,comuna,other,yes,no,,,no,no,feed nu raspunde
CLUJ,CATINA,https://www.primariacatina.ro,,comuna,unknown,yes,no,,,no,no,feed nu raspunde
CARAS-SEVERIN,SOCOL,https://www.primariasocol.ro,,comuna,other,yes,no,,,no,no,feed nu raspunde
CLUJ,CASEIU,https://www.caseiu.ro,,comuna,other,yes,no,,,no,no,feed nu raspunde
CLUJ,ASCHILEU,https://www.comunaaschileu.ro,,comuna,wordpress,yes,no,,,no,no,feed nu raspunde
CLUJ,BONTIDA,http://comunabontida.ro,https://comunabontida.ro/feed/,comuna,wordpress,yes,yes,10,2023-06-26,no,no,
CLUJ,BORSA,https://www.primariaborsa.ro,https://primariaborsa.ro/feed/,comuna,wordpress,yes,yes,10,2026-09-02,yes,yes,
CLUJ,CALARASI,https://primariacalarasi-cluj.ro,https://primariacalarasi-cluj.ro/feed/,comuna,wordpress,yes,yes,10,2026-06-10,yes,no,
CALARASI,CHISELET,http://www.primariachiselet.ro,,comuna,joomla,yes,no,,,no,no,feed nu raspunde
CLUJ,CALATELE,http://www.primariacalatele.ro,https://primariacalatele.ro/feed/,comuna,wordpress,yes,yes,10,2026-08-21,yes,yes,
CALARASI,VALCELELE,http://www.primariavilcelele.ro,,comuna,unknown,no,no,,,no,no,site mort
CLUJ,AGHIRESU,https://aghiresu.ro,https://aghiresu.ro/feed/,comuna,wordpress,yes,yes,3,2020-03-09,no,no,
CALARASI,CUZA VODA,http://www.primariacuzavoda.ro,https://primariacuzavoda.ro/feed/,comuna,wordpress,yes,yes,0,,no,no,
CLUJ,CORNESTI,http://primariacornesti.ro/ro,,comuna,unknown,yes,no,,,no,no,feed nu raspunde
CLUJ,FIZESU GHERLII,https://www.fizesu-gherlii.ro,,comuna,other,yes,no,,,no,no,feed nu raspunde
CLUJ,GARBAU,http://www.primariagarbau.ro,https://www.primariagarbau.ro/feed/,comuna,wordpress,yes,yes,10,2021-11-16,no,no,
CLUJ,ICLOD,https://www.primariaiclod.ro,,comuna,unknown,no,no,,,no,no,site mort
CLUJ,FELEACU,http://www.comunafeleacu.ro,,comuna,e-adm,yes,no,,,no,no,feed nu raspunde
CLUJ,BELIS,https://primariabelis.ro,,comuna,unknown,no,no,,,no,no,site mort
CLUJ,FRATA,https://www.primariafrata.ro,,comuna,unknown,yes,no,,,no,no,feed nu raspunde
CLUJ,IARA,http://primariaiara.ro,https://primariaiara.ro/feed/,comuna,wordpress,yes,yes,0,,no,no,
CLUJ,CATCAU,https://www.primariacatcau.ro,,comuna,wordpress,yes,no,,,no,no,feed nu raspunde
CALARASI,ORAS FUNDULEA,http://www.primaria-fundulea.ro,,oras,joomla,yes,no,,,no,no,feed nu raspunde
CLUJ,FLORESTI,https://www.floresticluj.ro,https://floresticluj.ro/feed/,comuna,wordpress,yes,yes,10,2026-09-04,yes,yes,
CLUJ,GILAU,https://comunagilau.ro,https://comunagilau.ro/feed/,comuna,wordpress,yes,yes,6,2026-09-04,yes,yes,
CLUJ,CEANU MARE,http://www.ceanu-mare.ro,https://ceanu-mare.ro/feed/,comuna,wordpress,yes,yes,10,2026-09-04,yes,yes,
CLUJ,CIURILA,http://primariaciurila.ro,,comuna,other,yes,no,,,no,no,feed nu raspunde
CLUJ,COJOCNA,https://comunacojocna.ro,https://comunacojocna.ro/feed/,comuna,wordpress,yes,yes,10,2026-09-03,yes,yes,
CLUJ,IZVORU CRISULUI,http://primariaizvorucrisului.ro,,comuna,e-adm,yes,no,,,no,no,feed nu raspunde
CLUJ,GEACA,http://www.primariageaca.ro,https://primariageaca.ro/feed/,comuna,wordpress,yes,yes,8,2025-05-26,no,no,
CLUJ,CUZDRIOARA,https://primaria-cuzdrioara.ro,,comuna,wordpress,yes,no,,,no,no,feed nu raspunde
CLUJ,ALUNIS,http://www.comunaalunis.ro,,comuna,other,yes,no,,,no,no,feed nu raspunde
CALARASI,JEGALIA,http://www.primariajegalia.ro,,comuna,joomla,yes,no,,,no,no,feed nu raspunde
CLUJ,MOCIU,https://www.primariamociu.ro,,comuna,unknown,yes,no,,,no,no,feed nu raspunde
CLUJ,PLOSCOS,http://www.primariaploscos.ro,,comuna,unknown,no,no,,,no,no,site mort
CLUJ,MANASTIRENI,https://primariamanastireni.ro,https://primariamanastireni.ro/feed/,comuna,wordpress,yes,yes,10,2026-08-26,yes,yes,
CLUJ,BUZA,https://www.primariabuza.ro,,comuna,other,yes,no,,,no,no,feed nu raspunde
CLUJ,BAISOARA,https://www.primariabaisoara.ro,,comuna,unknown,yes,no,,,no,no,feed nu raspunde
CALARASI,ILEANA,http://www.comunaileana.ro,https://www.comunaileana.ro/feed,comuna,wordpress,yes,yes,1,2020-03-20,no,no,
CLUJ,CAIANU,http://www.primariacaianu.ro,,comuna,other,yes,no,,,no,no,feed nu raspunde
CLUJ,CHIUIESTI,https://primariachiuiesti.ro,,comuna,wordpress,yes,no,,,no,no,feed nu raspunde
CALARASI,LEHLIU,http://www.comunalehliu.ro,,comuna,other,yes,no,,,no,no,feed nu raspunde
CLUJ,JICHISU DE JOS,https://N/A,,comuna,unknown,no,no,,,no,no,site mort
CLUJ,CHINTENI,https://www.primariachinteni.ro,https://www.primariachinteni.ro/feed/,comuna,wordpress,yes,yes,10,2023-03-29,no,no,
CLUJ,LUNA,https://www.primarialuna.ro,https://www.primarialuna.ro/feed/,comuna,wordpress,yes,yes,12,2026-09-03,yes,yes,
CLUJ,DABACA,https://primaria-dabaca.ro,https://primaria-dabaca.ro/feed/,comuna,wordpress,yes,yes,10,2026-09-04,yes,yes,
CLUJ,MOLDOVENESTI,https://www.primariamoldovenesti.ro,https://www.primariamoldovenesti.ro/feed/,comuna,wordpress,yes,yes,12,2026-08-28,yes,yes,
CLUJ,MICA,http://www.primariamica.ro,,comuna,e-adm,yes,no,,,no,no,feed nu raspunde
CLUJ,MIHAI VITEAZU,https://primariamihaiviteazu.ro,https://primariamihaiviteazu.ro/feed/,comuna,wordpress,yes,yes,10,2026-08-28,yes,yes,
CLUJ,MARGAU,https://N/A,,comuna,unknown,no,no,,,no,no,site mort
CLUJ,PALATCA,https://primariapalatca.ro,,comuna,wordpress,yes,no,,,no,no,feed nu raspunde
CLUJ,CIUCEA,https://primariaciucea.ro,https://primariaciucea.ro/feed/,comuna,wordpress,yes,yes,0,,no,no,
CLUJ,PETRESTII DE JOS,https://petrestiidejos.ro,https://petrestiidejos.ro/feed/,comuna,wordpress,yes,yes,10,2026-09-01,yes,yes,
CLUJ,VULTURENI,http://www.vultureni.ro,,comuna,unknown,no,no,,,no,no,site mort
CLUJ,SANPAUL,http://www.sinpaul.ro,,comuna,unknown,no,no,,,no,no,site mort
CLUJ,BACIU,http://primaria-baciu.ro,,comuna,other,yes,no,,,no,no,feed nu raspunde
CLUJ,TAGA,https://www.primariataga.ro,,comuna,unknown,yes,no,,,no,no,feed nu raspunde
CLUJ,MINTIU GHERLII,https://www.mintiu-gherlii.ro,,comuna,other,yes,no,,,no,no,feed nu raspunde
CLUJ,UNGURAS,https://www.comunaunguras.ro,,comuna,unknown,no,no,,,no,no,site mort
CLUJ,SACUIEU,https://www.primariasacuieu.ro,https://www.primariasacuieu.ro/feed/,comuna,wordpress,yes,yes,1,2017-10-27,no,no,
CLUJ,VAD,https://primariavad.ro,,comuna,wordpress,yes,no,,,no,no,feed nu raspunde
CONSTANTA,ORAS HARSOVA,https://primaria-harsova.ro,,oras,e-adm,yes,no,,,no,no,feed nu raspunde
CLUJ,SANDULESTI,https://comunasandulesti.ro,https://comunasandulesti.ro/feed/,comuna,wordpress,yes,yes,10,2026-09-01,yes,yes,
CLUJ,BOBALNA,https://www.primariabobilna.ro,,comuna,unknown,yes,no,,,no,no,feed nu raspunde
CLUJ,TRITENII DE JOS,https://www.primariatriteniidejos.ro,,comuna,unknown,yes,no,,,no,no,feed nu raspunde
CONSTANTA,ORAS NEGRU VODA,https://primaria-negruvoda.ro,https://primaria-negruvoda.ro/index.php/feed/,oras,wordpress,yes,yes,10,2024-04-26,no,no,
CONSTANTA,ORAS MURFATLAR,https://www.primaria-murfatlar.ro,https://www.primaria-murfatlar.ro/?format=feed&type=rss,oras,joomla,yes,yes,15,2026-08-30,yes,yes,
CLUJ,PANTICEU,https://www.primaria-panticeu.ro/c,,comuna,unknown,yes,no,,,no,no,feed nu raspunde
CONSTANTA,ORAS CERNAVODA,http://www.primaria-cernavoda.ro,https://primaria-cernavoda.ro/feed/,oras,wordpress,yes,yes,10,2026-09-03,yes,yes,
CONSTANTA,ORAS NAVODARI,https://www.primaria-navodari.ro,https://www.primaria-navodari.ro/feed/,oras,wordpress,yes,yes,5,2026-09-04,yes,yes,
CONSTANTA,AGIGEA,https://www.primaria-agigea.ro,https://primaria-agigea.ro/feed/,comuna,wordpress,yes,yes,10,2026-08-28,yes,yes,
CLUJ,MAGURI-RACATAU,https://www.comunamaguriracatau.ro,https://comunamaguriracatau.ro/feed/,comuna,wordpress,yes,yes,7,2023-04-14,no,no,
CONSTANTA,23 August,https://primaria23august.ro,https://primaria23august.ro/feed/,comuna,wordpress,yes,yes,1,2019-10-11,no,no,
CLUJ,SAVADISLA,https://primariasavadisla.ro,https://primariasavadisla.ro/feed/,comuna,wordpress,yes,yes,10,2026-09-01,yes,yes,
CLUJ,MARISEL,https://www.primariamarisel.ro,https://primariamarisel.ro/feed/,comuna,wordpress,yes,yes,7,2023-03-11,no,no,
CONSTANTA,MUNICIPIUL MEDGIDIA,https://primaria-medgidia.ro,https://primaria-medgidia.ro/feed/,municipiu,wordpress,yes,yes,10,2026-09-03,yes,yes,
CONSTANTA,CIOBANU,http://primaria-ciobanu.ro,,comuna,unknown,no,no,,,no,no,site mort
CALARASI,GURBANESTI,http://www.gurbanesti.ro,,comuna,wordpress,yes,no,,,no,no,feed nu raspunde
CONSTANTA,ORAS OVIDIU,http://www.primariaovidiu.ro,https://primariaovidiu.ro/feed/,oras,wordpress,yes,yes,10,2026-08-26,yes,yes,
CLUJ,VALEA IERII,https://www.primariavaleaierii.ro,,comuna,unknown,yes,no,,,no,no,feed nu raspunde
CLUJ,MUNICIPIUL GHERLA,http://www.gherla.ro,,municipiu,wordpress,yes,no,,,no,no,feed nu raspunde
CONSTANTA,MUNICIPIUL MANGALIA,https://mangalia.ro,https://mangalia.ro/feed/,municipiu,wordpress,yes,yes,10,2026-09-04,yes,yes,
CONSTANTA,ORAS TECHIRGHIOL,https://www.primariatechirghiol.ro,,oras,wordpress,yes,no,,,no,no,feed nu raspunde
CLUJ,RISCA,https://www.primariarisca.ro,,comuna,unknown,yes,no,,,no,no,feed nu raspunde
CONSTANTA,ADAMCLISI,https://primaria-adamclisi.ro,https://primaria-adamclisi.ro/feed/,comuna,wordpress,yes,yes,12,2026-09-02,yes,yes,
CLUJ,SANCRAIU,http://www.sancraiu.ro,,comuna,unknown,yes,no,,,no,no,feed nu raspunde
CLUJ,SANMARTIN,https://www.primariasinmartin.ro,,comuna,unknown,yes,no,,,no,no,feed nu raspunde
CONSTANTA,COBADIN,http://primariacobadin.ro,https://primariacobadin.ro/feed/,comuna,wordpress,yes,yes,10,2025-05-09,no,no,
CLUJ,TURENI,https://comunatureni.ro,https://comunatureni.ro/feed/,comuna,wordpress,yes,yes,10,2026-09-03,yes,yes,
CONSTANTA,ALBESTI,https://comuna-albestict.ro,https://comuna-albestict.ro/feed/,comuna,wordpress,yes,yes,1,2024-08-07,no,no,
CONSTANTA,ORAS EFORIE,https://www.primariaeforie.ro,,oras,wordpress,yes,no,,,no,no,feed nu raspunde
CONSTANTA,COGEALAC,https://www.primariacogealac.ro,https://www.primariacogealac.ro/feed,comuna,wordpress,yes,yes,4,2026-06-17,yes,no,
CLUJ,NEGRENI,https://www.primarianegreni.ro,https://primarianegreni.ro/feed/,comuna,wordpress,yes,yes,30,2026-09-02,yes,yes,
CALARASI,INDEPENDENTA,http://www.primariaindependenta.ro,https://primariaindependenta.ro/feed/,comuna,wordpress,yes,yes,1,2021-07-25,no,no,
CONSTANTA,GARLICIU,https://primariagarliciu.ro,https://primariagarliciu.ro/feed/,comuna,wordpress,yes,yes,0,,no,no,
CLUJ,SIC,http://www.szek-sic.ro,,comuna,unknown,yes,no,,,no,no,feed nu raspunde
CONSTANTA,ISTRIA,https://primaria-istria.ro,https://primaria-istria.ro/feed/,comuna,wordpress,yes,yes,10,2026-08-12,yes,yes,
CONSTANTA,HORIA,https://www.primariahoriaconstanta.ro,,comuna,unknown,no,no,,,no,no,site mort
CONSTANTA,CORBU,http://primariacorbu.ro,,comuna,unknown,yes,no,,,no,no,feed nu raspunde
CONSTANTA,COSTINESTI,https://primariacostinesti.ro,,comuna,unknown,yes,no,,,no,no,feed nu raspunde
CONSTANTA,CUZA VODA,https://www.primariacuzavodact.ro,,comuna,unknown,no,no,,,no,no,site mort
CONSTANTA,CERCHEZU,https://primariacerchezu.ro,https://primariacerchezu.ro/feed/,comuna,wordpress,yes,yes,12,2026-06-16,yes,no,
CONSTANTA,CUMPANA,https://primaria-cumpana.ro,,comuna,unknown,yes,no,,,no,no,feed nu raspunde
CLUJ,POIENI,https://www.primariapoieni.ro,,comuna,unknown,yes,no,,,no,no,feed nu raspunde
CONSTANTA,DOBROMIR,http://primariadobromir.yolasite.com,,comuna,unknown,yes,no,,,no,no,feed nu raspunde
CONSTANTA,DUMBRAVENI,https://www.primaria-dumbraveni.ro,,comuna,unknown,yes,no,,,no,no,feed nu raspunde
CONSTANTA,FANTANELE,https://www.primariafantanelect.ro,,comuna,unknown,yes,no,,,no,no,feed nu raspunde
CONSTANTA,CRUCEA,http://www.crucea.judetul-constanta.ro,https://primaria-crucea.ro/feed/,comuna,wordpress,yes,yes,10,2026-09-03,yes,yes,
CONSTANTA,ION CORVIN,https://www.primariaioncorvin.ro,https://www.primariaioncorvin.ro/feed/,comuna,wordpress,yes,yes,4,2026-06-08,yes,no,
CONSTANTA,MUNICIPIUL CONSTANTA,http://www.primaria-constanta.ro,https://primaria-constanta.ro/feed/,municipiu,wordpress,yes,yes,6,2022-03-17,no,no,
CLUJ,SUATU,http://www.comunasuatu.ro,,comuna,wordpress,yes,no,,,no,no,feed nu raspunde
CONSTANTA,INDEPENDENTA,https://primariaindependenta-ct.ro,https://primariaindependenta-ct.ro/feed/,comuna,wordpress,yes,yes,10,2026-09-01,yes,yes,
CLUJ,RECEA-CRISTUR,https://recea-cristur.ro,,comuna,wordpress,yes,no,,,no,no,feed nu raspunde
CLUJ,JUCU,http://www.primariajucu.ro,https://primariajucu.ro/feed/,comuna,wordpress,yes,yes,8,2024-03-09,no,no,
CONSTANTA,COMANA,http://www.primaria-comana.ro,https://primaria-comana.ro/feed/,comuna,wordpress,yes,yes,10,2026-08-20,yes,yes,
CONSTANTA,POARTA ALBA,http://primariapoartaalba.ro,,comuna,other,yes,no,,,no,no,feed nu raspunde
CONSTANTA,BARAGANU,https://www.primariabaraganu.ro,https://primariabaraganu.ro/feed/,comuna,wordpress,yes,yes,12,2026-08-17,yes,yes,
CONSTANTA,NICOLAE BALCESCU,https://primaria-nbalcescu.ro,,comuna,wordpress,yes,no,,,no,no,feed nu raspunde
CONSTANTA,AMZACEA,https://www.primaria-amzacea.ro,https://primaria-amzacea.ro/feed/,comuna,wordpress,yes,yes,10,2026-08-11,yes,yes,
CONSTANTA,LIPNITA,http://www.primaria-lipnita.ro,,comuna,other,yes,no,,,no,no,feed nu raspunde
CONSTANTA,SACELE,http://www.primariasacelect.ro,,comuna,other,yes,no,,,no,no,feed nu raspunde
CONSTANTA,OSTROV,https://ostrov.judetul-constanta.ro,https://ostrov.judetul-constanta.ro/?format=feed&type=rss,comuna,other,yes,yes,1,2015-12-01,no,no,
CONSTANTA,TARGUSOR,https://primariatirgusor.ro,https://primariatirgusor.ro/feed/,comuna,wordpress,yes,yes,1,,no,no,
CONSTANTA,ALIMAN,https://www.primaria-aliman.ro,https://primaria-aliman.ro/feed/,comuna,wordpress,yes,yes,10,2026-07-09,yes,no,
CONSTANTA,SARAIU,http://www.primaria-saraiu.ro,,comuna,other,yes,no,,,no,no,feed nu raspunde
CONSTANTA,SEIMENI,https://www.primaria-seimeni.ro,https://www.primaria-seimeni.ro/feed/,comuna,wordpress,yes,yes,10,2026-08-12,yes,yes,
CONSTANTA,OLTINA,https://comunaoltina.ro,https://comunaoltina.ro/feed/,comuna,wordpress,yes,yes,10,2026-08-27,yes,yes,
CONSTANTA,MERENI,https://primariamereni.ro,https://primariamereni.ro/feed/,comuna,wordpress,yes,yes,10,2026-09-03,yes,yes,
CONSTANTA,VULTURU,https://comunavulturu.ro,https://comunavulturu.ro/feed/,comuna,wordpress,yes,yes,10,2025-10-02,no,no,
CONSTANTA,MIHAIL KOGALNICEANU,https://mk-primaria.ro,https://mk-primaria.ro/feed/,comuna,wordpress,yes,yes,1,2022-01-07,no,no,
COVASNA,MUNICIPIUL TARGU SECUIESC,https://www.kezdi.ro/ro,https://www.kezdi.ro/feed,municipiu,wordpress,yes,yes,10,2026-07-14,yes,no,
CONSTANTA,SALIGNY,http://www.primariasaligny.ro,https://www.primariasaligny.ro/feed/,comuna,wordpress,yes,yes,12,2026-08-31,yes,yes,
CLUJ,VIISOARA,https://www.comunaviisoara.ro,https://comunaviisoara.ro/feed/,comuna,wordpress,yes,yes,0,,no,no,
COVASNA,BATANI,https://nagybacon.ro/index.php/hu,,comuna,unknown,yes,no,,,no,no,feed nu raspunde
COVASNA,BIXAD,http://www.primariabixad.ro,,comuna,unknown,no,no,,,no,no,site mort
COVASNA,ORAS COVASNA,http://www.primariacovasna.ro/home,,oras,e-adm,yes,no,,,no,no,feed nu raspunde
CONSTANTA,MIRCEA VODA,http://www.primaria-mirceavoda.ro,https://primaria-mirceavoda.ro/feed/,comuna,wordpress,yes,yes,10,2026-08-21,yes,yes,
CONSTANTA,SILISTEA,http://www.primaria-silistea.ro,https://primaria-silistea.ro/feed/,comuna,wordpress,yes,yes,12,2026-08-20,yes,yes,
COVASNA,MUNICIPIUL SFANTU GHEORGHE,https://www.sfantugheorgheinfo.ro,https://www.sfantugheorgheinfo.ro/rss,municipiu,other,yes,yes,639,,no,no,
CONSTANTA,DELENI,http://www.primariadeleniconstanta.ro,https://www.primariadeleniconstanta.ro/feed/,comuna,wordpress,yes,yes,1,2026-03-27,yes,no,
CONSTANTA,CHIRNOGENI,https://www.primaria-chirnogeni.ro,https://primaria-chirnogeni.ro/feed/,comuna,wordpress,yes,yes,12,2026-08-12,yes,yes,
CONSTANTA,LUMINA,https://www.primaria-lumina.ro,https://www.primaria-lumina.ro/feed/,comuna,wordpress,yes,yes,10,2026-09-04,yes,yes,
CONSTANTA,MIHAI VITEAZU,http://www.primaria-mihaiviteazu.ro/index.html,,comuna,unknown,yes,no,,,no,no,feed nu raspunde
COVASNA,CHICHIS,http://www.ro.chichis.ro,,comuna,unknown,no,no,,,no,no,site mort
COVASNA,ARCUS,http://primariaarcus.ro,,comuna,joomla,yes,no,,,no,no,feed nu raspunde
COVASNA,DOBARLAU,https://primariadobarlau.ro,,comuna,unknown,no,no,,,no,no,site mort
CONSTANTA,GRADINA,https://www.primariagradina.ro,https://www.primariagradina.ro/feed/,comuna,wordpress,yes,yes,12,2026-08-20,yes,yes,
COVASNA,AITA MARE,https://primariaaitamare.ro,https://primariaaitamare.ro/feed/,comuna,wordpress,yes,yes,10,2025-03-18,no,no,
CONSTANTA,TOPALU,http://www.primariatopalu.ro,,comuna,unknown,yes,no,,,no,no,feed nu raspunde
COVASNA,ORAS BARAOLT,https://primariabaraolt.ro/index.php/hu,,oras,unknown,yes,no,,,no,no,feed nu raspunde
CONSTANTA,CIOCARLIA,http://www.primariaciocirlia.ro,https://primariaciocirlia.ro/feed/,comuna,wordpress,yes,yes,10,2026-09-01,yes,yes,
COVASNA,ILIENI,https://ilieni.ro,,comuna,unknown,yes,no,,,no,no,feed nu raspunde
CONSTANTA,VALU LUI TRAIAN,https://www.valu-lui-traian.ro,https://valu-lui-traian.ro/feed/,comuna,wordpress,yes,yes,5,2026-06-07,yes,no,
COVASNA,GHIDFALAU,https://primariaghidfalau.ro/index.php/ro,,comuna,unknown,yes,no,,,no,no,feed nu raspunde
COVASNA,BELIN,https://primariabelin.ro/web,https://primariabelin.ro/web/feed/,comuna,wordpress,yes,yes,10,2025-10-15,no,no,
COVASNA,GHELINTA,https://www.gelence.info/index.php/ro,,comuna,wordpress,yes,no,,,no,no,feed nu raspunde
COVASNA,ESTELNIC,https://estelnic.ro/index.php/ro,,comuna,wordpress,yes,no,,,no,no,feed nu raspunde
CONSTANTA,GHINDARESTI,https://www.comunaghindaresti.ro,https://www.comunaghindaresti.ro/feed/,comuna,wordpress,yes,yes,12,2026-08-27,yes,yes,
CONSTANTA,TUZLA,https://www.primaria-tuzla.ro,,comuna,joomla,yes,no,,,no,no,feed nu raspunde
COVASNA,BODOC,https://bodok.ro/index.php/ro,,comuna,joomla,yes,no,,,no,no,feed nu raspunde
CONSTANTA,PANTELIMON,https://www.pantelimonct.ro,,comuna,unknown,yes,no,,,no,no,feed nu raspunde
COVASNA,POIAN,https://kezdiszentkereszt.ro/index.php/ro,,comuna,unknown,yes,no,,,no,no,feed nu raspunde
COVASNA,LEMNIA,http://www.lemnia.ro/ro/index.php#1,,comuna,unknown,yes,no,,,no,no,feed nu raspunde
COVASNA,CATALINA,http://www.szentkatolna.info/ro/index.php?page=contact#2,,comuna,unknown,no,no,,,no,no,site mort
COVASNA,MALNAS,https://primariamalnas.ro/index.php/ro,,comuna,joomla,yes,no,,,no,no,feed nu raspunde
CONSTANTA,RASOVA,https://primaria-rasova.ro,https://primaria-rasova.ro/feed/,comuna,wordpress,yes,yes,10,2026-09-03,yes,yes,
COVASNA,VALEA MARE,https://valeamare.info/index.php/ro,,comuna,unknown,no,no,,,no,no,site mort
COVASNA,BARCANI,http://www.primariabarcani.ro,https://primariabarcani.ro/feed/,comuna,wordpress,yes,yes,1,2021-10-13,no,no,
COVASNA,SITA BUZAULUI,http://sita-buzaului.ro,,comuna,joomla,yes,no,,,no,no,feed nu raspunde
COVASNA,SANZIENI,https://sanzieni.ro/index.php/ro,,comuna,joomla,yes,no,,,no,no,feed nu raspunde
COVASNA,TURIA,https://torja.info/index.php/ro,,comuna,unknown,yes,no,,,no,no,feed nu raspunde
CONSTANTA,TORTOMAN,http://www.primaria-tortoman.ro,https://primaria-tortoman.ro/feed/,comuna,wordpress,yes,yes,10,2026-08-21,yes,yes,
COVASNA,VALCELE,https://primariavalcele.ro/index.php/ro,,comuna,unknown,yes,no,,,no,no,feed nu raspunde
COVASNA,RECI,https://reci.ro/reci,https://reci.ro/reci/feed/,comuna,wordpress,yes,yes,10,2024-10-18,no,no,
COVASNA,BRETCU,https://bretcu-bereck.ro/index.php/ro,,comuna,unknown,yes,no,,,no,no,feed nu raspunde
COVASNA,DALNIC,https://dalnic.ro/index.php/hu,,comuna,joomla,yes,no,,,no,no,feed nu raspunde
CONSTANTA,ORAS BANEASA,https://primaria-baneasa.ro,,oras,unknown,yes,no,,,no,no,feed nu raspunde
COVASNA,BOROSNEU MARE,https://nagyborosnyo.ro/index.php/ro,,comuna,joomla,yes,no,,,no,no,feed nu raspunde
COVASNA,VALEA CRISULUI,https://www.primariavaleacrisului.ro/web,https://www.primariavaleacrisului.ro/web/feed/,comuna,wordpress,yes,yes,10,2026-01-16,yes,no,
COVASNA,CERNAT,http://www.csernaton.ro,,comuna,joomla,yes,no,,,no,no,feed nu raspunde
CONSTANTA,PESTERA,https://www.comunapestera.ro,https://www.pensiuneacolumna.ro/feed/,comuna,wordpress,yes,no,,,no,no,feed nu raspunde
COVASNA,BRADUT,https://www.comunabradut.ro/index.php/hu,,comuna,joomla,yes,no,,,no,no,feed nu raspunde
COVASNA,HAGHIG,http://www.primariahaghig.ro,https://primariahaghig.ro/feed/,comuna,wordpress,yes,yes,0,,no,no,
DAMBOVITA,BRANISTEA,http://primaria-branistea.ro,,comuna,unknown,no,no,,,no,no,site mort
DAMBOVITA,ORAS TITU,https://primariatitu.ro,,oras,e-adm,yes,no,,,no,no,feed nu raspunde
CONSTANTA,PECINEAGA,http://www.primaria-pecineaga.ro,https://primaria-pecineaga.ro/feed/,comuna,wordpress,yes,yes,10,2026-09-03,yes,yes,
DAMBOVITA,BUCIUMENI,https://buciumeni.ro,https://buciumeni.ro/feed/,comuna,wordpress,yes,yes,6,2022-06-07,no,no,
DAMBOVITA,BUTIMANU,http://primaria-butimanu.ro,https://primaria-butimanu.ro/feed,comuna,other,yes,yes,10,,no,no,
DAMBOVITA,BREZOAELE,http://www.primariabrezoaele.ro,,comuna,other,yes,no,,,no,no,feed nu raspunde
COVASNA,ZAGON,https://comunazagon.info/index.php/ro,,comuna,unknown,yes,no,,,no,no,feed nu raspunde
COVASNA,ZABALA,https://zabola.ro/index.php/ro,,comuna,unknown,yes,no,,,no,no,feed nu raspunde
DAMBOVITA,BUCSANI,https://www.bucsani.ro,https://www.bucsani.ro/feed/,comuna,wordpress,yes,yes,2,2025-08-21,no,no,
CONSTANTA,CASTELU,http://www.primariacastelu.ro,,comuna,unknown,no,no,,,no,no,site mort
COVASNA,VARGHIS,https://www.varghis.ro/web,https://www.varghis.ro/web/feed/,comuna,wordpress,yes,yes,10,2026-02-13,yes,no,
COVASNA,BRATES,http://baratos.ro/index.php/ro/home,https://web.baratos.ro/feed/,comuna,wordpress,yes,yes,10,2022-11-03,no,no,
DAMBOVITA,CANDESTI,https://primariacandesti.ro,https://primariacandesti.ro/feed/,comuna,wordpress,yes,yes,10,2026-08-28,yes,yes,
DAMBOVITA,ORAS GAESTI,https://www.primaria-gaesti.ro,,oras,other,yes,no,,,no,no,feed nu raspunde
DAMBOVITA,BRANESTI,https://branestidambovita.ro,https://branestidambovita.ro/feed/,comuna,wordpress,yes,yes,10,2024-04-26,no,no,
DAMBOVITA,CONTESTI,https://primariacontesti.ro,https://primariacontesti.ro/?feed=rss2,comuna,wordpress,yes,yes,10,2026-09-04,yes,yes,
DAMBOVITA,ORAS FIENI,http://www.fieni.ro,https://www.fieni.ro/feed/,oras,wordpress,yes,yes,12,2026-06-10,yes,no,
DAMBOVITA,MUNICIPIUL MORENI,https://primariamoreni.ro,https://primariamoreni.ro/feed/,municipiu,wordpress,yes,yes,25,2025-02-18,no,no,
DAMBOVITA,ORAS PUCIOASA,https://www.primpuc.ro,,oras,unknown,yes,no,,,no,no,feed nu raspunde
DAMBOVITA,MUNICIPIUL TARGOVISTE,http://www.pmtgv.ro,,municipiu,other,yes,no,,,no,no,feed nu raspunde
DAMBOVITA,DRAGOMIRESTI,http://primaria-dragomiresti.ro,,comuna,unknown,no,no,,,no,no,site mort
DAMBOVITA,DOICESTI,http://www.primariadoicesti.ro,https://primariadoicesti.ro/feed/,comuna,wordpress,yes,yes,0,,no,no,
DAMBOVITA,GLODENI,http://www.primaria-glodeni.ro/p/acasa_48.html,,comuna,unknown,no,no,,,no,no,site mort
DAMBOVITA,DOBRA,https://comunadobra.ro,,comuna,wordpress,yes,no,,,no,no,feed nu raspunde
COVASNA,ORAS INTORSURA BUZAULUI,http://www.intorsura.info,http://www.intorsura.info/feed/,oras,wordpress,yes,yes,7,2024-10-23,no,no,
DAMBOVITA,CORNATELU,http://www.primariacornatelu.ro,https://primariacornatelu.ro/feed/,comuna,wordpress,yes,yes,10,2026-09-04,yes,yes,
COVASNA,MOACSA,http://www.moacsa.ro/moacsa,,comuna,unknown,yes,no,,,no,no,feed nu raspunde
COVASNA,OZUN,http://ozun.ro/ozun/2009/08/12/uzon-3/?lang=ro,,comuna,unknown,yes,no,,,no,no,feed nu raspunde
COVASNA,OJDULA,https://ozsdola.ro/index.php/ro,,comuna,unknown,yes,no,,,no,no,feed nu raspunde
DAMBOVITA,CRANGURILE,http://www.primaria-crangurile.ro/crangurile/index.php,,comuna,other,yes,no,,,no,no,feed nu raspunde
DAMBOVITA,GURA OCNITEI,http://primariaguraocnitei.ro,,comuna,e-adm,yes,no,,,no,no,feed nu raspunde
DAMBOVITA,ORAS RACARI,https://primariaracari.ro,https://primariaracari.ro/feed/,oras,wordpress,yes,yes,3,2026-01-27,yes,no,
DAMBOVITA,MALU CU FLORI,http://primariamalucuflori.ro,,comuna,unknown,no,no,,,no,no,site mort
DAMBOVITA,MANESTI,http://www.primariamanesti.ro,,comuna,unknown,no,no,,,no,no,site mort
DAMBOVITA,LUNGULETU,https://primarialunguletu.ro,,comuna,other,yes,no,,,no,no,feed nu raspunde
DAMBOVITA,CORBII MARI,https://primaria-corbiimari.ro,https://primaria-corbiimari.ro/feed/,comuna,wordpress,yes,yes,0,,no,no,
DAMBOVITA,COBIA,http://cobia.ro,https://cobia.ro/feed/,comuna,wordpress,yes,yes,10,2026-07-10,yes,no,
DAMBOVITA,BALENI,https://www.primariabaleni.ro,,comuna,unknown,yes,no,,,no,no,feed nu raspunde
DAMBOVITA,BEZDEAD,http://www.bezdead.ro,,comuna,unknown,yes,no,,,no,no,feed nu raspunde
DAMBOVITA,BILCIURESTI,http://primaria-bilciuresti.ro,,comuna,unknown,yes,no,,,no,no,feed nu raspunde
DAMBOVITA,GURA SUTII,http://www.primariagurasutii.ro,https://primariagurasutii.ro/feed/,comuna,wordpress,yes,yes,0,,no,no,
DAMBOVITA,CORNESTI,https://www.comunacornesti.ro,https://comunacornesti.ro/feed/,comuna,wordpress,yes,yes,10,2025-10-17,no,no,
DAMBOVITA,CREVEDIA,http://www.primariacrevedia.ro,,comuna,unknown,yes,no,,,no,no,feed nu raspunde
DAMBOVITA,MATASARU,http://www.primariamatasarudb.ro,,comuna,unknown,no,no,,,no,no,site mort
DAMBOVITA,COSTESTII DIN VALE,http://primariacostestiidinvale.ro,,comuna,unknown,no,no,,,no,no,site mort
DAMBOVITA,COMISANI,https://www.comisani.ro,,comuna,unknown,yes,no,,,no,no,feed nu raspunde
DAMBOVITA,FINTA,https://primariacomuneifinta.ro,https://primariacomuneifinta.ro/feed/,comuna,wordpress,yes,yes,10,2026-09-02,yes,yes,
CONSTANTA,LIMANU,https://www.primarialimanu.ro,https://primarialimanu.ro/feed/,comuna,wordpress,yes,yes,10,2026-01-12,yes,no,
DAMBOVITA,COJASCA,https://www.primariacojasca.ro,https://www.primariacojasca.ro/feed/,comuna,wordpress,yes,yes,0,,no,no,
COVASNA,MERENI,https://kezdialmas.ro/index.php/hu,,comuna,unknown,yes,no,,,no,no,feed nu raspunde
COVASNA,MICFALAU,https://mikoujfalu.ro/index.php/hu,,comuna,unknown,yes,no,,,no,no,feed nu raspunde
DAMBOVITA,BARBULETU,https://primariabarbuletu.ro,https://www.primariabarbuletu.ro/feed/,comuna,wordpress,yes,yes,12,2026-06-17,yes,no,
CONSTANTA,TOPRAISAR,https://www.primaria-topraisar.ro,,comuna,unknown,yes,no,,,no,no,feed nu raspunde
DAMBOVITA,I. L. CARAGIALE,https://www.primariacaragiale.ro,,comuna,unknown,yes,no,,,no,no,feed nu raspunde
DAMBOVITA,IEDERA,https://sites.google.com/site/comunaiedera,,comuna,unknown,yes,no,,,no,no,feed nu raspunde
DAMBOVITA,LUCIENI,http://primarialucieni.ro,,comuna,unknown,yes,no,,,no,no,feed nu raspunde
DAMBOVITA,RASCAETI,https://primaria-rascaeti.ro,,comuna,unknown,no,no,,,no,no,site mort
DAMBOVITA,LUDESTI,https://primarialudesti.ro,,comuna,unknown,yes,no,,,no,no,feed nu raspunde
DAMBOVITA,HULUBESTI,https://primariahulubesti.ro,,comuna,other,yes,no,,,no,no,feed nu raspunde
DAMBOVITA,SLOBOZIA MOARA,https://www.primariasloboziamoara.ro,,comuna,unknown,no,no,,,no,no,site mort
DAMBOVITA,PERSINARI,http://www.primariapersinari.ro,,comuna,other,yes,no,,,no,no,feed nu raspunde
DAMBOVITA,ODOBESTI,http://www.primarieodobesti.ro,https://www.primarieodobesti.ro/feed/,comuna,wordpress,yes,yes,12,2026-09-04,yes,yes,
DAMBOVITA,POTLOGI,https://primariapotlogi.ro,https://primariapotlogi.ro/feed/,comuna,wordpress,yes,yes,1,2022-12-02,no,no,
DAMBOVITA,GURA FOII,https://www.primariagurafoii.ro,https://primariagurafoii.ro/feed/,comuna,wordpress,yes,yes,10,2024-01-12,no,no,
DAMBOVITA,MOGOSANI,http://mogosani.ro,,comuna,unknown,yes,no,,,no,no,feed nu raspunde
DAMBOVITA,PIETRARI,http://www.pietraridambovita.ro,,comuna,unknown,no,no,,,no,no,site mort
DAMBOVITA,ULIESTI,http://primariauliesti.ro,,comuna,other,yes,no,,,no,no,feed nu raspunde
DAMBOVITA,PETRESTI,https://www.primariapetresti.ro,,comuna,other,yes,no,,,no,no,feed nu raspunde
DAMBOVITA,RACIU,https://www.raciu.ro,,comuna,other,yes,no,,,no,no,feed nu raspunde
DAMBOVITA,PUCHENI,http://www.primariapucheni.ro,https://primariapucheni.ro/feed/,comuna,wordpress,yes,yes,0,,no,no,
DAMBOVITA,PIETROSITA,https://www.primariapietrositadb.ro,,comuna,other,yes,no,,,no,no,feed nu raspunde
DAMBOVITA,VLADENI,http://primaria-vladeni.ro,,comuna,unknown,no,no,,,no,no,site mort
DAMBOVITA,CIOCANESTI,https://primariaciocanestidb.ro,https://www.primariaciocanestidb.ro/feed/,comuna,wordpress,yes,yes,12,2026-07-31,yes,no,
DAMBOVITA,PRODULESTI,https://www.primariaprodulesti.ro,,comuna,other,yes,no,,,no,no,feed nu raspunde
DAMBOVITA,MORTENI,http://primaria-morteni.ro/morteni,,comuna,unknown,yes,no,,,no,no,feed nu raspunde
DAMBOVITA,RUNCU,https://N/A,,comuna,unknown,no,no,,,no,no,site mort
DAMBOVITA,DARMANESTI,https://www.primaria-darmanesti.ro,,comuna,wordpress,yes,no,,,no,no,feed nu raspunde
DAMBOVITA,OCNITA,https://primariaocnita.ro,,comuna,other,yes,no,,,no,no,feed nu raspunde
DAMBOVITA,TATARANI,https://primariatatarani.ro,https://primariatatarani.ro/feed/,comuna,wordpress,yes,yes,0,,no,no,
DAMBOVITA,TARTASESTI,https://www.primariatartasesti.ro,https://primariatartasesti.ro/feed/,comuna,wordpress,yes,yes,0,,no,no,
DAMBOVITA,RAU ALB,http://primariaraualb.ro,https://primariaraualb.ro/feed/,comuna,wordpress,yes,yes,0,,no,no,
DOLJ,MUNICIPIUL BAILESTI,http://www.primariabailesti.ro,,municipiu,wordpress,yes,no,,,no,no,feed nu raspunde
DAMBOVITA,NICULESTI,https://www.niculesti.ro,https://niculesti.ro/feed/,comuna,wordpress,yes,yes,12,2026-08-18,yes,yes,
DAMBOVITA,VALENI-DIMBOVITA,http://primaria-valeni-dambovita.ro,,comuna,unknown,no,no,,,no,no,site mort
DAMBOVITA,VULCANA-PANDELE,http://vulcanapandele.ro,https://www.vulcanapandele.ro/feed/,comuna,wordpress,yes,yes,0,,no,no,
DOLJ,ORAS DABULENI,http://www.primariadabuleni.ro,,oras,e-adm,yes,no,,,no,no,feed nu raspunde
DAMBOVITA,NUCET,https://www.comunanucet.ro,https://www.comunanucet.ro/feed/,comuna,wordpress,yes,yes,10,2026-09-01,yes,yes,
DAMBOVITA,MOROENI,https://primariamoroeni.ro,https://primariamoroeni.ro/feed/,comuna,wordpress,yes,yes,10,2021-01-27,no,no,
DOLJ,ORAS SEGARCEA,https://primariasegarcea.ro,https://primariasegarcea.ro/feed/,oras,wordpress,yes,yes,0,,no,no,
DAMBOVITA,ULMI,https://www.ulmi.ro,https://www.ulmi.ro/feed/,comuna,wordpress,yes,yes,10,2017-03-30,no,no,
DOLJ,ORAS FILIASI,http://www.primaria-filiasi.ro,,oras,other,yes,no,,,no,no,feed nu raspunde
DAMBOVITA,VALEA LUNGA,https://www.primariavalealunga.ro,,comuna,other,yes,no,,,no,no,feed nu raspunde
DOLJ,MUNICIPIUL CRAIOVA,https://www.primariacraiova.ro/ro,,municipiu,e-adm,yes,no,,,no,no,feed nu raspunde
DAMBOVITA,DRAGODANA,http://primariadragodana.ro/index.php,,comuna,other,yes,no,,,no,no,feed nu raspunde
DOLJ,ORAS BECHET,https://primariabechet.ro,https://primariabechet.ro/feed/,oras,wordpress,yes,yes,10,2026-08-03,yes,yes,
DOLJ,BRADESTI,http://www.primariabradesti.ro,https://www.primariabradesti.ro/feed/,comuna,wordpress,yes,yes,1,2012-11-29,no,no,
DOLJ,ALMAJ,http://primariaalmaj.ro,,comuna,other,yes,no,,,no,no,feed nu raspunde
DOLJ,BULZESTI,https://primariabulzesti.ro,,comuna,unknown,no,no,,,no,no,site mort
DOLJ,BRALOSTITA,https://www.primaria-bralostita.ro,,comuna,e-adm,yes,no,,,no,no,feed nu raspunde
DOLJ,BUCOVAT,http://primaria-bucovat.ro/wp,,comuna,unknown,yes,no,,,no,no,feed nu raspunde
DOLJ,CARAULA,https://primariacaraula.ro,,comuna,unknown,no,no,,,no,no,site mort
DAMBOVITA,VOINESTI,https://primarievoinesti.ro,https://primarievoinesti.ro/feed/,comuna,wordpress,yes,yes,10,2026-03-26,yes,no,
DAMBOVITA,ANINOASA,https://www.primariaaninoasa.ro,,comuna,wordpress,yes,no,,,no,no,feed nu raspunde
COVASNA,COMANDAU,https://www.kommando.ro/index.php/ro,,comuna,joomla,yes,no,,,no,no,feed nu raspunde
DOLJ,APELE VII,http://primaria-apelevii.ro/wp,https://primaria-apelevii.ro/wp/feed/,comuna,wordpress,yes,yes,1,2026-01-13,yes,no,
DOLJ,AMARASTII DE SUS,http://www.comunaamarastiidesus.ro,,comuna,other,yes,no,,,no,no,feed nu raspunde
DOLJ,BRATOVOESTI,http://www.bratovoesti.ro,https://bratovoesti.ro/index.php/feed/,comuna,wordpress,yes,no,,,no,no,feed nu raspunde
DOLJ,BOTOSESTI-PAIA,https://N/A,,comuna,unknown,no,no,,,no,no,site mort
DAMBOVITA,RAZVAD,http://comunarazvad.ro,https://comunarazvad.ro/feed/,comuna,wordpress,yes,yes,10,2024-06-28,no,no,
DAMBOVITA,POIANA,http://primariapoianadb.ro,,comuna,wordpress,yes,no,,,no,no,feed nu raspunde
DOLJ,CALARASI,http://www.primariacalarasi-dj.ro,,comuna,e-adm,yes,no,,,no,no,feed nu raspunde
DOLJ,CALOPAR,https://www.uatcalopar.ro/index.php/contact,,comuna,joomla,yes,no,,,no,no,feed nu raspunde
DOLJ,BREASTA,http://www.primariabreasta.ro,https://primariabreasta.ro/feed/,comuna,wordpress,yes,yes,10,2026-08-13,yes,yes,
DOLJ,CIOROIASI,http://www.comunacioroiasi.ro,https://www.comunacioroiasi.ro/feed/,comuna,wordpress,yes,yes,10,2023-09-11,no,no,
DOLJ,BRABOVA,https://www.primariabrabova.ro,,comuna,other,yes,no,,,no,no,feed nu raspunde
DOLJ,CERAT,https://primariacerat.ro,,comuna,unknown,no,no,,,no,no,site mort
DAMBOVITA,VULCANA-BAI,http://www.vulcanabai.ro/SiteNou,,comuna,unknown,yes,no,,,no,no,feed nu raspunde
DAMBOVITA,SOTANGA,http://www.sotanga.ro,,comuna,other,yes,no,,,no,no,feed nu raspunde
DOLJ,CETATE,http://www.primaria-cetate.ro/index.html,,comuna,unknown,yes,no,,,no,no,feed nu raspunde
DOLJ,DOBROTESTI,http://www.primariadobrotesti.ro,,comuna,unknown,no,no,,,no,no,site mort
DOLJ,CARCEA,https://www.primariacarcea.ro,https://www.primariacarcea.ro/feed/,comuna,wordpress,yes,yes,12,2026-09-02,yes,yes,
DOLJ,COTOFENII DIN DOS,https://cotofeniidindos.ro,https://cotofeniidindos.ro/feed/,comuna,wordpress,yes,yes,0,,no,no,
DOLJ,CARPEN,https://N/A,,comuna,unknown,no,no,,,no,no,site mort
DOLJ,BISTRET,http://primariabistret.ro/index.php?rewriteparam=home,,comuna,e-adm,yes,no,,,no,no,feed nu raspunde
DOLJ,DESA,https://primariadesa.ro,,comuna,joomla,yes,no,,,no,no,feed nu raspunde
DOLJ,GHERCESTI,http://www.primaria.ghercesti.ro,,comuna,unknown,no,no,,,no,no,site mort
DOLJ,CASTRANOVA,http://primariacastranova.ro,https://primariacastranova.ro/feed/,comuna,wordpress,yes,yes,0,,no,no,
DOLJ,DOBRESTI,http://www.primariadobresti.ro,,comuna,other,yes,no,,,no,no,feed nu raspunde
DOLJ,COTOFENII DIN FATA,http://primaria-cotofeniidinfata.ro/wp,https://primaria-cotofeniidinfata.ro/wp/feed/,comuna,wordpress,yes,yes,2,2025-03-10,no,no,
DOLJ,FARCAS,https://www.primariafarcas.ro,,comuna,e-adm,yes,no,,,no,no,feed nu raspunde
DOLJ,GALICEA MARE,http://www.primariagaliceamare.ro,,comuna,other,yes,no,,,no,no,feed nu raspunde
DOLJ,COSOVENI,https://cosoveni.ro,https://cosoveni.ro/feed/,comuna,wordpress,yes,yes,10,2026-08-31,yes,yes,
DAMBOVITA,SELARU,http://comunaselaru.ro,,comuna,unknown,yes,no,,,no,no,feed nu raspunde
DOLJ,CERNATESTI,https://primariacernatesti.ro,https://primariacernatesti.ro/feed/,comuna,wordpress,yes,yes,10,2026-08-31,yes,yes,
DOLJ,GHINDENI,http://primaria-ghindeni.ro/wp,https://primaria-ghindeni.ro/wp/feed/,comuna,wordpress,yes,yes,1,2014-08-18,no,no,
DOLJ,DRANIC,https://primariadranic.ro,https://primariadranic.ro/feed/,comuna,wordpress,yes,yes,0,,no,no,
DOLJ,GHIDICI,http://www.primariaghidici.ro,,comuna,joomla,yes,no,,,no,no,feed nu raspunde
DOLJ,MUNICIPIUL CALAFAT,https://municipiulcalafat.ro,https://municipiulcalafat.ro/feed/,municipiu,wordpress,yes,yes,10,2026-08-28,yes,yes,
DOLJ,CARNA,https://www.primariacarna.ro,,comuna,joomla,yes,no,,,no,no,feed nu raspunde
DOLJ,DIOSTI,https://N/A,,comuna,unknown,no,no,,,no,no,site mort
DOLJ,GRECESTI,https://comunagrecesti.ro,,comuna,unknown,no,no,,,no,no,site mort
DAMBOVITA,MOTAIENI,https://primariamotaieni.ro,,comuna,wordpress,yes,no,,,no,no,feed nu raspunde
DOLJ,GINGIOVA,http://www.comunagingiova.ro,https://comunagingiova.ro/?feed=rss2,comuna,wordpress,yes,yes,0,,no,no,
DOLJ,MAGLAVIT,http://maglavit.info.ro,,comuna,unknown,no,no,,,no,no,site mort
DOLJ,ARGETOAIA,http://primaria-argetoaia.ro,,comuna,unknown,yes,no,,,no,no,feed nu raspunde
DOLJ,CATANE,http://primaria-catane.ro,https://primaria-catane.ro/feed/,comuna,wordpress,yes,yes,6,2023-04-07,no,no,
DOLJ,DANETI,http://www.primariadaneti.ro,,comuna,wordpress,yes,no,,,no,no,feed nu raspunde
DOLJ,CELARU,https://www.primariacelarudolj.ro,https://www.primariacelarudolj.ro/feed/,comuna,wordpress,yes,yes,10,2026-08-20,yes,yes,
DOLJ,BIRCA,https://www.primariacomuneibirca.ro/index.php,https://primariacomuneibirca.ro/feed/,comuna,wordpress,yes,yes,0,,no,no,
DOLJ,MURGASI,http://www.primaria.murgasi.ro,,comuna,unknown,no,no,,,no,no,site mort
DOLJ,MARSANI,http://www.primaria-mirsani.ro,,comuna,unknown,no,no,,,no,no,site mort
DOLJ,AFUMATI,http://www.primaria-afumati-dolj.ro,https://www.primaria-afumati-dolj.ro/feed/,comuna,wordpress,yes,yes,0,,no,no,
DOLJ,MISCHII,http://www.primariamischii.judetuldolj.ro,,comuna,e-adm,yes,no,,,no,no,feed nu raspunde
DOLJ,MALU MARE,http://www.primariamalumare.ro,,comuna,e-adm,yes,no,,,no,no,feed nu raspunde
DOLJ,GIUBEGA,https://primaria-giubega.ro,https://primaria-giubega.ro/feed/,comuna,wordpress,yes,yes,0,,no,no,
DOLJ,GALICIUICA,http://www.comunagaliciuica.ro,https://comunagaliciuica.ro/?feed=rss2,comuna,wordpress,yes,yes,2,2020-06-23,no,no,
DOLJ,GIGHERA,http://www.comunagighera.ro,https://comunagighera.ro/?feed=rss2,comuna,wordpress,yes,yes,0,,no,no,
DOLJ,IZVOARE,https://primariacomuneiizvoare.ro,https://primariacomuneiizvoare.ro/feed/,comuna,wordpress,yes,yes,5,2022-11-29,no,no,
DOLJ,MACESU DE JOS,http://primariamacesudejos.ro,https://primariamacesudejos.ro/feed/,comuna,wordpress,yes,yes,10,2026-08-26,yes,yes,
DOLJ,DRAGOTESTI,http://www.comunadragotesti.ro,https://www.comunadragotesti.ro/feed/,comuna,wordpress,yes,yes,0,,no,no,
DOLJ,LIPOVU,http://primarialipovu.ro,https://primarialipovu.ro/feed/,comuna,wordpress,yes,yes,3,2022-05-15,no,no,
DOLJ,ORODEL,http://primariaorodel.ro,http://primariaorodel.ro/wp/feed/,comuna,wordpress,yes,yes,7,2026-05-08,yes,no,
DOLJ,MACESU DE SUS,http://www.comunamacesudesus.ro,https://www.comunamacesudesus.ro/index.php?format=feed&type=rss,comuna,other,yes,yes,2,2019-04-24,no,no,
DOLJ,POIANA MARE,http://www.poianamare.ro,,comuna,other,yes,no,,,no,no,feed nu raspunde
DOLJ,CIUPERCENII NOI,http://primariaciuperceniinoi.ro,https://primariaciuperceniinoi.ro/feed/,comuna,wordpress,yes,yes,0,,no,no,
DOLJ,PREDESTI,https://www.primariapredesti.ro,,comuna,other,yes,no,,,no,no,feed nu raspunde
DAMBOVITA,VISINESTI,http://primariavisinesti.ro,,comuna,other,yes,no,,,no,no,feed nu raspunde
DOLJ,SCAESTI,https://scaesti.info,,comuna,unknown,no,no,,,no,no,site mort
DOLJ,SEACA DE CAMP,http://www.seacadecamp-dolj.ro,,comuna,unknown,no,no,,,no,no,site mort
DOLJ,MELINESTI,https://primaria-melinesti.ro,https://primaria-melinesti.ro/feed/,comuna,wordpress,yes,yes,0,,no,no,
DAMBOVITA,VIRFURI,https://www.primaria-varfuri.ro,,comuna,unknown,yes,no,,,no,no,feed nu raspunde
DOLJ,PODARI,http://www.podari.ro,https://www.podari.ro/feed,comuna,wordpress,yes,yes,0,,no,no,
DOLJ,RAST,https://www.ghidulprimariilor.ro/ro/businesses/view/city_hall/PRIM%C4%82RIA-RAST/93580,,comuna,other,yes,no,,,no,no,feed nu raspunde
DAMBOVITA,VACARESTI,http://www.ghidulprimariilor.ro/ro/businesses/contact/PRIM%C4%82RIA-V%C4%82C%C4%82RE%C5%9ETI/59466,,comuna,other,yes,no,,,no,no,feed nu raspunde
DAMBOVITA,VALEA MARE,http://www.ghidulprimariilor.ro/ro/businesses/view/city_hall/PRIM%C4%82RIA-VALEA-MARE/59467,,comuna,other,yes,no,,,no,no,feed nu raspunde
DOLJ,ROBANESTI,https://primariarobanesti.ro,https://primariarobanesti.ro/feed/,comuna,wordpress,yes,yes,10,2026-08-26,yes,yes,
DOLJ,TEASC,https://www.primariateasc.ro,,comuna,unknown,no,no,,,no,no,site mort
DOLJ,SALCUTA,http://primaria-salcuta.ro/wp,,comuna,other,yes,no,,,no,no,feed nu raspunde
DOLJ,GOICEA,http://www.primaria-goicea.ro,,comuna,unknown,no,no,,,no,no,site mort
DOLJ,TALPAS,http://www.primariacomuneitalpas.ro,,comuna,other,yes,no,,,no,no,feed nu raspunde
DOLJ,URZICUTA,http://www.primaria-urzicuta.ro,,comuna,unknown,no,no,,,no,no,site mort
DOLJ,ROJISTE,https://www.ghidulprimariilor.ro/ro/businesses/view/city_hall/PRIM%C4%82RIA-ROJI%C5%9ETE/200976,,comuna,other,yes,no,,,no,no,feed nu raspunde
DOLJ,VARTOP,http://primaria-vartop.ro/wp,,comuna,unknown,no,no,,,no,no,site mort
DOLJ,SEACA DE PADURE,https://primariacomuneiseacadepadure.ro,https://primariacomuneiseacadepadure.ro/feed/,comuna,wordpress,yes,yes,10,2026-07-02,yes,no,
DOLJ,VELA,http://vela-dolj.ro,,comuna,unknown,no,no,,,no,no,site mort
DOLJ,PERISOR,https://primariacomuneiperisor.ro,https://primariacomuneiperisor.ro/feed/,comuna,wordpress,yes,yes,10,2026-08-04,yes,yes,
DOLJ,SECU,https://www.ghidulprimariilor.ro/ro/businesses/view/city_hall/PRIM%C4%82RIA-SECU/93600,,comuna,other,yes,no,,,no,no,feed nu raspunde
DOLJ,RADOVAN,https://primariacomuneiradovan.ro,https://primariacomuneiradovan.ro/feed/,comuna,wordpress,yes,yes,10,2026-08-25,yes,yes,
DOLJ,SIMNICU DE SUS,https://www.ghidulprimariilor.ro/ro/businesses/view/city_hall/PRIM%C4%82RIA-%C5%9EIMNICU-DE-SUS/91325,,comuna,other,yes,no,,,no,no,feed nu raspunde
DAMBOVITA,SALCIOARA,https://comunasalcioara.ro,,comuna,other,yes,no,,,no,no,feed nu raspunde
DOLJ,SADOVA,https://www.primariasadova.ro,https://www.primariasadova.ro/feed/,comuna,wordpress,yes,yes,12,2026-09-02,yes,yes,
DOLJ,GOIESTI,https://primariagoiesti.ro,https://primariagoiesti.ro/feed/,comuna,wordpress,yes,yes,10,2026-08-28,yes,yes,
DOLJ,VERBITA,https://primariaverbita.ro,https://primariaverbita.ro/feed/,comuna,wordpress,yes,yes,0,,no,no,
DOLJ,PLESOI,http://primariaplesoi.ro,https://primariaplesoi.ro/?feed=rss2,comuna,wordpress,yes,yes,10,2025-12-23,no,no,
DOLJ,ISALNITA,https://isalnita.ro,,comuna,unknown,yes,no,,,no,no,feed nu raspunde
DOLJ,PLENITA,https://plenita.ro,https://plenita.ro/feed,comuna,wordpress,yes,yes,10,2026-09-05,yes,yes,
DAMBOVITA,VISINA,https://primariavisina-db.ro,,comuna,other,yes,no,,,no,no,feed nu raspunde
GALATI,BANEASA,http://www.primariacomuneibaneasa.ro,https://www.primariacomuneibaneasa.ro/feed,comuna,wordpress,yes,yes,1,2020-03-20,no,no,
DOLJ,OSTROVENI,https://comunaostroveni.ro,,comuna,unknown,no,no,,,no,no,site mort
DOLJ,GIURGITA,https://primariagiurgita.ro,,comuna,other,yes,no,,,no,no,feed nu raspunde
DOLJ,TESLUI,http://primaria-teslui.ro,,comuna,unknown,yes,no,,,no,no,feed nu raspunde
DOLJ,TUGLUI,http://primaria-tuglui.ro/wp,,comuna,unknown,yes,no,,,no,no,feed nu raspunde
DOLJ,SOPOT,http://primaria-sopot.ro/wp,,comuna,unknown,yes,no,,,no,no,feed nu raspunde
GALATI,BRANISTEA,https://www.primariabranistea.ro,https://www.primariabranistea.ro/feed/,comuna,wordpress,yes,yes,0,,no,no,
DOLJ,VARVORU DE JOS,http://varvorudejos.ro,https://www.varvorudejos.ro/feed/,comuna,wordpress,yes,yes,0,,no,no,
GALATI,MUNICIPIUL TECUCI,https://primariatecuci.ro,,municipiu,unknown,yes,no,,,no,no,feed nu raspunde
GALATI,ORAS BERESTI,https://www.orasulberesti.ro,,oras,unknown,yes,no,,,no,no,feed nu raspunde
GALATI,ORAS TARGU BUJOR,https://www.primariatgbujor.ro,,oras,unknown,yes,no,,,no,no,feed nu raspunde
GALATI,BALABANESTI,https://www.comunabalabanesti.ro,,comuna,unknown,yes,no,,,no,no,feed nu raspunde
GALATI,BALASESTI,http://www.primariabalasesti.ro,,comuna,unknown,no,no,,,no,no,site mort
DOLJ,PISCU VECHI,http://primariapiscuvechi.ro,https://www.primariapiscuvechi.ro/feed/,comuna,wordpress,yes,yes,0,,no,no,
GALATI,CUDALBI,https://comunacudalbi.ro,https://comunacudalbi.ro/feed/,comuna,wordpress,yes,yes,10,2025-12-06,no,no,
DOLJ,MOTATEI,http://www.comunamotatei.ro,https://comunamotatei.ro/feed/,comuna,wordpress,yes,yes,0,,no,no,
GALATI,FOLTESTI,http://www.comunafoltesti.ro,,comuna,unknown,yes,no,,,no,no,feed nu raspunde
GALATI,BERESTI-MERIA,http://www.comunaberesti-meria.ro,,comuna,other,yes,no,,,no,no,feed nu raspunde
DOLJ,NEGOI,http://www.primarianegoi.ro,https://primarianegoi.ro/feed/,comuna,wordpress,yes,yes,2,2023-07-06,no,no,
GALATI,CUCA,http://www.comunacuca.ro,https://www.comunacuca.ro/feed/,comuna,wordpress,yes,yes,10,2022-10-31,no,no,
DOLJ,TERPEZITA,https://terpezita.wordpress.com,https://terpezita.wordpress.com/feed/,comuna,wordpress,yes,yes,10,2020-09-16,no,no,
DOLJ,AMARASTII DE JOS,http://www.comunaamarastiidejos.ro,https://comunaamarastiidejos.ro/?feed=rss2,comuna,wordpress,yes,yes,0,,no,no,
GALATI,BUCIUMENI,http://www.primariabuciumeni.ro,https://www.primariabuciumeni.ro/feed/,comuna,wordpress,yes,yes,6,2023-07-24,no,no,
GALATI,COSTACHE NEGRI,http://primariacostachenegri.ro/index.php,,comuna,unknown,yes,no,,,no,no,feed nu raspunde
GALATI,BARCEA,https://primaria-barcea.ro,,comuna,unknown,yes,no,,,no,no,feed nu raspunde
GALATI,JORASTI,http://www.primariajorasti.ro,https://www.primariajorasti.ro/feed/,comuna,wordpress,yes,yes,1,2023-10-24,no,no,
DOLJ,VALEA STANCIULUI,https://primariavaleastanciului.ro,https://primariavaleastanciului.ro/feed/,comuna,wordpress,yes,yes,0,,no,no,
GALATI,CORNI,http://www.comunacorni.ro,https://www.comunacorni.ro/feed/,comuna,wordpress,yes,yes,0,,no,no,
DOLJ,PIELESTI,http://primariapielesti.ro,,comuna,e-adm,yes,no,,,no,no,feed nu raspunde
GALATI,MUNICIPIUL GALATI,https://www.primariagalati.ro/portal/index.php,,municipiu,unknown,yes,no,,,no,no,feed nu raspunde
GALATI,COROD,https://www.primariacorodgl.ro,,comuna,e-adm,yes,no,,,no,no,feed nu raspunde
GALATI,MOVILENI,https://primaria-movileni.ro,https://primaria-movileni.ro/feed/,comuna,wordpress,yes,yes,10,2026-08-28,yes,yes,
GALATI,IVESTI,http://www.comunaivestiprimar.ro,https://www.comunaivestiprimar.ro/feed/,comuna,wordpress,yes,yes,10,2025-11-05,no,no,
GALATI,PECHEA,https://www.pecheagalati.ro,,comuna,unknown,no,no,,,no,no,site mort
DOLJ,LEU,http://www.primarialeu.ro,,comuna,unknown,yes,no,,,no,no,feed nu raspunde
GALATI,BRAHASESTI,https://primariabrahasesti.ro,,comuna,unknown,yes,no,,,no,no,feed nu raspunde
GALATI,RADESTI,http://www.radestigl.ro,,comuna,unknown,no,no,,,no,no,site mort
GALATI,MUNTENI,https://www.primaria-munteni.ro,https://www.primaria-munteni.ro/feed,comuna,drupal,yes,yes,0,,no,no,
GALATI,REDIU,https://www.primaria-rediu.ro,https://www.primaria-rediu.ro/feed/,comuna,wordpress,yes,yes,0,,no,no,
DOLJ,INTORSURA,http://primariaintorsura.ro,https://www.primariaintorsura.ro/feed/,comuna,wordpress,yes,yes,0,,no,no,
GALATI,PISCU,http://primaria-piscu.ro,https://primaria-piscu.ro/feed/,comuna,wordpress,yes,yes,0,,no,no,
GALATI,SLOBOZIA CONACHI,http://primariaslobozia-conachi.ro,,comuna,unknown,no,no,,,no,no,site mort
GALATI,GOHOR,http://www.primaria-gohor.ro,https://primaria-gohor.ro/feed/,comuna,wordpress,yes,yes,0,,no,no,
GALATI,SMULTI,http://www.primaria-smulti.ro,,comuna,unknown,no,no,,,no,no,site mort
GALATI,SUCEVENI,http://www.primariasuceveni.ro,,comuna,unknown,no,no,,,no,no,site mort
GALATI,CAVADINESTI,http://www.primariacavadinesti.ro,https://primariacavadinesti.ro/feed/,comuna,wordpress,yes,yes,0,,no,no,
GALATI,SUHURLUI,http://www.primariasuhurlui.ro,,comuna,unknown,no,no,,,no,no,site mort
GALATI,POIANA,http://www.comunapoiana.ro,,comuna,other,yes,no,,,no,no,feed nu raspunde
GALATI,MATCA,http://www.comunamatca.ro,https://www.comunamatca.ro/blog-feed.xml,comuna,wordpress,yes,yes,20,2023-08-23,no,no,
GALATI,OANCEA,https://primariaoancea.ro,https://primariaoancea.ro/feed/,comuna,wordpress,yes,yes,0,,no,no,
GALATI,COSMESTI,https://www.primaria-cosmesti.ro,https://primaria-cosmesti.ro/?feed=rss2,comuna,wordpress,yes,yes,4,2024-10-15,no,no,
GALATI,MASTACANI,http://www.comunamastacani.ro,https://www.comunamastacani.ro/feed/,comuna,wordpress,yes,yes,5,2026-07-30,yes,no,
GALATI,SENDRENI,http://www.comunasendreni.ro,https://comunasendreni.ro/feed/,comuna,wordpress,yes,yes,10,2026-08-25,yes,yes,
GALATI,PRIPONESTI,http://www.comunapriponesti.ro,https://www.comunapriponesti.ro/feed/,comuna,wordpress,yes,yes,2,2026-08-17,yes,yes,
DOLJ,UNIREA,http://comunaunireadolj.ro,,comuna,other,yes,no,,,no,no,feed nu raspunde
GALATI,NAMOLOASA,http://comunanamoloasa.ro,https://comunanamoloasa.ro/feed/,comuna,wordpress,yes,yes,0,,no,no,
GALATI,CERTESTI,http://www.primariacertesti.ro,https://www.primariacertesti.ro/feed/,comuna,wordpress,yes,yes,0,,no,no,
GALATI,SCANTEIESTI,http://scinteiesti.ro,https://www.scinteiesti.ro/feed/,comuna,wordpress,yes,yes,12,2026-09-01,yes,yes,
GALATI,TULUCESTI,https://www.primariatulucesti.ro,,comuna,other,yes,no,,,no,no,feed nu raspunde
GALATI,VLADESTI,http://primaria-vladesti.ro,https://primaria-vladesti.ro/feed/,comuna,wordpress,yes,yes,0,,no,no,
GALATI,FRUMUSITA,http://primaria-frumusita.ro,https://primaria-frumusita.ro/feed/,comuna,e-adm,yes,yes,10,2026-08-21,yes,yes,
GIURGIU,ORAS MIHAILESTI,http://primariamihailesti.ro,https://primariamihailesti.ro/feed/,oras,wordpress,yes,yes,0,,no,no,
GALATI,GHIDIGENI,https://www.primariaghidigeni.ro,,comuna,e-adm,yes,no,,,no,no,feed nu raspunde
GALATI,UMBRARESTI,http://www.primaria-umbraresti.ro,https://primaria-umbraresti.ro/?feed=comments-rss2,comuna,wordpress,yes,yes,0,,no,no,
GIURGIU,BUTURUGENI,https://www.comunabuturugeni.ro,https://www.comunabuturugeni.ro/feed/,comuna,wordpress,yes,yes,0,,no,no,
GIURGIU,COLIBASI,http://www.primariacolibasi.ro,,comuna,unknown,no,no,,,no,no,site mort
GALATI,TUDOR VLADIMIRESCU,https://www.tudor-vladimirescu.ro,,comuna,unknown,yes,no,,,no,no,feed nu raspunde
GALATI,NEGRILESTI,http://www.primarianegrilesti-gl.ro,https://www.primarianegrilesti-gl.ro/feed/,comuna,wordpress,yes,yes,4,2025-09-01,no,no,
GALATI,VALEA MARULUI,http://primariavaleamarului.ro,https://primariavaleamarului.ro/feed/,comuna,wordpress,yes,yes,2,2023-09-01,no,no,
GIURGIU,BUCSANI,https://www.ghidulprimariilor.ro/ro/businesses/view/city_hall/PRIM%C4%82RIA-BUC%C5%9EANI/61193,,comuna,wordpress,yes,no,,,no,no,feed nu raspunde
GIURGIU,ORAS BOLINTIN-VALE,https://www.bolintin-vale.ro,https://www.bolintin-vale.ro/feed/,oras,wordpress,yes,yes,10,2025-03-07,no,no,
GALATI,VARLEZI,https://N/A,,comuna,unknown,no,no,,,no,no,site mort
GIURGIU,BULBUCATA,http://www.ghidulprimariilor.ro/ro/businesses/view/city_hall/PRIM%C4%82RIA-BULBUCATA/61194,,comuna,other,yes,no,,,no,no,feed nu raspunde
GALATI,INDEPENDENTA,http://www.primaria-independenta.ro,,comuna,unknown,yes,no,,,no,no,feed nu raspunde
GIURGIU,GHIMPATI,http://www.primariaghimpati.ro,,comuna,unknown,no,no,,,no,no,site mort
GIURGIU,DAIA,https://primaria-daia.ro,https://primaria-daia.ro/feed/,comuna,wordpress,yes,yes,0,,no,no,
GIURGIU,GAUJANI,http://primariagaujani.ro,,comuna,other,yes,no,,,no,no,feed nu raspunde
GIURGIU,FLORESTI-STOENESTI,https://floresti-stoenesti.ro,,comuna,other,yes,no,,,no,no,feed nu raspunde
GIURGIU,GRADINARI,https://primariagradinari-gr.ro,,comuna,unknown,no,no,,,no,no,site mort
GALATI,NICORESTI,https://www.primarianicoresti.ro,https://primarianicoresti.ro/feed/,comuna,wordpress,yes,yes,7,2020-11-01,no,no,
GIURGIU,ADUNATII-COPACENI,http://www.primariaadunatiicopaceni.ro,https://www.primariaadunatiicopaceni.ro/feed/,comuna,wordpress,yes,yes,10,2026-01-15,yes,no,
GALATI,CUZA VODA,https://cuzavoda-galati.ro,,comuna,unknown,yes,no,,,no,no,feed nu raspunde
GIURGIU,HOTARELE,https://primariahotarele.ro,,comuna,unknown,no,no,,,no,no,site mort
DOLJ,SILISTEA CRUCII,http://www.comunasilisteacrucii.ro,,comuna,unknown,yes,no,,,no,no,feed nu raspunde
GALATI,DRAGANESTI,https://primaria-draganesti.ro,,comuna,unknown,yes,no,,,no,no,feed nu raspunde
GALATI,DRAGUSENI,http://www.dragusenigalati.ro,,comuna,unknown,no,no,,,no,no,site mort
GIURGIU,IEPURESTI,http://www.primariaiepuresti.ro,,comuna,unknown,no,no,,,no,no,site mort
GIURGIU,CLEJANI,https://N/A,,comuna,unknown,no,no,,,no,no,site mort
GIURGIU,MARSA,http://primariamirsa.ro,,comuna,unknown,no,no,,,no,no,site mort
GALATI,SMARDAN,http://www.primariasmardan.ro,https://primariasmardan.ro/feed/,comuna,wordpress,yes,yes,10,2026-09-02,yes,yes,
GIURGIU,FRATESTI,https://primariacomuneifratesti.ro,,comuna,wordpress,yes,no,,,no,no,feed nu raspunde
GIURGIU,BOLINTIN-DEAL,http://primariabolintindeal.ro,https://www.primariabolintindeal.ro/feed/,comuna,wordpress,yes,yes,1,2024-09-28,no,no,
GALATI,SCHELA,http://www.comunaschela.ro,https://comunaschela.ro/feed/,comuna,wordpress,yes,yes,3,2024-01-17,no,no,
GIURGIU,GOSTINU,https://www.ghidulprimariilor.ro/ro/businesses/view/city_hall/PRIM%C4%82RIA-GOSTINU/61171,,comuna,other,yes,no,,,no,no,feed nu raspunde
GIURGIU,GREACA,https://www.primariagreaca.ro,https://www.primariagreaca.ro/?format=feed&type=rss,comuna,joomla,yes,yes,0,,no,no,
GIURGIU,COMANA,http://primariecomana.ro,https://primariecomana.ro/feed/,comuna,wordpress,yes,yes,10,2026-07-29,yes,no,
GIURGIU,GOGOSARI,http://www.primariagogosari.ro,https://www.primariagogosari.ro/feed,comuna,wordpress,yes,yes,1,2020-03-20,no,no,
GIURGIU,BANEASA,https://www.primariabaneasagr.ro,https://primariabaneasagr.ro/feed/,comuna,wordpress,yes,yes,6,2025-12-03,no,no,
DOLJ,GOGOSU,http://www.primariagogosu.ro,https://primariagogosu.ro/feed/,comuna,wordpress,yes,yes,1,2023-01-10,no,no,
GALATI,FARTANESTI,https://www.primaria-firtanesti.ro,https://primaria-firtanesti.ro/feed/,comuna,wordpress,yes,yes,10,2026-08-14,yes,yes,
GALATI,GRIVITA,https://www.grivitagalati.ro,https://www.grivitagalati.ro/feed/,comuna,wordpress,yes,yes,10,2026-04-22,yes,no,
GIURGIU,ISVOARELE,https://N/A,,comuna,unknown,no,no,,,no,no,site mort
GIURGIU,SLOBOZIA,http://primariaslobozia.ro,https://primariaslobozia.ro/rss.xml,comuna,drupal,yes,yes,10,2026-08-20,yes,yes,
GIURGIU,ROATA DE JOS,https://primariaroatadejos.ro,https://primariaroatadejos.ro/feed/,comuna,wordpress,yes,yes,10,2025-07-11,no,no,
GIURGIU,OGREZENI,https://N/A,,comuna,unknown,no,no,,,no,no,site mort
GIURGIU,SINGURENI,https://primariasingurenigr.ro,,comuna,other,yes,no,,,no,no,feed nu raspunde
GIURGIU,PRUNDU,https://N/A,,comuna,unknown,no,no,,,no,no,site mort
GALATI,BALENI,https://www.comunabaleni.ro/index.php,https://comunabaleni.ro/feed/,comuna,wordpress,yes,yes,10,2026-03-09,yes,no,
GALATI,TEPU,http://www.primaria-tepu.ro,https://primaria-tepu.ro/feed/,comuna,wordpress,yes,yes,1,2026-05-30,yes,no,
GIURGIU,RASUCENI,https://www.comunarasuceni.ro,https://www.comunarasuceni.ro/feed/,comuna,wordpress,yes,yes,10,2023-12-30,no,no,
GIURGIU,SCHITU,http://www.primariaschitugr.ro,https://www.primariaschitugr.ro/feed/,comuna,wordpress,yes,yes,7,2026-08-13,yes,yes,
GIURGIU,GOSTINARI,http://www.comunagostinari.ro,,comuna,wordpress,yes,no,,,no,no,feed nu raspunde
GIURGIU,LETCA NOUA,https://www.comunaletcanoua.ro,,comuna,unknown,no,no,,,no,no,site mort
GIURGIU,OINACU,http://www.primariaoinacu.ro,,comuna,wordpress,yes,no,,,no,no,feed nu raspunde
GIURGIU,VEDEA,https://www.ghidulprimariilor.ro/ro/businesses/view/city_hall/PRIM%C4%82RIA-VEDEA/61202,,comuna,other,yes,no,,,no,no,feed nu raspunde
GIURGIU,ULMI,https://N/A,,comuna,unknown,no,no,,,no,no,site mort
GIURGIU,VALEA DRAGULUI,https://N/A,,comuna,unknown,no,no,,,no,no,site mort
GIURGIU,SABARENI,http://comunasabareni.ro,https://comunasabareni.ro/feed/,comuna,e-adm,yes,yes,10,2026-07-24,yes,no,
GIURGIU,MIHAI BRAVU,http://primariamihaibravu.ro,https://primariamihaibravu.ro/feed/,comuna,wordpress,yes,yes,1,2012-07-21,no,no,
GORJ,ORAS TURCENI,http://www.turceni.ro,,oras,unknown,no,no,,,no,no,site mort
GIURGIU,VANATORII MICI,http://www.primariavanatoriimici.ro,,comuna,unknown,no,no,,,no,no,site mort
GORJ,ALBENI,https://primariaalbeni.ro,,comuna,unknown,no,no,,,no,no,site mort
GORJ,MUNICIPIUL TARGU JIU,http://www.targujiu.ro,,municipiu,other,yes,no,,,no,no,feed nu raspunde
GALATI,FUNDENI,https://comunafundeni.ro,,comuna,wordpress,yes,no,,,no,no,feed nu raspunde
GIURGIU,VARASTI,https://primariavarasti.ro,https://primariavarasti.ro/feed/,comuna,wordpress,yes,yes,0,,no,no,
GIURGIU,CALUGARENI,http://primariacalugareni.ro,https://primariacalugareni.ro/feed,comuna,wordpress,yes,yes,8,2026-09-04,yes,yes,
GORJ,BENGESTI-CIOCADIA,http://www.primariabengesti.ro,,comuna,unknown,no,no,,,no,no,site mort
GIURGIU,STOENESTI,https://www.comunastoenesti.ro,,comuna,unknown,no,no,,,no,no,site mort
GORJ,BOLBOSI,https://primariacomuneibolbosi.com,,comuna,unknown,no,no,,,no,no,site mort
GIURGIU,JOITA,http://primariajoita.ro,https://primariajoita.ro/feed/,comuna,wordpress,yes,yes,0,,no,no,
GORJ,BRANESTI,http://www.branestigorj.ro,,comuna,unknown,no,no,,,no,no,site mort
GORJ,BUMBESTI-PITIC,http://primariabumbestipitic.ro,,comuna,unknown,no,no,,,no,no,site mort
GORJ,BORASCU,http://www.primariaborascu.ro,https://www.primariaborascu.ro/stire/rss,comuna,wordpress,yes,yes,2,2024-04-19,no,no,
GORJ,CALNIC,http://www.primariacilnic.ro/contact.php,,comuna,unknown,no,no,,,no,no,site mort
GIURGIU,GAISENI,http://www.comunagaiseni.ro,https://comunagaiseni.ro/feed/,comuna,wordpress,yes,yes,10,2026-07-14,yes,no,
GORJ,ALIMPESTI,http://www.primariaalimpesti.ro,https://www.primariaalimpesti.ro/feed/,comuna,wordpress,yes,yes,0,,no,no,
GORJ,BALTENI,http://xn--primaria-blteni-upb.ro,https://xn--primaria-blteni-upb.ro/feed,comuna,wordpress,yes,yes,0,,no,no,
GORJ,ARCANI,http://www.primariabarcani.ro,https://primariabarcani.ro/feed/,comuna,wordpress,yes,yes,1,2021-10-13,no,no,
GORJ,BARBATESTI,http://www.comunabarbatesti.ro,https://comunabarbatesti.ro/feed,comuna,wordpress,yes,yes,0,,no,no,
GORJ,ORAS ROVINARI,https://www.primariarovinari.ro,https://primariarovinari.ro/feed/,oras,wordpress,yes,yes,10,2026-09-02,yes,yes,
GORJ,BERLESTI,https://N/A,,comuna,unknown,no,no,,,no,no,site mort
GORJ,ANINOASA,http://www.primariaaninoasa.ro,,comuna,wordpress,yes,no,,,no,no,feed nu raspunde
GORJ,CRUSET,https://www.comunacruset.ro,,comuna,other,yes,no,,,no,no,feed nu raspunde
GORJ,FARCASESTI,http://www.primaria-farcasesti.ro,,comuna,unknown,no,no,,,no,no,site mort
GALATI,VANATORI,http://www.primariavinatori.ro,https://primariavanatorigalati.ro/feed/,comuna,wordpress,yes,yes,10,2026-06-08,yes,no,
GORJ,GODINESTI,http://www.primariagodinesti-gorj.ro,,comuna,unknown,no,no,,,no,no,site mort
GORJ,DRAGUTESTI,http://www.primariadragutesti.ro,,comuna,unknown,no,no,,,no,no,site mort
GORJ,IONESTI,http://www.primariaionesti-gorj.ro,,comuna,unknown,no,no,,,no,no,site mort
GIURGIU,PUTINEIU,https://www.primariaputineiu.ro,https://www.primariaputineiu.ro/feed/,comuna,wordpress,yes,yes,0,,no,no,
GIURGIU,HERASTI,https://primariacomuneiherasti.ro,https://primariacomuneiherasti.ro/comments/feed/,comuna,wordpress,yes,yes,0,,no,no,
GORJ,ORAS TICLENI,http://www.primarieticleni.ro,https://www.primarieticleni.ro/feed/,oras,wordpress,yes,yes,10,2026-08-27,yes,yes,
GORJ,BALANESTI,https://primariabalanesti.ro,,comuna,unknown,yes,no,,,no,no,feed nu raspunde
GIURGIU,STANESTI,http://www.primaria-stanesti.ro,https://primaria-stanesti.ro/feed/,comuna,wordpress,yes,yes,0,,no,no,
GORJ,DANCIULESTI,https://primariadanciulesti.ro,https://primariadanciulesti.ro/feed/,comuna,wordpress,yes,yes,5,2020-02-19,no,no,
GORJ,DRAGOTESTI,https://primariadragotesti.ro,https://primariadragotesti.ro/feed/,comuna,wordpress,yes,yes,10,2023-03-21,no,no,
GORJ,ORAS TARGU CARBUNESTI,http://www.primariacarbunesti.ro,,oras,other,yes,no,,,no,no,feed nu raspunde
GORJ,BAIA DE FIER,http://www.primariabaiadefier.ro,,comuna,unknown,no,no,,,no,no,site mort
GORJ,PLOPSORU,http://www.primariaplopsoru.ro,,comuna,unknown,no,no,,,no,no,site mort
GORJ,PADES,http://www.primaria-pades.ro,,comuna,unknown,no,no,,,no,no,site mort
GORJ,MUNICIPIUL MOTRU,http://www.primariamotru.ro,https://primariamotru.ro/feed/,municipiu,wordpress,yes,yes,1,2021-10-13,no,no,
GORJ,CATUNELE,http://www.primariacatunelegorj.ro/index.php/comuna-catunele,,comuna,unknown,yes,no,,,no,no,feed nu raspunde
GORJ,CRASNA,https://crasnagorj.ro,,comuna,unknown,yes,no,,,no,no,feed nu raspunde
GORJ,GLOGOVA,https://primariaglogova.ro,https://primariaglogova.ro/feed/,comuna,wordpress,yes,yes,10,2024-02-09,no,no,
GALATI,LIESTI,http://primaria-liesti.ro,,comuna,unknown,yes,no,,,no,no,feed nu raspunde
GORJ,CIUPERCENI,http://www.primariaciuperceni.ro,https://primariaciuperceni.ro/feed,comuna,wordpress,yes,yes,10,2026-08-04,yes,yes,
GIURGIU,CREVEDIA MARE,https://primariacrevediamare.ro,,comuna,wordpress,yes,no,,,no,no,feed nu raspunde
GIURGIU,COSOBA,http://comunacosoba.ro,,comuna,wordpress,yes,no,,,no,no,feed nu raspunde
GORJ,SLIVILESTI,http://www.primariaslivilesti.ro,,comuna,unknown,no,no,,,no,no,site mort
GORJ,BALESTI,http://www.balesti.ro,https://balesti.ro/feed/,comuna,wordpress,yes,yes,10,2025-10-07,no,no,
GORJ,STANESTI,http://www.primaria-stanesti.ro,https://primaria-stanesti.ro/feed/,comuna,wordpress,yes,yes,0,,no,no,
GORJ,JUPANESTI,http://www.primariajupinesti.ro,,comuna,unknown,yes,no,,,no,no,feed nu raspunde
GORJ,BUSTUCHIN,https://primaria-bustuchin.ro,https://www.primaria-bustuchin.ro/feed/,comuna,wordpress,yes,yes,12,2026-08-25,yes,yes,
GORJ,LOGRESTI,https://www.primaria-logresti.ro,https://www.primaria-logresti.ro/index.php?format=feed&type=rss,comuna,joomla,yes,yes,3,2026-06-30,yes,no,
GORJ,MATASARI,http://www.primariamatasari.ro,https://primariamatasari.ro/feed,comuna,wordpress,yes,yes,0,,no,no,
GORJ,POLOVRAGI,https://comunapolovragi.ro,https://comunapolovragi.ro/feed/,comuna,wordpress,yes,yes,10,2026-07-17,yes,no,
GIURGIU,IZVOARELE,http://www.primariaizvoarelegiurgiu.ro,,comuna,unknown,yes,no,,,no,no,feed nu raspunde
GIURGIU,MALU,https://primaria-malu.ro,,comuna,unknown,yes,no,,,no,no,feed nu raspunde
GORJ,STEJARI,http://primariastejari.ro,https://primariastejari.ro/feed/,comuna,wordpress,yes,yes,0,,no,no,
GORJ,CAPRENI,http://primariacapreni.ro,https://www.primariacapreni.ro/feed/,comuna,wordpress,yes,yes,12,2026-08-14,yes,yes,
GORJ,SACELU,https://N/A,,comuna,unknown,no,no,,,no,no,site mort
GORJ,SAMARINESTI,https://N/A,,comuna,unknown,no,no,,,no,no,site mort
GORJ,PRIGORIA,http://www.primariaprigoria.ro,https://primariaprigoria.ro/feed/,comuna,wordpress,yes,yes,10,2026-09-04,yes,yes,
GORJ,SCOARTA,https://primariascoarta.ro,https://primariascoarta.ro/feed/,comuna,wordpress,yes,yes,10,2026-08-21,yes,yes,
GORJ,STOINA,https://primariastoina.ro,,comuna,unknown,no,no,,,no,no,site mort
GORJ,PESTISANI,http://www.pestisani.ro,https://www.pestisani.ro/feed/,comuna,wordpress,yes,yes,10,2026-09-04,yes,yes,
HARGHITA,ORAS BORSEC,https://statiuneaborsec.ro/ro,,oras,other,yes,no,,,no,no,feed nu raspunde
GORJ,LICURICI,http://www.primarialicurici.ro,,comuna,unknown,yes,no,,,no,no,feed nu raspunde
GORJ,ORAS NOVACI,https://primarianovaci.ro,https://www.primarianovaci.ro/feed/,oras,wordpress,yes,yes,12,2026-09-01,yes,yes,
GORJ,NEGOMIR,http://www.comunanegomir.ro,https://comunanegomir.ro/feed,comuna,wordpress,yes,yes,0,,no,no,
HARGHITA,MUNICIPIUL ODORHEIU SECUIESC,https://www.udvarhely.ro/ro,,municipiu,other,yes,no,,,no,no,feed nu raspunde
HARGHITA,ORAS BAILE TUSNAD,https://tusnadfurdo.info/ro,,oras,unknown,no,no,,,no,no,site mort
GORJ,MUSETESTI,http://www.primariamusetesti.ro,,comuna,e-adm,yes,no,,,no,no,feed nu raspunde
GORJ,TURCINESTI,http://www.turcinesti.ro,https://turcinesti.ro/feed/,comuna,wordpress,yes,yes,3,2021-03-08,no,no,
GORJ,URDARI,http://primariaurdari.ro,,comuna,wordpress,yes,no,,,no,no,feed nu raspunde
GORJ,VLADIMIR,http://www.comunavladimir.ro,https://comunavladimir.ro/?feed=rss2,comuna,wordpress,yes,yes,0,,no,no,
GORJ,TURBUREA,http://www.primariaturburea.ro,https://www.primariaturburea.ro/index.php/feed/,comuna,wordpress,yes,yes,10,2026-08-13,yes,yes,
HARGHITA,ORAS CRISTURU SECUIESC,http://keresztur.ro/index.php/ro,,oras,joomla,yes,no,,,no,no,feed nu raspunde
GORJ,DANESTI,https://comunadanesti.ro,https://www.comunadanesti.ro/feed/,comuna,wordpress,yes,yes,20,2026-09-01,yes,yes,
GORJ,TELESTI,http://primariatelesti-gorj.ro,https://primariatelesti-gorj.ro/feed/,comuna,wordpress,yes,yes,2,2021-11-24,no,no,
GORJ,TANTARENI,http://www.primariatantareni.ro,https://primariatantareni.ro/feed/,comuna,wordpress,yes,yes,10,2026-06-18,yes,no,
HARGHITA,DARJIU,https://www.comunadirjiu.ro,,comuna,unknown,no,no,,,no,no,site mort
GORJ,ORAS BUMBESTI-JIU,https://www.bumbesti-jiu.ro,,oras,unknown,yes,no,,,no,no,feed nu raspunde
GORJ,ORAS TISMANA,http://www.primariatismana.ro,https://primariatismana.ro/feed/,oras,wordpress,yes,yes,0,,no,no,
HARGHITA,CIUCSANGEORGIU,https://www.csikszentgyorgy.eu,,comuna,unknown,no,no,,,no,no,site mort
GORJ,RUNCU,https://runcugorj.ro,,comuna,wordpress,yes,no,,,no,no,feed nu raspunde
GORJ,HUREZANI,http://www.primariahurezani.ro,https://primariahurezani.ro/feed,comuna,wordpress,yes,yes,0,,no,no,
HARGHITA,CORUND,https://www.primariacorund.ro,,comuna,unknown,no,no,,,no,no,site mort
GORJ,SAULESTI,https://www.primariasaulesti.ro,,comuna,e-adm,yes,no,,,no,no,feed nu raspunde
HARGHITA,FRUMOASA,http://www.szepviz.eu,,comuna,other,yes,no,,,no,no,feed nu raspunde
HARGHITA,CORBU,https://www.primariacorbuhr.ro,https://www.primariacorbuhr.ro/feed/,comuna,wordpress,yes,yes,10,2026-07-22,yes,no,
HARGHITA,ORAS VLAHITA,https://szentegyhazavaros.ro/ro/contact,https://www.primariavlahita.ro/ro/feed/,oras,wordpress,yes,yes,10,2026-08-25,yes,yes,
HARGHITA,FELICENI,https://N/A,,comuna,unknown,no,no,,,no,no,site mort
HARGHITA,JOSENI,https://gyergyoalfalu.ro,,comuna,other,yes,no,,,no,no,feed nu raspunde
HARGHITA,LUETA,http://www.lovete.ro,https://www.lovete.ro/index.php/hu/?format=feed&type=rss,comuna,joomla,yes,no,,,no,no,feed nu raspunde
HARGHITA,LAZAREA,https://www.lazarea.ro,,comuna,unknown,yes,no,,,no,no,feed nu raspunde
HARGHITA,GALAUTAS,https://www.primariagalautas.ro,https://www.primariagalautas.ro/feed/,comuna,wordpress,yes,yes,10,2026-09-02,yes,yes,
GORJ,VAGIULESTI,http://www.primariavagiulesti.ro,,comuna,other,yes,no,,,no,no,feed nu raspunde
HARGHITA,LELICENI,http://csikszentlelek.ro,https://csikszentlelek.ro/web/feed/,comuna,wordpress,yes,yes,10,2026-06-04,yes,no,
GORJ,ROSIA DE AMARADIA,http://www.rosiadeamaradia.ro,https://www.rosiadeamaradia.ro/feed/,comuna,wordpress,yes,yes,10,2026-08-25,yes,yes,
HARGHITA,LUNCA DE JOS,http://gyimeskozeplok.ro,,comuna,other,yes,no,,,no,no,feed nu raspunde
HARGHITA,CICEU,https://www.csikcsicso.ro,https://csikcsicso.ro/rss,comuna,other,yes,yes,12,2026-08-30,yes,yes,
HARGHITA,ORAS BALAN,http://www.orasulbalan.ro,,oras,e-adm,yes,no,,,no,no,feed nu raspunde
HARGHITA,MIHAILENI,https://www.csikszentmihaly.ro/ro,https://www.csikszentmihaly.ro/ro/?feed=rss2,comuna,wordpress,yes,yes,1,2024-10-28,no,no,
HARGHITA,MUGENI,http://primariamugeni.ro,,comuna,other,yes,no,,,no,no,feed nu raspunde
HARGHITA,LUPENI,http://www.primarialupenihr.ro,,comuna,joomla,yes,no,,,no,no,feed nu raspunde
HARGHITA,MUNICIPIUL MIERCUREA CIUC,http://www.miercureaciuc.ro/#!ro,,municipiu,other,yes,no,,,no,no,feed nu raspunde
HARGHITA,MADARAS,http://csikmadaras.ro,https://csikmadaras.ro/feed/,comuna,wordpress,yes,yes,0,,no,no,
HARGHITA,COZMENI,https://www.cozmeni.consloc.ro,https://cozmeni.consloc.ro/feed/,comuna,wordpress,yes,no,,,no,no,feed nu raspunde
HARGHITA,DANESTI,https://www.danfalva.ro,https://danfalva.ro/hu/feed/,comuna,wordpress,yes,yes,0,,no,no,
GIURGIU,TOPORU,http://primariatoporu.ro,http://primariatoporu.ro/feed/,comuna,wordpress,yes,yes,1,2012-07-21,no,no,
HARGHITA,CIUMANI,https://www.csomafalva.info,,comuna,unknown,yes,no,,,no,no,feed nu raspunde
HARGHITA,SARMAS,https://www.sarmas.ro,,comuna,unknown,no,no,,,no,no,site mort
HARGHITA,SACEL,https://N/A,,comuna,unknown,no,no,,,no,no,site mort
HARGHITA,SANMARTIN,https://csikszentmarton.ro/ro/acasa,,comuna,unknown,yes,no,,,no,no,feed nu raspunde
HARGHITA,MARTINIS,http://martinis.ro,https://martinis.ro/hu/feed/,comuna,wordpress,yes,yes,0,,no,no,
HARGHITA,DITRAU,https://www.gyergyoditro.ro,,comuna,other,yes,no,,,no,no,feed nu raspunde
HARGHITA,BILBOR,http://primariabilbor.ro,https://primariabilbor.ro/feed/,comuna,wordpress,yes,yes,2,2021-12-16,no,no,
GORJ,SCHELA,http://www.primaria-schela.ro,https://primaria-schela.ro/feed,comuna,wordpress,yes,yes,0,,no,no,
HARGHITA,SANCRAIENI,https://N/A,,comuna,unknown,no,no,,,no,no,site mort
HARGHITA,MUNICIPIUL TOPLITA,https://www.primariatoplita.ro,https://primariatoplita.ro/feed/,municipiu,wordpress,yes,yes,10,2026-09-03,yes,yes,
HARGHITA,OCLAND,https://www.okland.ro/index.php,,comuna,other,yes,no,,,no,no,feed nu raspunde
HARGHITA,DEALU,https://www.comunadealu.ro,https://comunadealu.ro/feed/,comuna,wordpress,yes,yes,10,2026-06-02,yes,no,
HARGHITA,RACU,http://rakos.ro/ro,https://rakos.ro/rss,comuna,other,yes,yes,12,2026-08-06,yes,yes,
HARGHITA,REMETEA,https://gyergyoremete.ro/ro_RO,,comuna,unknown,yes,no,,,no,no,feed nu raspunde
HARGHITA,SANDOMINIC,https://domokos.ro/index.php/ro,,comuna,joomla,yes,no,,,no,no,feed nu raspunde
GORJ,LELESTI,https://www.primarialelesti.ro,,comuna,unknown,yes,no,,,no,no,feed nu raspunde
HARGHITA,BRADESTI,http://www.fenyedkozseg.ro,,comuna,unknown,yes,no,,,no,no,feed nu raspunde
HARGHITA,VOSLABENI,https://www.voslobeni.ro,,comuna,other,yes,no,,,no,no,feed nu raspunde
HARGHITA,SATU MARE,http://www.marefalva.ro/primaria-ro.html,,comuna,other,yes,no,,,no,no,feed nu raspunde
HARGHITA,PRAID,http://www.primaria-praid.ro/ro,https://www.primaria-praid.ro/ro/?format=feed&type=rss,comuna,joomla,yes,yes,5,2014-05-12,no,no,
HUNEDOARA,MUNICIPIUL DEVA,https://www.primariadeva.ro,,municipiu,wordpress,yes,no,,,no,no,feed nu raspunde
HARGHITA,CARTA,https://www.primariacirta.ro,https://primariacirta.ro/feed/,comuna,wordpress,yes,yes,2,2014-04-22,no,no,
HARGHITA,SANSIMION,https://csikszentsimon.ro/ro,https://csikszentsimon.ro/rss,comuna,other,yes,yes,12,2024-10-23,no,no,
HARGHITA,AVRAMESTI,http://www.szentabraham.ro,,comuna,unknown,yes,no,,,no,no,feed nu raspunde
HARGHITA,CAPALNITA,https://www.kapolnasfalu.ro,https://www.kapolnasfalu.ro/index.php/hu?format=feed&type=rss,comuna,joomla,yes,no,,,no,no,feed nu raspunde
HARGHITA,SECUIENI,http://www.comunasecuieni.ro,,comuna,other,yes,no,,,no,no,feed nu raspunde
HARGHITA,ATID,http://www.atid.ro,,comuna,joomla,yes,no,,,no,no,feed nu raspunde
HARGHITA,ZETEA,https://zetelaka.ro,,comuna,other,yes,no,,,no,no,feed nu raspunde
HUNEDOARA,MUNICIPIUL HUNEDOARA,https://www.primariahunedoara.ro/ro,,municipiu,other,yes,no,,,no,no,feed nu raspunde
HUNEDOARA,MUNICIPIUL LUPENI,https://primarialupeni.ro,,municipiu,e-adm,yes,no,,,no,no,feed nu raspunde
HARGHITA,SANTIMBRU,https://santimbru.ro,https://santimbru.ro/rss,comuna,e-adm,yes,yes,12,2026-08-06,yes,yes,
HARGHITA,VARSAG,http://www.comunavarsag.ro/main,,comuna,unknown,yes,no,,,no,no,feed nu raspunde
HUNEDOARA,BACIA,http://www.bacia.ro,https://www.bacia.ro/feed/,comuna,wordpress,yes,yes,10,2025-07-23,no,no,
HUNEDOARA,MUNICIPIUL BRAD,http://primariabrad.ro,https://primariabrad.ro/feed/,municipiu,wordpress,yes,yes,10,2026-08-19,yes,yes,
HARGHITA,MUNICIPIUL GHEORGHENI,https://www.gheorgheni.ro,,municipiu,wordpress,yes,no,,,no,no,feed nu raspunde
HUNEDOARA,ORAS SIMERIA,http://www.primariasimeria.ro/default.aspx,,oras,unknown,yes,no,,,no,no,feed nu raspunde
HUNEDOARA,BANITA,https://banita.ro,https://banita.ro/feed/,comuna,wordpress,yes,yes,10,2026-08-11,yes,yes,
HUNEDOARA,ORAS URICANI,http://orasuluricani.ro,https://orasuluricani.ro/feed/,oras,wordpress,yes,yes,10,2026-07-24,yes,no,
HUNEDOARA,BALSA,https://www.balsa.ro,https://www.balsa.ro/index.php?format=feed&type=rss,comuna,joomla,yes,yes,2,2016-11-10,no,no,
HUNEDOARA,BARU,https://www.primariabaru.ro,,comuna,joomla,yes,no,,,no,no,feed nu raspunde
GIURGIU,MUNICIPIUL GIURGIU,http://www.primariagiurgiu.ro,https://primariagiurgiu.ro/feed/,municipiu,wordpress,yes,yes,10,2026-09-04,yes,yes,
HUNEDOARA,BAIA DE CRIS,https://www.baia-de-cris.ro,https://www.baia-de-cris.ro/feed/,comuna,wordpress,yes,yes,10,2026-08-14,yes,yes,
HUNEDOARA,BAITA,https://baita.ro,https://baita.ro/feed/,comuna,wordpress,yes,no,,,no,no,feed nu raspunde
HARGHITA,PLAIESII DE JOS,https://ro.kaszon.ro,https://ro.kaszon.ro/blog-feed.xml,comuna,wordpress,yes,yes,20,2026-07-06,yes,no,
HARGHITA,TOMESTI,https://www.csikszenttamas.ro/web/?lang=ro,,comuna,unknown,yes,no,,,no,no,feed nu raspunde
HARGHITA,ULIES,http://www.comunaulies.ro,,comuna,unknown,yes,no,,,no,no,feed nu raspunde
HARGHITA,PAULENI-CIUC,http://www.comuna-pauleniciuc.ro,,comuna,other,yes,no,,,no,no,feed nu raspunde
HARGHITA,SIMONESTI,http://www.comunasimonesti.ro,,comuna,other,yes,no,,,no,no,feed nu raspunde
HUNEDOARA,ORAS ANINOASA,https://orasulaninoasa.ro,,oras,unknown,yes,no,,,no,no,feed nu raspunde
HUNEDOARA,MUNICIPIUL VULCAN,http://www.e-vulcan.ro,,municipiu,unknown,yes,no,,,no,no,feed nu raspunde
HUNEDOARA,CRISCIOR,http://www.comuna-criscior.ro,,comuna,unknown,no,no,,,no,no,site mort
HUNEDOARA,ORAS GEOAGIU,https://www.geoagiu.ro,,oras,unknown,yes,no,,,no,no,feed nu raspunde
HUNEDOARA,ORAS HATEG,https://primariehateg.ro,,oras,unknown,yes,no,,,no,no,feed nu raspunde
HUNEDOARA,ORAS PETRILA,http://www.orasulpetrila.ro,,oras,unknown,yes,no,,,no,no,feed nu raspunde
HUNEDOARA,BURJUC,https://comuna-burjuc.ro,https://comuna-burjuc.ro/feed/,comuna,wordpress,yes,yes,10,2025-03-11,no,no,
HARGHITA,TULGHES,http://www.tulghes.ro,https://www.tulghes.ro/feed/,comuna,wordpress,yes,yes,10,2025-12-12,no,no,
HUNEDOARA,BERIU,https://www.primariaberiu.ro,https://www.primariaberiu.ro/index.php?format=feed&type=rss,comuna,joomla,yes,yes,2,2016-05-06,no,no,
HUNEDOARA,CARJITI,https://primariacirjiti.ro,https://primariacirjiti.ro/feed/,comuna,wordpress,yes,yes,2,2019-03-05,no,no,
HUNEDOARA,BRANISCA,https://www.primariabranisca.ro,https://primariabranisca.ro/feed/,comuna,wordpress,yes,yes,10,2026-08-25,yes,yes,
HUNEDOARA,BOSOROD,https://www.comunabosorod.ro,https://comunabosorod.ro/feed/,comuna,wordpress,yes,yes,10,2026-09-03,yes,yes,
HUNEDOARA,DENSUS,https://primariadensus.ro,https://primariadensus.ro/feed/,comuna,wordpress,yes,yes,8,2024-02-07,no,no,
HUNEDOARA,LAPUGIU DE JOS,http://www.primarialapugiudejos.ro,,comuna,other,yes,no,,,no,no,feed nu raspunde
HUNEDOARA,BUCES,https://www.buces.ro,https://www.buces.ro/feed/,comuna,wordpress,yes,yes,10,,no,no,
HUNEDOARA,HARAU,https://primariaharau.ro/harau/index.php/primariaharau,,comuna,unknown,yes,no,,,no,no,feed nu raspunde
HUNEDOARA,LUNCA CERNII DE JOS,http://www.comuna-luncacerniidejos.ro,,comuna,unknown,yes,no,,,no,no,feed nu raspunde
HUNEDOARA,BUNILA,https://primariacomuneibunila.ro/bunila,https://primariacomuneibunila.ro/bunila/index.php?format=feed&type=rss,comuna,joomla,yes,yes,5,2026-07-06,yes,no,
HUNEDOARA,ILIA,https://primariailia.ro/ro,,comuna,unknown,yes,no,,,no,no,feed nu raspunde
HUNEDOARA,DOBRA,https://www.dobrahd.ro,https://dobrahd.ro/feed/,comuna,wordpress,yes,yes,4,2024-05-21,no,no,
HUNEDOARA,PESTISU MIC,http://primariapestisumic.ro,https://primariapestisumic.ro/feed/,comuna,wordpress,yes,yes,10,2026-09-03,yes,yes,
HUNEDOARA,RAPOLTU MARE,https://www.rapolt.ro,https://www.rapolt.ro/index.php?format=feed&type=rss,comuna,joomla,yes,yes,0,,no,no,
HARGHITA,TUSNAD,https://www.primariatusnad.ro,https://primariatusnad.ro/ro/feed/,comuna,wordpress,yes,yes,10,2026-09-04,yes,yes,
HUNEDOARA,RACHITOVA,http://www.primariarachitova.ro,https://primariarachitova.ro/feed/,comuna,wordpress,yes,yes,10,2026-01-29,yes,no,
HUNEDOARA,BUCURESCI,https://www.primariabucuresci.ro,,comuna,unknown,yes,no,,,no,no,feed nu raspunde
HUNEDOARA,ORAS CALAN,http://www.primariacalan.ro,https://www.primariacalan.ro/?feed=rss2,oras,wordpress,yes,yes,4,2026-09-02,yes,yes,
HUNEDOARA,GENERAL BERTHELOT,https://www.primariaberthelot.ro,,comuna,e-adm,yes,no,,,no,no,feed nu raspunde
HUNEDOARA,BULZESTII DE SUS,http://www.primariabulzestiidesus.ro,,comuna,unknown,yes,no,,,no,no,feed nu raspunde
HUNEDOARA,RAU DE MORI,https://riu-de-mori.ro,,comuna,unknown,no,no,,,no,no,site mort
HARGHITA,PORUMBENI,http://www.primariaporumbeni.ro,,comuna,other,yes,no,,,no,no,feed nu raspunde
HARGHITA,SUSENI,http://www.suseni.ro/ro,,comuna,unknown,yes,no,,,no,no,feed nu raspunde
HUNEDOARA,MUNICIPIUL PETROSANI,https://www.primariapetrosani.ro,,municipiu,e-adm,yes,no,,,no,no,feed nu raspunde
HUNEDOARA,GHELARI,https://primariaghelari.ro,https://primariaghelari.ro/feed/,comuna,wordpress,yes,yes,7,2021-12-28,no,no,
HARGHITA,SICULENI,https://www.madefalva.ro,,comuna,other,yes,no,,,no,no,feed nu raspunde
HUNEDOARA,TOMESTI,https://primariatomestihd.ro,,comuna,unknown,yes,no,,,no,no,feed nu raspunde
HUNEDOARA,TURDAS,https://www.turdas.ro,https://www.turdas.ro/index.php?format=feed&type=rss,comuna,joomla,yes,yes,1,2016-11-20,no,no,
HUNEDOARA,LUNCOIU DE JOS,http://www.luncoi.ro/primaria/primaria.php,,comuna,unknown,no,no,,,no,no,site mort
HUNEDOARA,ZAM,https://www.comunazam.ro,,comuna,e-adm,yes,no,,,no,no,feed nu raspunde
HUNEDOARA,RIBITA,https://ribita.ro,https://ribita.ro/feed/,comuna,wordpress,yes,yes,10,,no,no,
HARGHITA,SUBCETATE,https://www.subcetate.senap.ro,,comuna,other,yes,no,,,no,no,feed nu raspunde
HARGHITA,MERESTI,https://homorodalmas.ro,https://homorodalmas.ro/language/ro/feed/,comuna,wordpress,yes,yes,10,2026-07-31,yes,no,
HUNEDOARA,BRETEA ROMANA,https://www.bretea-romana.ro,https://bretea-romana.ro/feed/,comuna,wordpress,yes,yes,10,2026-09-03,yes,yes,
HUNEDOARA,SALASU DE SUS,https://comuna-salasudesus.ro,https://comuna-salasudesus.ro/feed/,comuna,wordpress,yes,yes,10,2026-09-01,yes,yes,
HUNEDOARA,VATA DE JOS,https://primariavatadejos.ro,https://primariavatadejos.ro/feed/,comuna,wordpress,yes,yes,20,2026-07-09,yes,no,
HUNEDOARA,ROMOS,https://romos.ro,https://romos.ro/feed/,comuna,wordpress,yes,yes,10,2026-08-18,yes,yes,
HUNEDOARA,PUI,https://www.primaria-pui.ro,https://primaria-pui.ro/feed/,comuna,wordpress,yes,yes,10,2026-06-18,yes,no,
HUNEDOARA,LELESE,https://comunalelese.ro,,comuna,other,yes,no,,,no,no,feed nu raspunde
HUNEDOARA,GURASADA,http://www.comunagurasada.ro,,comuna,other,yes,no,,,no,no,feed nu raspunde
IALOMITA,ORAS CAZANESTI,https://www.primariacazanestiil.ro,https://www.primariacazanestiil.ro/index.php?format=feed&type=rss,oras,joomla,yes,yes,16,2026-08-20,yes,yes,
HUNEDOARA,VETEL,https://primaria-vetel-hd.ro,https://primaria-vetel-hd.ro/feed/,comuna,wordpress,yes,yes,20,2026-05-14,yes,no,
IALOMITA,AXINTELE,https://www.axintele.ro,,comuna,other,yes,no,,,no,no,feed nu raspunde
HUNEDOARA,CERTEJU DE SUS,http://www.certejudesus.ro,,comuna,unknown,yes,no,,,no,no,feed nu raspunde
HUNEDOARA,CERBAL,http://www.primariacerbal.ro,,comuna,unknown,yes,no,,,no,no,feed nu raspunde
HUNEDOARA,SOIMUS,https://soimus.ro,https://soimus.ro/feed/,comuna,wordpress,yes,yes,6,2024-04-29,no,no,
HUNEDOARA,VORTA,https://primariavorta.ro,https://primariavorta.ro/feed/,comuna,wordpress,yes,yes,0,,no,no,
IALOMITA,ALBESTI,http://www.primariaalbesti.ro,https://primariaalbesti.ro/feed/,comuna,wordpress,yes,yes,0,,no,no,
IALOMITA,BARBULESTI,http://www.barbulesti.ro,,comuna,other,yes,no,,,no,no,feed nu raspunde
HUNEDOARA,VALISOARA,https://www.primariavalisoara.ro,https://primariavalisoara.ro/feed/,comuna,wordpress,yes,yes,14,2026-03-02,yes,no,
IALOMITA,MUNICIPIUL FETESTI,https://www.primariafetesti.ro,,municipiu,unknown,yes,no,,,no,no,feed nu raspunde
IALOMITA,ORAS TANDAREI,http://primaria-tandarei.ro,https://primaria-tandarei.ro/rss.xml,oras,drupal,yes,yes,10,2026-09-04,yes,yes,
HUNEDOARA,MARTINESTI,https://www.martinesti.ro,https://www.martinesti.ro/index.php?format=feed&type=rss,comuna,joomla,yes,yes,2,2016-11-10,no,no,
IALOMITA,MUNICIPIUL SLOBOZIA,http://www.sloboziail.ro,https://municipiulslobozia.ro/feed/,municipiu,wordpress,yes,yes,10,2026-09-04,yes,yes,
HUNEDOARA,TOTESTI,https://www.totesti.ro,https://totesti.ro/feed/,comuna,wordpress,yes,yes,5,2026-08-27,yes,yes,
IALOMITA,DRAGOESTI,http://www.comunadragoesti.ro,,comuna,unknown,no,no,,,no,no,site mort
IALOMITA,ORAS FIERBINTI-TARG,https://www.primariafierbinti.ro,,oras,other,yes,no,,,no,no,feed nu raspunde
IALOMITA,ADANCATA,http://www.adincata.ro,https://www.adincata.ro/feed,comuna,wordpress,yes,yes,1,2020-03-20,no,no,
IALOMITA,FACAENI,https://www.primariafacaeni.ro,,comuna,unknown,no,no,,,no,no,site mort
IALOMITA,COCORA,https://www.comunacocora.ro,,comuna,other,yes,no,,,no,no,feed nu raspunde
IALOMITA,COSERENI,http://www.primariacosereni.ro,,comuna,other,yes,no,,,no,no,feed nu raspunde
IALOMITA,COSAMBESTI,http://www.primariacosimbesti.ro,,comuna,other,yes,no,,,no,no,feed nu raspunde
HUNEDOARA,ORASTIOARA DE SUS,http://comuna-orastioaradesus.ro,https://comuna-orastioaradesus.ro/feed/,comuna,wordpress,yes,yes,10,2026-08-17,yes,yes,
IALOMITA,CIOCARLIA,http://primaria-ciocirlia.ro,https://primaria-ciocirlia.ro/feed/,comuna,wordpress,yes,yes,0,,no,no,
IALOMITA,DRIDU,https://www.primariadridu.ro,https://www.primariadridu.ro/feed/,comuna,wordpress,yes,yes,10,2026-09-02,yes,yes,
IALOMITA,BALACIU,http://www.balaciu.ro,https://www.balaciu.ro/feed,comuna,wordpress,yes,yes,0,,no,no,
IALOMITA,GHEORGHE LAZAR,http://www.primariagheorghelazar.ro,,comuna,other,yes,no,,,no,no,feed nu raspunde
IALOMITA,BARCANESTI,http://www.primariabarcanestiialomita.ro,,comuna,unknown,no,no,,,no,no,site mort
IALOMITA,COLELIA,https://colelia.judetulialomita.ro,https://colelia.judetulialomita.ro/feed/,comuna,wordpress,yes,yes,10,2026-07-01,yes,no,
IALOMITA,GIURGENI,https://www.giurgeni.ro,,comuna,other,yes,no,,,no,no,feed nu raspunde
IALOMITA,MANASIA,http://www.manasia.ro,,comuna,other,yes,no,,,no,no,feed nu raspunde
IALOMITA,MIHAIL KOGALNICEANU,http://www.primariamihailkogalniceanu.ro,,comuna,other,yes,no,,,no,no,feed nu raspunde
IALOMITA,MILOSESTI,http://www.milosesti.ro,,comuna,other,yes,no,,,no,no,feed nu raspunde
IALOMITA,CIOCHINA,http://www.primariaciochina.ro,,comuna,other,yes,no,,,no,no,feed nu raspunde
IALOMITA,MUNICIPIUL URZICENI,http://www.primaria-urziceni.ro,,municipiu,drupal,yes,no,,,no,no,feed nu raspunde
IALOMITA,BORDUSANI,http://www.primariabordusani.ro,https://primariabordusani.ro/feed/,comuna,wordpress,yes,yes,0,,no,no,
IALOMITA,MUNTENI-BUZAU,https://www.primariamuntenibuzau.ro,,comuna,joomla,yes,no,,,no,no,feed nu raspunde
IALOMITA,ORAS AMARA,https://www.primaria-amara.ro,https://primaria-amara.ro/feed/,oras,wordpress,yes,yes,100,2026-09-04,yes,yes,
IALOMITA,MAIA,http://www.primariamaia.ro,,comuna,other,yes,no,,,no,no,feed nu raspunde
IALOMITA,CIULNITA,https://www.primariaciulnita.ro,https://www.primariaciulnita.ro/feed/,comuna,wordpress,yes,yes,12,2026-09-02,yes,yes,
IALOMITA,REVIGA,http://www.primariareviga.ro,,comuna,unknown,no,no,,,no,no,site mort
IALOMITA,OGRADA,http://www.primariaograda.ro,,comuna,other,yes,no,,,no,no,feed nu raspunde
IALOMITA,RADULESTI,http://www.primariaradulesti.ro,,comuna,other,yes,no,,,no,no,feed nu raspunde
IALOMITA,ALEXENI,https://www.primariaalexeni.ro,https://primariaalexeni.ro/feed/,comuna,wordpress,yes,yes,0,,no,no,
IALOMITA,BUCU,http://www.primariabucu.ro,https://www.primariabucu.ro/index.php?format=feed&type=rss,comuna,joomla,yes,yes,23,2026-08-26,yes,yes,
IALOMITA,MOLDOVENI,http://www.primariamoldoveni.ro,,comuna,other,yes,no,,,no,no,feed nu raspunde
IALOMITA,ROSIORI,https://primariarosiori-il.ro,https://primariarosiori-il.ro/feed/,comuna,wordpress,yes,yes,0,,no,no,
IALOMITA,SAVENI,http://www.comunasaveni.ro,,comuna,other,yes,no,,,no,no,feed nu raspunde
HUNEDOARA,BLAJENI,https://blajeni.ro,https://blajeni.ro/comments/feed/,comuna,wordpress,yes,yes,0,,no,no,
IALOMITA,GHEORGHE DOJA,http://www.gheorghedojail.ro,,comuna,wordpress,yes,no,,,no,no,feed nu raspunde
HUNEDOARA,TELIUCU INFERIOR,http://www.comuna-teliucu-inferior.ro,https://www.comuna-teliucu-inferior.ro/feed/,comuna,wordpress,yes,yes,10,2026-08-27,yes,yes,
HARGHITA,LUNCA DE SUS,http://gyimesfelsolok.ro,,comuna,unknown,yes,no,,,no,no,feed nu raspunde
IALOMITA,STELNICA,http://www.stelnica.ro,,comuna,other,yes,no,,,no,no,feed nu raspunde
IALOMITA,SCANTEIA,http://primariascanteia.ro,https://www.primariascanteia.ro/feed/,comuna,wordpress,yes,yes,12,2026-08-21,yes,yes,
IALOMITA,SFANTU GHEORGHE,http://www.sfintugheorghe.ro,https://www.sfintugheorghe.ro/feed,comuna,wordpress,yes,yes,1,2020-03-20,no,no,
HUNEDOARA,MUNICIPIUL ORASTIE,http://www.orastie.info.ro,,municipiu,e-adm,yes,no,,,no,no,feed nu raspunde
IALOMITA,BORANESTI,http://www.primariaboranesti.ro,,comuna,other,yes,no,,,no,no,feed nu raspunde
IALOMITA,MOVILA,https://www.primariamovila.ro,,comuna,wordpress,yes,no,,,no,no,feed nu raspunde
IALOMITA,JILAVELE,https://N/A,,comuna,unknown,no,no,,,no,no,site mort
IALOMITA,MARCULESTI,http://primariamarculesti.ro,https://primariamarculesti.ro/rss.xml,comuna,drupal,yes,yes,10,2026-06-17,yes,no,
IASI,ANDRIESENI,http://www.primariaandrieseni.ro,,comuna,unknown,no,no,,,no,no,site mort
IALOMITA,BUESTI,http://www.buesti.ro,,comuna,other,yes,no,,,no,no,feed nu raspunde
IALOMITA,SINESTI,http://www.primariasinestiil.ro,https://www.primariasinestiil.ro/feed,comuna,wordpress,yes,yes,1,2020-03-20,no,no,
IALOMITA,GARBOVI,http://www.garbovi.ro,,comuna,other,yes,no,,,no,no,feed nu raspunde
IALOMITA,SUDITI,http://www.primariasuditi.ro,,comuna,other,yes,no,,,no,no,feed nu raspunde
IALOMITA,MOVILITA,http://www.primariamovilita.ro,,comuna,other,yes,no,,,no,no,feed nu raspunde
IALOMITA,GRIVITA,http://www.primariagrivita.ro,,comuna,other,yes,no,,,no,no,feed nu raspunde
IALOMITA,ARMASESTI,https://www.comunaarmasesti.ro,,comuna,e-adm,yes,no,,,no,no,feed nu raspunde
IALOMITA,PERIETI,http://primaria-perieti.ro,,comuna,unknown,yes,no,,,no,no,feed nu raspunde
IALOMITA,SARATENI,http://www.primariasarateni.ro,,comuna,unknown,yes,no,,,no,no,feed nu raspunde
IASI,MUNICIPIUL PASCANI,http://primariapascani.ro/primarie,,municipiu,unknown,yes,no,,,no,no,feed nu raspunde
IALOMITA,PLATONESTI,http://www.platonesti.ro,,comuna,other,yes,no,,,no,no,feed nu raspunde
IASI,CIOHORANI,http://www.comunaciohorani.ro,,comuna,other,yes,no,,,no,no,feed nu raspunde
IASI,CEPLENITA,https://primariaceplenita.ro,https://primariaceplenita.ro/feed/,comuna,wordpress,yes,yes,0,,no,no,
IASI,ORAS HARLAU,https://www.primaria-hirlau.ro,,oras,other,yes,no,,,no,no,feed nu raspunde
IALOMITA,GRINDU,http://www.grindu.ro,https://www.grindu.ro/feed,comuna,wordpress,yes,yes,1,2020-03-20,no,no,
IALOMITA,TRAIAN,http://www.primariatraian.ro,,comuna,other,yes,no,,,no,no,feed nu raspunde
IASI,COTNARI,http://www.primaria-cotnari.ro/contact.html,,comuna,unknown,no,no,,,no,no,site mort
IALOMITA,VALEA CIORII,http://www.primariavaleaciorii.ro,,comuna,unknown,yes,no,,,no,no,feed nu raspunde
HUNEDOARA,TOPLITA,https://toplita-hunedoara.ro,https://toplita-hunedoara.ro/feed/,comuna,wordpress,yes,yes,10,2026-07-24,yes,no,
IALOMITA,VALEA MACRISULUI,http://www.valeamacrisului.ro,,comuna,unknown,yes,no,,,no,no,feed nu raspunde
IASI,BALTATI,http://www.primariabaltati.ro,https://primariabaltati.ro/feed/,comuna,wordpress,yes,yes,0,,no,no,
IASI,BARNOVA,https://primariabarnova.ro,https://primariabarnova.ro/feed/,comuna,wordpress,yes,yes,10,2025-01-29,no,no,
IASI,COMARNA,https://www.primariacomarna.ro,https://primariacomarna.ro/feed/,comuna,wordpress,yes,yes,6,2022-05-09,no,no,
IASI,DELENI,https://comunadeleni.com,https://comunadeleni.com/feed/,comuna,wordpress,yes,yes,20,2026-09-03,yes,yes,
IASI,MUNICIPIUL IASI,http://www.primaria-iasi.ro,,municipiu,unknown,yes,no,,,no,no,feed nu raspunde
IALOMITA,VLADENI,http://www.primariavladeniil.ro,,comuna,other,yes,no,,,no,no,feed nu raspunde
IASI,CIORTESTI,https://www.primariaciortesti.ro,,comuna,other,yes,no,,,no,no,feed nu raspunde
IALOMITA,ANDRASESTI,http://www.primaria-andrasesti.ro,https://primaria-andrasesti.ro/feed/,comuna,wordpress,yes,yes,0,,no,no,
IASI,ORAS PODU ILOAIEI,https://poduiloaiei.ro,https://poduiloaiei.ro/feed/,oras,wordpress,yes,yes,10,2026-07-09,yes,no,
IASI,ARONEANU,https://www.comunaaroneanu.ro,,comuna,unknown,yes,no,,,no,no,feed nu raspunde
IASI,COSTESTI,http://www.primariacomuneicostesti.ro,https://primariacomuneicostesti.ro/feed/,comuna,wordpress,yes,yes,0,,no,no,
IASI,CUCUTENI,http://primariacucuteni.ro,,comuna,unknown,yes,no,,,no,no,feed nu raspunde
IASI,FANTANELE,http://comunafantaneleiasi.ro,https://comunafantaneleiasi.ro/feed/,comuna,wordpress,yes,yes,0,,no,no,
IASI,BALS,http://primariacomuneibals.ro,,comuna,unknown,yes,no,,,no,no,feed nu raspunde
IASI,CIUREA,https://www.comunaciurea.ro,https://comunaciurea.ro/feed/,comuna,wordpress,yes,yes,10,2026-09-04,yes,yes,
HUNEDOARA,BATRANA,https://primaria-batrina.ro,,comuna,wordpress,yes,no,,,no,no,feed nu raspunde
IASI,FOCURI,https://comunafocuri.ro,https://comunafocuri.ro/feed/,comuna,wordpress,yes,yes,3,2018-11-08,no,no,
IASI,ALEXANDRU I. CUZA,https://primariaicuza.ro,https://primariaicuza.ro/feed/,comuna,wordpress,yes,yes,10,2026-08-27,yes,yes,
IASI,COSTULENI,https://www.comunacostuleni.ro,,comuna,other,yes,no,,,no,no,feed nu raspunde
IASI,COZMESTI,https://www.comunacozmesti.ro,,comuna,other,yes,no,,,no,no,feed nu raspunde
IASI,BIVOLARI,http://comunabivolari.ro,,comuna,unknown,yes,no,,,no,no,feed nu raspunde
IASI,BRAESTI,https://primariabraesti.ro,,comuna,unknown,yes,no,,,no,no,feed nu raspunde
IASI,BUTEA,http://primariabutea.ro,,comuna,unknown,yes,no,,,no,no,feed nu raspunde
IASI,BELCESTI,https://primaria.belcesti.ro,,comuna,unknown,no,no,,,no,no,site mort
IALOMITA,ION ROATA,http://www.primariaionroata.ro,https://primariaionroata.ro/feed/,comuna,wordpress,yes,yes,0,,no,no,
IASI,GOLAIESTI,https://N/A,,comuna,unknown,no,no,,,no,no,site mort
IALOMITA,GURA IALOMITEI,https://www.gura-ialomitei.ro,https://www.gura-ialomitei.ro/?format=feed&type=rss,comuna,joomla,yes,yes,1,2024-06-14,no,no,
IASI,DOBROVAT,https://www.comunadobrovat.ro,,comuna,other,yes,no,,,no,no,feed nu raspunde
IASI,DRAGUSENI,https://www.comunadraguseni.ro,,comuna,other,yes,no,,,no,no,feed nu raspunde
IASI,DOLHESTI,https://www.dolhesti-iasi.ro,,comuna,other,yes,no,,,no,no,feed nu raspunde
IASI,LUNGANI,http://comunalungani.ro,https://comunalungani.ro/feed/,comuna,wordpress,yes,yes,0,,no,no,
IASI,LETCANI,http://comunaletcani.ro,https://comunaletcani.ro/feed/,comuna,wordpress,yes,yes,10,2026-09-04,yes,yes,
IASI,ORAS TARGU FRUMOS,http://primariatgfrumos.ro,https://primariatgfrumos.ro/feed/,oras,wordpress,yes,yes,10,2026-09-01,yes,yes,
IASI,MIROSLAVA,https://www.primariamiroslava.ro,https://www.primariamiroslava.ro/feed/,comuna,wordpress,yes,yes,10,2026-08-21,yes,yes,
IASI,COARNELE CAPREI,https://coarnelecaprei.ro,https://coarnelecaprei.ro/feed/,comuna,wordpress,yes,yes,4,2021-03-23,no,no,
IASI,MIRCESTI,https://www.mircesti.ro,https://mircesti.ro/feed/,comuna,wordpress,yes,yes,0,,no,no,
IASI,HELESTENI,http://www.comunahelesteni.ro,,comuna,other,yes,no,,,no,no,feed nu raspunde
IASI,DAGATA,http://www.primariadagita.ro,,comuna,unknown,no,no,,,no,no,site mort
IASI,MIROSLOVESTI,https://comunamiroslovesti.ro,https://comunamiroslovesti.ro/feed/,comuna,wordpress,yes,yes,10,2026-08-12,yes,yes,
IASI,IPATELE,https://www.comunaipatele.ro,,comuna,other,yes,no,,,no,no,feed nu raspunde
IASI,MOTCA,https://comunamotca.ro,https://comunamotca.ro/feed/,comuna,wordpress,yes,yes,10,2026-09-04,yes,yes,
IASI,MIRONEASA,http://www.primariamironeasa.ro,https://primariamironeasa.ro/feed/,comuna,other,yes,yes,8,2026-09-01,yes,yes,
IASI,GROZESTI,https://www.comunagrozesti.ro,,comuna,other,yes,no,,,no,no,feed nu raspunde
IASI,HOLBOCA,https://www.comunaholboca.ro,https://comunaholboca.ro/feed/,comuna,wordpress,yes,yes,10,2026-09-04,yes,yes,
IASI,OTELENI,http://primariaoteleni.ro,https://primariaoteleni.ro/feed/,comuna,wordpress,yes,yes,10,2026-09-02,yes,yes,
IASI,LESPEZI,https://www.primarialespezi.ro,,comuna,unknown,yes,no,,,no,no,feed nu raspunde
IASI,MOGOSESTI-SIRET,https://www.mogosesti-siret.ro,https://www.mogosesti-siret.ro/feed/,comuna,wordpress,yes,yes,10,2024-04-14,no,no,
IASI,PLUGARI,http://comunaplugari.ro,https://comunaplugari.ro/feed/,comuna,wordpress,yes,yes,10,2026-07-01,yes,no,
IASI,GRAJDURI,http://www.primariagrajduri.ro,https://primariagrajduri.ro/feed/,comuna,wordpress,yes,yes,0,,no,no,
IASI,HORLESTI,https://primariahorlesti.ro,https://primariahorlesti.ro/feed/,comuna,wordpress,yes,yes,0,,no,no,
IASI,MOGOSESTI,https://www.mogosesti-primaria.ro,https://mogosesti-primaria.ro/feed/,comuna,wordpress,yes,yes,8,2025-07-29,no,no,
IASI,MOVILENI,http://www.primariamovileni.ro,https://primariamovileni.ro/feed/,comuna,wordpress,yes,yes,10,2022-05-29,no,no,
IASI,ION NECULCE,https://primaria-ionneculce.ro,https://primaria-ionneculce.ro/feed/,comuna,wordpress,yes,yes,10,2026-06-29,yes,no,
IASI,POPESTI,http://www.primariapopestiiasi.ro,https://www.primariapopestiiasi.ro/feed/,comuna,wordpress,yes,yes,12,2026-08-17,yes,yes,
IASI,RUGINOASA,http://primaria-ruginoasa.ro,,comuna,unknown,no,no,,,no,no,site mort
IASI,PROBOTA,http://primariaprobota.ro,https://primariaprobota.ro/feed/,comuna,wordpress,yes,yes,10,2026-08-26,yes,yes,
HUNEDOARA,SANTAMARIA-ORLEA,https://www.santamariaorlea.ro,https://www.santamariaorlea.ro/feed/,comuna,wordpress,yes,yes,3,2026-09-01,yes,yes,
IASI,POPRICANI,https://primariapopricani.ro,http://primariapopricani.ro/feed/,comuna,wordpress,yes,yes,10,2026-08-10,yes,yes,
IASI,TATARUSI,https://www.tatarusi.ro,,comuna,unknown,no,no,,,no,no,site mort
IASI,MADARJAC,http://www.comunamadarjac.ro,https://www.comunamadarjac.ro/feed/,comuna,wordpress,yes,yes,12,2026-08-28,yes,yes,
IASI,RADUCANENI,http://comunaraducaneni.ro,,comuna,other,yes,no,,,no,no,feed nu raspunde
IALOMITA,SALCIOARA,http://www.primariasalcioara.ro,https://primariasalcioara.ro/feed/,comuna,wordpress,yes,yes,0,,no,no,
IASI,SCHITU DUCA,http://www.primariaschituduca.ro,,comuna,unknown,no,no,,,no,no,site mort
IASI,PRISACANI,https://uat-prisacani.ro,https://uat-prisacani.ro/feed/,comuna,wordpress,yes,yes,5,2024-05-17,no,no,
IASI,REDIU,https://www.primariarediu.ro,https://www.primariarediu.ro/feed/,comuna,wordpress,yes,yes,10,2026-07-27,yes,no,
HUNEDOARA,SARMIZEGETUSA,http://comuna-sarmizegetusa.ro,https://comuna-sarmizegetusa.ro/comments/feed/,comuna,wordpress,yes,yes,10,2025-03-06,no,no,
IASI,VALEA SEACA,https://www.valeaseaca.ro,,comuna,unknown,yes,no,,,no,no,feed nu raspunde
IASI,TIGANASI,https://www.primariatiganasi.ro,https://www.primariatiganasi.ro/feed/,comuna,wordpress,yes,yes,1,2020-06-17,no,no,
IASI,VICTORIA,https://newsite.comunavictoria.ro,,comuna,unknown,no,no,,,no,no,site mort
IASI,SIRETEL,https://N/A,,comuna,unknown,no,no,,,no,no,site mort
IASI,RACHITENI,https://primariarachiteni.ro,https://primariarachiteni.ro/feed/,comuna,wordpress,yes,yes,10,2026-08-24,yes,yes,
IASI,STOLNICENI-PRAJESCU,https://www.stolniceni.ro,https://stolniceni.ro/feed/,comuna,wordpress,yes,yes,0,,no,no,
IASI,ERBICENI,http://primariaerbiceni.ro,,comuna,unknown,no,no,,,no,no,site mort
IASI,TIBANA,https://www.primariatibana.ro,,comuna,other,yes,no,,,no,no,feed nu raspunde
ILFOV,ORAS MAGURELE,https://primariamagurele.ro,https://primariamagurele.ro/feed,oras,wordpress,yes,yes,10,2026-08-12,yes,yes,
IASI,TIBANESTI,https://www.primariatibanesti.ro,,comuna,wordpress,yes,no,,,no,no,feed nu raspunde
IASI,CRISTESTI,https://www.comunacristesti.ro,,comuna,unknown,yes,no,,,no,no,feed nu raspunde
IASI,STRUNGA,http://primaria-strunga.ro,https://primaria-strunga.ro/feed/,comuna,wordpress,yes,yes,1,2014-05-14,no,no,
ILFOV,ORAS PANTELIMON,http://www.primariapantelimon.ro,https://www.primariapantelimon.ro/feed/,oras,wordpress,yes,yes,10,2026-08-31,yes,yes,
ILFOV,ORAS VOLUNTARI,http://www.primaria-voluntari.ro,,oras,other,yes,no,,,no,no,feed nu raspunde
ILFOV,ORAS OTOPENI,https://www.otopeniro.ro,,oras,e-adm,yes,no,,,no,no,feed nu raspunde
ILFOV,ORAS POPESTI LEORDENI,https://xn--primria-popeti-leordeni-7tc270e.ro,https://xn--primria-popeti-leordeni-7tc270e.ro/rss.xml,oras,drupal,yes,yes,0,,no,no,
IASI,VANATORI,https://primariavanatori.ro,https://primariavanatori.ro/feed/,comuna,wordpress,yes,yes,0,,no,no,
IASI,ROSCANI,http://www.primariaroscani.ro,https://www.primariaroscani.ro/feed/,comuna,wordpress,yes,yes,0,,no,no,
IASI,UNGHENI,http://www.comunaungheni.ro,https://comunaungheni.ro/feed/,comuna,wordpress,yes,yes,0,,no,no,
ILFOV,ORAS BUFTEA,http://www.primariabuftea.ro,https://www.primariabuftea.ro/feed/,oras,wordpress,yes,yes,10,2026-09-03,yes,yes,
IASI,SCHEIA,https://www.scheia.ro,,comuna,other,yes,no,,,no,no,feed nu raspunde
IASI,DUMESTI,http://www.comunadumesti.ro,,comuna,wordpress,yes,no,,,no,no,feed nu raspunde
IASI,VALEA LUPULUI,http://comuna-valealupului.ro,https://comuna-valealupului.ro/feed/,comuna,wordpress,yes,yes,3,2022-10-04,no,no,
IASI,GORBAN,http://primariagorban.ro,https://primariagorban.ro/feed/,comuna,wordpress,yes,yes,0,,no,no,
ILFOV,AFUMATI,https://www.primariaafumati.ro,https://www.primariaafumati.ro/?format=feed&type=rss,comuna,joomla,yes,yes,4,2026-08-03,yes,yes,
ILFOV,BRANESTI,https://www.primaria-branesti.ro,https://www.primaria-branesti.ro/index.php?format=feed&type=rss,comuna,joomla,yes,yes,2,2012-10-28,no,no,
IASI,TUTORA,http://www.primariatutora.ro,,comuna,unknown,yes,no,,,no,no,feed nu raspunde
IASI,ROMANESTI,https://www.comuna-romanesti.ro,,comuna,unknown,yes,no,,,no,no,feed nu raspunde
IASI,GROPNITA,https://www.comuna-gropnita-iasi.ro,,comuna,other,yes,no,,,no,no,feed nu raspunde
ILFOV,1 DECEMBRIE,http://primaria1decembrie.ro,https://primaria1decembrie.ro/feed/,comuna,wordpress,yes,yes,12,2026-09-02,yes,yes,
IASI,MOSNA,http://www.mosnaiasi.ro,https://mosnaiasi.ro/feed/,comuna,wordpress,yes,yes,1,2026-08-31,yes,yes,
IASI,SIPOTE,http://www.primariasipote.ro,,comuna,unknown,yes,no,,,no,no,feed nu raspunde
IASI,TOMESTI,https://www.comuna-tomesti.ro,https://www.comuna-tomesti.ro/feed/,comuna,wordpress,yes,yes,2,2023-12-01,no,no,
ILFOV,CERNICA,http://www.cernica.ro,,comuna,other,yes,no,,,no,no,feed nu raspunde
ILFOV,DRAGOMIRESTI-VALE,https://primariadragomirestivale.ro,https://primariadragomirestivale.ro/feed/,comuna,wordpress,yes,yes,1,2025-07-17,no,no,
IASI,VLADENI,https://N/A,,comuna,unknown,no,no,,,no,no,site mort
ILFOV,DARASTI-ILFOV,https://N/A,,comuna,unknown,no,no,,,no,no,site mort
ILFOV,BERCENI,https://www.primariaberceni.ro,https://www.primariaberceni.ro/feed/,comuna,wordpress,yes,yes,7,2026-08-26,yes,yes,
IASI,SCOBINTI,http://www.primariascobinti.ro,https://www.primariascobinti.ro/feed/,comuna,wordpress,yes,yes,12,2026-08-27,yes,yes,
ILFOV,COPACENI,https://primariacopaceniilfov.ro,https://primariacopaceniilfov.ro/feed/,comuna,e-adm,yes,yes,10,2026-07-31,yes,no,
ILFOV,JILAVA,http://primariajilava.ro,https://primariajilava.ro/feed/,comuna,wordpress,yes,yes,10,2026-09-03,yes,yes,
ILFOV,ORAS BRAGADIRU,https://www.primariaorasbragadiru.ro,,oras,joomla,yes,no,,,no,no,feed nu raspunde
ILFOV,CHIAJNA,https://www.primariachiajna.ro,https://www.primariachiajna.ro/feed/,comuna,wordpress,yes,yes,12,2026-08-20,yes,yes,
ILFOV,DOMNESTI,https://primariadomnesti.ro,https://primariadomnesti.ro/feed/,comuna,wordpress,yes,yes,10,2026-09-03,yes,yes,
ILFOV,CIOROGARLA,https://primariaciorogarla.ro,https://primariaciorogarla.ro/feed/,comuna,wordpress,yes,yes,4,2025-12-11,no,no,
ILFOV,GLINA,https://primaria-glina.ro,,comuna,unknown,yes,no,,,no,no,feed nu raspunde
ILFOV,GRADISTEA,https://comunagradisteaif.ro,https://comunagradisteaif.ro/feed/,comuna,wordpress,yes,yes,4,2019-11-06,no,no,
ILFOV,DASCALU,https://comunadascalu.ro,,comuna,unknown,yes,no,,,no,no,feed nu raspunde
ILFOV,PERIS,http://www.primaria-peris.ro,,comuna,unknown,yes,no,,,no,no,feed nu raspunde
MARAMURES,MUNICIPIUL SIGHETU MARMATIEI,http://www.primaria-sighet.ro,,municipiu,other,yes,no,,,no,no,feed nu raspunde
ILFOV,VIDRA,http://www.primaria-vidra.ro,https://primaria-vidra.ro/feed/,comuna,wordpress,yes,yes,10,2026-09-03,yes,yes,
IASI,SCANTEIA,http://www.primariascinteia.ro,,comuna,unknown,yes,no,,,no,no,feed nu raspunde
MARAMURES,ORAS BORSA,https://www.primariaborsamm.ro,,oras,other,yes,no,,,no,no,feed nu raspunde
MARAMURES,ORAS SOMCUTA MARE,https://www.somcutamare.ro,,oras,unknown,yes,no,,,no,no,feed nu raspunde
ILFOV,GRUIU,https://www.primariagruiu.ro,https://www.primariagruiu.ro/?format=feed&type=rss,comuna,other,yes,yes,1,2016-01-28,no,no,
ILFOV,CORNETU,http://primariacornetu.ro,https://www.primariacornetu.ro/feed/,comuna,wordpress,yes,yes,10,2026-08-07,yes,yes,
ILFOV,MOARA VLASIEI,https://www.primariamoara-vlasiei.ro,https://www.primariamoara-vlasiei.ro/feed/,comuna,wordpress,yes,yes,12,2026-08-13,yes,yes,
ILFOV,MOGOSOAIA,https://primaria.mogosoaia.ro,,comuna,unknown,yes,no,,,no,no,feed nu raspunde
IASI,TANSA,http://www.primariatansa.ro,https://primariatansa.ro/feed/,comuna,wordpress,yes,yes,0,,no,no,
ILFOV,CORBEANCA,http://www.primariacorbeanca.ro,https://pcc.ro/feed/,comuna,wordpress,yes,yes,9,2026-09-04,yes,yes,
ILFOV,GANEASA,http://primariaganeasailfov.ro,https://primariaganeasailfov.ro/feed/,comuna,wordpress,yes,yes,10,2026-08-07,yes,yes,
IASI,VOINESTI,https://www.primariavoinesti-iasi.ro,,comuna,other,yes,no,,,no,no,feed nu raspunde
MARAMURES,ORAS TAUTII-MAGHERAUS,https://www.tautiimagheraus.ro,https://tautiimagheraus.ro/feed/,oras,wordpress,yes,yes,10,2026-08-17,yes,yes,
MARAMURES,ASUAJU DE SUS,https://www.comunaasuajudesus.ro/index.php/ro,,comuna,unknown,yes,no,,,no,no,feed nu raspunde
MARAMURES,ORAS BAIA SPRIE,https://www.baiasprie.ro,https://www.baiasprie.ro/index.php?format=feed&type=rss,oras,joomla,yes,yes,8,2026-07-23,yes,no,
MARAMURES,ORAS CAVNIC,https://www.cavnic.ro,,oras,wordpress,yes,no,,,no,no,feed nu raspunde
MARAMURES,ORAS SALISTEA DE SUS,https://salisteadesus.ro,,oras,wordpress,yes,no,,,no,no,feed nu raspunde
MARAMURES,BISTRA,https://www.primariabistra.ro,,comuna,unknown,no,no,,,no,no,site mort
MARAMURES,ORAS SEINI,https://www.seini.ro,https://seini.ro/feed/,oras,wordpress,yes,yes,10,2026-09-04,yes,yes,
ILFOV,SNAGOV,https://www.primaria-snagov.ro,,comuna,unknown,yes,no,,,no,no,feed nu raspunde
MARAMURES,ORAS TARGU LAPUS,https://www.primariatargulapus.ro,,oras,wordpress,yes,no,,,no,no,feed nu raspunde
ILFOV,DOBROESTI,https://www.primariadobroesti.ro,https://www.primariadobroesti.ro/feed/,comuna,wordpress,yes,yes,10,2026-09-03,yes,yes,
MARAMURES,BARSANA,http://barsana.clickglobal.ro,,comuna,other,yes,no,,,no,no,feed nu raspunde
ILFOV,TUNARI,https://www.primaria-tunari.ro,,comuna,unknown,yes,no,,,no,no,feed nu raspunde
IASI,HALAUCESTI,https://www.primariahalaucesti.ro,https://primariahalaucesti.ro/website/feed/,comuna,wordpress,yes,yes,7,2026-08-05,yes,yes,
IASI,HARMANESTI,https://primaria-harmanesti.ro,,comuna,wordpress,yes,no,,,no,no,feed nu raspunde
MARAMURES,COAS,https://www.primariacoas.ro,,comuna,unknown,no,no,,,no,no,site mort
ILFOV,CLINCENI,https://primaria-clinceni.ro,https://primaria-clinceni.ro/feed/,comuna,wordpress,yes,yes,10,2025-03-04,no,no,
IASI,SINESTI,https://www.primariasinesti.ro,,comuna,other,yes,no,,,no,no,feed nu raspunde
MARAMURES,BUDESTI,https://www.comuna-budesti.ro,,comuna,joomla,yes,no,,,no,no,feed nu raspunde
MARAMURES,BOGDAN VODA,https://primariabogdanvoda.ro,https://primariabogdanvoda.ro/feed/,comuna,wordpress,yes,yes,10,2026-06-24,yes,no,
MARAMURES,BICAZ,https://comunabicazmm.ro,,comuna,other,yes,no,,,no,no,feed nu raspunde
MARAMURES,COLTAU,https://www.primaria-coltau.ro,https://primaria-coltau.ro/feed/,comuna,wordpress,yes,yes,0,,no,no,
MARAMURES,ORAS ULMENI,http://www.primariaulmenimm.ro,https://primariaulmenimm.ro/feed/,oras,wordpress,yes,yes,10,2026-08-18,yes,yes,
MARAMURES,BOIU MARE,http://www.primariaboiumare.ro,https://primariaboiumare.ro/feed/,comuna,wordpress,yes,yes,0,,no,no,
MARAMURES,BOTIZA,https://primariabotiza.ro,https://primariabotiza.ro/feed/,comuna,wordpress,yes,yes,7,2024-01-30,no,no,
MARAMURES,ORAS VISEU DE SUS,https://www.viseudesus.ro,,oras,unknown,no,no,,,no,no,site mort
MARAMURES,BASESTI,https://www.basestimm.ro,https://basestimm.ro/feed/,comuna,wordpress,yes,yes,9,2023-01-07,no,no,
MARAMURES,ARDUSAT,https://www.comuna-ardusat.ro,https://comuna-ardusat.ro/feed/,comuna,wordpress,yes,yes,3,2023-09-29,no,no,
MARAMURES,BOCICOIU MARE,http://primariabocicoiumare.ro,https://primariabocicoiumare.ro/feed/,comuna,wordpress,yes,yes,3,2025-02-15,no,no,
MARAMURES,FARCASA,http://www.farcasa-maramures.ro,https://farcasa-maramures.ro/feed/,comuna,wordpress,yes,yes,10,2026-08-21,yes,yes,
MARAMURES,CAMPULUNG LA TISA,https://N/A,,comuna,unknown,no,no,,,no,no,site mort
MARAMURES,COROIENI,https://www.comunacoroieni.ro,,comuna,wordpress,yes,no,,,no,no,feed nu raspunde
ILFOV,CIOLPANI,https://www.primariaciolpani.ro,https://primariaciolpani.ro/feed/,comuna,e-adm,yes,yes,10,2026-04-21,yes,no,
MARAMURES,BAIUT,https://www.comunabaiut.ro/ari2_364-contact.html,,comuna,unknown,yes,no,,,no,no,feed nu raspunde
ILFOV,STEFANESTII DE JOS,https://primariastefanesti.ro,https://primariastefanesti.ro/feed/,comuna,wordpress,yes,yes,10,2026-09-02,yes,yes,
MARAMURES,CUPSENI,https://N/A,,comuna,unknown,no,no,,,no,no,site mort
MARAMURES,POIENILE DE SUB MUNTE,http://www.primariapoieniledesubmunte.ro,,comuna,unknown,no,no,,,no,no,site mort
MARAMURES,ONCESTI,https://www.primariaoncesti.ro,,comuna,unknown,yes,no,,,no,no,feed nu raspunde
MARAMURES,GIULESTI,http://primariagiulesti.ro,https://www.primariagiulesti.ro/feed/,comuna,wordpress,yes,yes,2,2023-03-06,no,no,
MARAMURES,DUMBRAVITA,https://www.primariadumbravitamm.ro,,comuna,wordpress,yes,no,,,no,no,feed nu raspunde
IASI,TRIFESTI,http://primariatrifestiiasi.ro,https://www.primariatrifestiiasi.ro/feed/,comuna,wordpress,yes,yes,10,2025-09-03,no,no,
MARAMURES,GROSI,https://primariagrosi.ro,,comuna,wordpress,yes,no,,,no,no,feed nu raspunde
MARAMURES,GARDANI,https://www.primariagardani.ro,,comuna,e-adm,yes,no,,,no,no,feed nu raspunde
MARAMURES,POIENILE IZEI,https://www.poienileizei.ro,,comuna,other,yes,no,,,no,no,feed nu raspunde
ILFOV,NUCI,https://primarianuciilfov.ro,https://primarianuciilfov.ro/feed/,comuna,wordpress,yes,yes,10,2026-08-21,yes,yes,
MARAMURES,DESESTI,https://www.primariadesestimm.ro,https://primariadesestimm.ro/feed/,comuna,wordpress,yes,yes,10,2026-08-18,yes,yes,
MARAMURES,ARINIS,https://comunaarinis.ro/index.php/contact,,comuna,other,yes,no,,,no,no,feed nu raspunde
MARAMURES,SACEL,http://www.primariasacel.ro,,comuna,unknown,no,no,,,no,no,site mort
MARAMURES,ROZAVLEA,https://www.primaria-rozavlea.ro,,comuna,other,yes,no,,,no,no,feed nu raspunde
MARAMURES,SAPANTA,https://www.primaria-sapanta.com,,comuna,unknown,no,no,,,no,no,site mort
MARAMURES,PETROVA,http://www.primaria-petrova.ro,,comuna,wordpress,yes,no,,,no,no,feed nu raspunde
MARAMURES,LAPUS,https://www.primaria-lapus.ro,,comuna,other,yes,no,,,no,no,feed nu raspunde
MARAMURES,REMETI,https://N/A,,comuna,unknown,no,no,,,no,no,site mort
MARAMURES,COPALNIC-MANASTUR,https://www.primariacopalnicmanastur.ro,https://primariacopalnicmanastur.ro/feed/,comuna,wordpress,yes,yes,10,2025-04-08,no,no,
MARAMURES,SIEU,http://primaria-sieu.ro,,comuna,unknown,no,no,,,no,no,site mort
MARAMURES,SALSIG,http://www.salsig.ro,,comuna,other,yes,no,,,no,no,feed nu raspunde
MARAMURES,RUSCOVA,https://N/A,,comuna,unknown,no,no,,,no,no,site mort
ILFOV,ORAS CHITILA,http://www.primariachitila.ro,https://primariachitila.ro/new/feed/,oras,wordpress,yes,yes,10,2026-09-01,yes,yes,
MARAMURES,SISESTI,https://www.comunasisesti.ro,https://www.comunasisesti.ro/index.php?format=feed&type=rss,comuna,joomla,yes,yes,0,,no,no,
MARAMURES,LEORDINA,https://www.primaria-leordina.ro,https://primaria-leordina.ro/feed/,comuna,wordpress,yes,yes,1,2021-03-16,no,no,
MARAMURES,BAITA DE SUB CODRU,https://www.baitadesubcodru.ro,,comuna,other,yes,no,,,no,no,feed nu raspunde
MARAMURES,RECEA,https://www.primaria-recea.ro,,comuna,joomla,yes,no,,,no,no,feed nu raspunde
MARAMURES,VADU IZEI,https://N/A,,comuna,unknown,no,no,,,no,no,site mort
MARAMURES,VIMA MICA,https://N/A,,comuna,unknown,no,no,,,no,no,site mort
MARAMURES,SUCIU DE SUS,https://primariasuciudesus.ro,,comuna,wordpress,yes,no,,,no,no,feed nu raspunde
ILFOV,PETRACHIOAIA,https://primaria-petrachioaia.ro,https://primaria-petrachioaia.ro/feed/,comuna,e-adm,yes,yes,10,2026-07-06,yes,no,
MARAMURES,IEUD,https://N/A,,comuna,unknown,no,no,,,no,no,site mort
MEHEDINTI,ORAS VANJU MARE,http://primariavinjumare.ro,https://primariavinjumare.ro/feed/,oras,wordpress,yes,yes,10,2026-08-31,yes,yes,
MEHEDINTI,ORAS STREHAIA,http://www.primariastrehaia.ro,https://www.primariastrehaia.ro/feed,oras,wordpress,yes,yes,10,2026-07-22,yes,no,
MARAMURES,ORAS DRAGOMIRESTI,http://www.dragomiresti-maramures.ro,https://dragomiresti-maramures.ro/feed,oras,wordpress,yes,yes,5,2023-12-13,no,no,
MEHEDINTI,BALA,http://www.primariacomuneibala.ro,,comuna,unknown,yes,no,,,no,no,feed nu raspunde
MARAMURES,SARASAU,https://www.primaria-sarasau.ro,,comuna,other,yes,no,,,no,no,feed nu raspunde
MARAMURES,CALINESTI,https://www.calinesti.ro,,comuna,wordpress,yes,no,,,no,no,feed nu raspunde
MARAMURES,MUNICIPIUL BAIA MARE,https://www.baiamare.ro/ro,https://www.baiamare.ro/rss.xml,municipiu,e-adm,yes,yes,50,2026-09-05,yes,yes,
MEHEDINTI,MUNICIPIUL ORSOVA,https://www.primariaorsova.ro,,municipiu,unknown,yes,no,,,no,no,feed nu raspunde
MARAMURES,CICARLAU,https://www.primariacicarlau.ro,https://primariacicarlau.ro/feed/,comuna,wordpress,yes,yes,10,2026-08-14,yes,yes,
MEHEDINTI,ORAS BAIA DE ARAMA,https://www.primariabaiadearama.ro,https://www.primariabaiadearama.ro/index.php?format=feed&type=rss,oras,joomla,yes,yes,0,,no,no,
MARAMURES,VALEA CHIOARULUI,https://www.valeachioarului.ro,https://www.valeachioarului.ro/feed/,comuna,wordpress,yes,yes,6,2020-01-21,no,no,
MARAMURES,RONA DE JOS,https://www.primariaronadejos.ro,,comuna,other,yes,no,,,no,no,feed nu raspunde
MEHEDINTI,BRANISTEA,https://www.clbranistea.ro,,comuna,joomla,yes,no,,,no,no,feed nu raspunde
MEHEDINTI,BALACITA,https://N/A,,comuna,unknown,no,no,,,no,no,site mort
IASI,TODIRESTI,http://www.primariatodiresti.ro,,comuna,unknown,yes,no,,,no,no,feed nu raspunde
MARAMURES,REPEDEA,https://www.comunarepedea.ro,,comuna,wordpress,yes,no,,,no,no,feed nu raspunde
MEHEDINTI,BALTA,https://N/A,,comuna,unknown,no,no,,,no,no,site mort
MEHEDINTI,BURILA MARE,https://primariaburilamare.ro,https://primariaburilamare.ro/feed/,comuna,wordpress,yes,yes,0,,no,no,
MEHEDINTI,CORCOVA,http://www.comunacorcova.ro,https://www.comunacorcova.ro/feed/,comuna,wordpress,yes,yes,10,2025-01-20,no,no,
MARAMURES,VISEU DE JOS,https://www.primaria-viseudejos.ro,,comuna,wordpress,yes,no,,,no,no,feed nu raspunde
MEHEDINTI,MUNICIPIUL DROBETA-TURNU SEVERIN,https://primariadrobeta.ro,https://primariadrobeta.ro/feed/,municipiu,wordpress,yes,yes,10,2026-08-27,yes,yes,
ILFOV,BALOTESTI,http://primariabalotesti.ro,https://primariabalotesti.ro/index.php/feed/,comuna,wordpress,yes,yes,4,2025-11-24,no,no,
MEHEDINTI,BREZNITA-OCOL,http://www.breznitaocolprimaria.ro,https://www.breznitaocolprimaria.ro/feed/,comuna,wordpress,yes,yes,6,2026-04-09,yes,no,
MEHEDINTI,BREZNITA-MOTRU,https://N/A,,comuna,unknown,no,no,,,no,no,site mort
MEHEDINTI,BROSTENI,https://N/A,,comuna,unknown,no,no,,,no,no,site mort
MARAMURES,RONA DE SUS,https://www.primariaronadesus.ro,,comuna,unknown,yes,no,,,no,no,feed nu raspunde
MEHEDINTI,DUBOVA,https://primariadubova.ro,https://primariadubova.ro/feed/,comuna,wordpress,yes,yes,10,2022-07-26,no,no,
MEHEDINTI,CAZANESTI,https://N/A,,comuna,unknown,no,no,,,no,no,site mort
MEHEDINTI,GODEANU,https://primaria-godeanu.ro,,comuna,unknown,no,no,,,no,no,site mort
MEHEDINTI,CIRESU,https://N/A,,comuna,unknown,no,no,,,no,no,site mort
MEHEDINTI,BALVANESTI,https://balvanesti.ro,https://www.balvanesti.ro/feed/,comuna,wordpress,yes,yes,3,2026-03-11,yes,no,
MARAMURES,MIRESU MARE,https://www.miresu-mare.ro,,comuna,wordpress,yes,no,,,no,no,feed nu raspunde
MEHEDINTI,JIANA,https://primaria-jiana.ro,,comuna,unknown,no,no,,,no,no,site mort
MEHEDINTI,CUJMIR,https://N/A,,comuna,unknown,no,no,,,no,no,site mort
MEHEDINTI,DARVARI,https://N/A,,comuna,unknown,no,no,,,no,no,site mort
MEHEDINTI,MALOVAT,http://www.primariamalovat.ro,,comuna,unknown,no,no,,,no,no,site mort
MEHEDINTI,DUMBRAVA,https://N/A,,comuna,unknown,no,no,,,no,no,site mort
MEHEDINTI,ESELNITA,https://N/A,,comuna,unknown,no,no,,,no,no,site mort
MEHEDINTI,FLORESTI,https://N/A,,comuna,unknown,no,no,,,no,no,site mort
MARAMURES,OCNA SUGATAG,https://www.primariaocnasugatag.ro,https://primariaocnasugatag.ro/feed/,comuna,wordpress,yes,yes,1,2022-02-23,no,no,
MEHEDINTI,BUTOIESTI,http://primariabutoiesti.ro,https://primariabutoiesti.ro/feed/,comuna,wordpress,yes,yes,10,2020-07-24,no,no,
MEHEDINTI,PODENI,http://comunapodenimh.ro,,comuna,unknown,no,no,,,no,no,site mort
MEHEDINTI,GARLA MARE,https://N/A,,comuna,unknown,no,no,,,no,no,site mort
MEHEDINTI,GRECI,https://N/A,,comuna,unknown,no,no,,,no,no,site mort
MARAMURES,GROSII TIBLESULUI,https://www.grosiitiblesului.ro,,comuna,wordpress,yes,no,,,no,no,feed nu raspunde
MEHEDINTI,GROZESTI,https://N/A,,comuna,unknown,no,no,,,no,no,site mort
MEHEDINTI,GRUIA,https://N/A,,comuna,unknown,no,no,,,no,no,site mort
MEHEDINTI,HINOVA,https://N/A,,comuna,unknown,no,no,,,no,no,site mort
MARAMURES,SATULUNG,http://primariasatulung.ro,,comuna,other,yes,no,,,no,no,feed nu raspunde
MEHEDINTI,HUSNICIOARA,https://N/A,,comuna,unknown,no,no,,,no,no,site mort
MEHEDINTI,ILOVAT,https://N/A,,comuna,unknown,no,no,,,no,no,site mort
MEHEDINTI,ISVERNA,https://N/A,,comuna,unknown,no,no,,,no,no,site mort
MEHEDINTI,IZVORU BARZII,https://N/A,,comuna,unknown,no,no,,,no,no,site mort
MEHEDINTI,LIVEZILE,https://N/A,,comuna,unknown,no,no,,,no,no,site mort
MEHEDINTI,OBARSIA DE CAMP,https://N/A,,comuna,unknown,no,no,,,no,no,site mort
MEHEDINTI,OBARSIA-CLOSANI,https://N/A,,comuna,unknown,no,no,,,no,no,site mort
MEHEDINTI,CORLATEL,https://primaria-corlatel.ro,https://primaria-corlatel.ro/feed/,comuna,wordpress,yes,yes,1,2020-03-06,no,no,
MEHEDINTI,OPRISOR,https://N/A,,comuna,unknown,no,no,,,no,no,site mort
MEHEDINTI,PADINA,https://N/A,,comuna,unknown,no,no,,,no,no,site mort
MEHEDINTI,POROINA MARE,https://N/A,,comuna,unknown,no,no,,,no,no,site mort
MEHEDINTI,PRISTOL,https://N/A,,comuna,unknown,no,no,,,no,no,site mort
MARAMURES,CERNESTI,https://www.comunacernesti.ro,,comuna,wordpress,yes,no,,,no,no,feed nu raspunde
MEHEDINTI,SALCIA,https://N/A,,comuna,unknown,no,no,,,no,no,site mort
MEHEDINTI,SISESTI,https://N/A,,comuna,unknown,no,no,,,no,no,site mort
MEHEDINTI,STANGACEAUA,https://N/A,,comuna,unknown,no,no,,,no,no,site mort
MEHEDINTI,TAMNA,https://N/A,,comuna,unknown,no,no,,,no,no,site mort
MARAMURES,REMETEA CHIOARULUI,https://www.remeteachioarului.ro,https://remeteachioarului.ro/feed/,comuna,wordpress,yes,yes,10,2023-10-25,no,no,
MEHEDINTI,VANJULET,https://N/A,,comuna,unknown,no,no,,,no,no,site mort
MEHEDINTI,VLADAIA,https://N/A,,comuna,unknown,no,no,,,no,no,site mort
MEHEDINTI,VOLOIAC,https://N/A,,comuna,unknown,no,no,,,no,no,site mort
MEHEDINTI,VRATA,https://N/A,,comuna,unknown,no,no,,,no,no,site mort
MURES,ACATARI,https://www.acatari.ro,,comuna,unknown,yes,no,,,no,no,feed nu raspunde
MURES,ALBESTI,http://www.comunaalbesti.ro,https://comunaalbesti.ro/feed/,comuna,wordpress,yes,yes,20,2026-09-03,yes,yes,
MARAMURES,SACALASENI,https://www.sacalaseni.ro,https://sacalaseni.ro/feed/,comuna,wordpress,yes,yes,10,2026-08-26,yes,yes,
MURES,ORAS IERNUT,https://primariaiernut.ro,https://primariaiernut.ro/feed/,oras,wordpress,yes,yes,10,2025-02-18,no,no,
MEHEDINTI,BACLES,https://primariabacles.ro,https://primariabacles.ro/rss,comuna,wordpress,yes,yes,10,2026-08-03,yes,yes,
MEHEDINTI,PATULELE,https://www.primariapatulelemh.ro,https://www.primariapatulelemh.ro/feed/,comuna,wordpress,yes,yes,0,,no,no,
MURES,ORAS LUDUS,http://www.ludus.ro,,oras,other,yes,no,,,no,no,feed nu raspunde
MURES,MUNICIPIUL TARGU MURES,https://www.tirgumures.ro,https://www.tirgumures.ro/index.php?format=feed&type=rss&lang=ro,municipiu,joomla,yes,yes,10,2026-09-02,yes,yes,
MARAMURES,OARTA DE JOS,https://www.oartadejos.ro,,comuna,unknown,yes,no,,,no,no,feed nu raspunde
MEHEDINTI,PRUNISOR,http://www.primariaprunisor.ro,,comuna,unknown,no,no,,,no,no,site mort
MEHEDINTI,PUNGHINA,http://www.primariapunghina.ro,,comuna,unknown,yes,no,,,no,no,feed nu raspunde
MEHEDINTI,ROGOVA,http://www.cetateaseverinului.ro,,comuna,unknown,no,no,,,no,no,site mort
MURES,BALAUSERI,http://balauseri.ro,,comuna,unknown,yes,no,,,no,no,feed nu raspunde
MURES,ORAS SANGEORGIU DE PADURE,https://sgpadure.ro,,oras,unknown,yes,no,,,no,no,feed nu raspunde
MURES,BERENI,https://www.bereni.ro,,comuna,unknown,yes,no,,,no,no,feed nu raspunde
MURES,MUNICIPIUL TARNAVENI,https://primariatarnaveni.ro,https://primariatarnaveni.ro/feed/,municipiu,wordpress,yes,yes,50,2026-09-04,yes,yes,
MURES,MUNICIPIUL SIGHISOARA,http://www.sighisoara.org.ro,,municipiu,other,yes,no,,,no,no,feed nu raspunde
MARAMURES,STRAMTURA,https://www.primariastramtura.ro,,comuna,unknown,no,no,,,no,no,site mort
MURES,ADAMUS,https://primariaadamus.ro,https://primariaadamus.ro/feed/,comuna,wordpress,yes,yes,20,2026-08-07,yes,yes,
MURES,ORAS SARMASU,https://orasulsarmasu.ro,https://sarmasu.ro/feed/,oras,wordpress,yes,yes,10,2026-05-12,yes,no,
MEHEDINTI,DEVESEL,http://www.comunadevesel.ro,https://comunadevesel.ro/feed/,comuna,wordpress,yes,yes,0,,no,no,
MURES,BATOS,https://www.primariabatos.ro,,comuna,unknown,yes,no,,,no,no,feed nu raspunde
MURES,APOLD,https://comunaapold.ro,https://apold.ro/feed/,comuna,wordpress,yes,yes,6,2023-05-10,no,no,
MURES,MUNICIPIUL REGHIN,http://www.primariareghin.ro,,municipiu,e-adm,yes,no,,,no,no,feed nu raspunde
MURES,COZMA,https://primariacozma.ro,https://primariacozma.ro/feed/,comuna,wordpress,yes,yes,10,2026-03-10,yes,no,
MURES,CRACIUNESTI,https://www.comunacraciunesti.ro,,comuna,unknown,yes,no,,,no,no,feed nu raspunde
MURES,CRAIESTI,https://www.primariacraiesti.ro,https://www.primariacraiesti.ro/feed/,comuna,wordpress,yes,yes,1,2011-06-10,no,no,
MURES,BEICA DE JOS,https://www.beica.ro,https://beica.ro/feed,comuna,wordpress,yes,yes,10,2026-08-31,yes,yes,
MARAMURES,MOISEI,https://www.primariamoisei.ro,,comuna,other,yes,no,,,no,no,feed nu raspunde
MURES,CORUNCA,http://www.primariacorunca.ro,,comuna,other,yes,no,,,no,no,feed nu raspunde
MURES,ORAS UNGHENI,https://www.primariaungheni.ro,https://www.primariaungheni.ro/feed/,oras,wordpress,yes,yes,10,2026-09-03,yes,yes,
MURES,DANES,https://primariadanes.ro,https://primariadanes.ro/index.php/feed/,comuna,wordpress,yes,yes,4,2018-05-05,no,no,
MURES,COROISANMARTIN,https://www.comunacoroisinmartin.ro,https://comunacoroisinmartin.ro/feed,comuna,wordpress,yes,yes,10,2026-08-31,yes,yes,
MURES,FANTANELE,https://www.fantanele-ms.ro,,comuna,unknown,yes,no,,,no,no,feed nu raspunde
MURES,BRANCOVENESTI,https://www.primariabrincovenesti.ro,,comuna,unknown,yes,no,,,no,no,feed nu raspunde
MURES,BAND,https://comunaband.ro,https://comunaband.ro/feed/,comuna,wordpress,yes,yes,10,2026-09-03,yes,yes,
MURES,CUCI,https://www.e-comune.ro/primaria-cuci-ms,,comuna,other,yes,no,,,no,no,feed nu raspunde
MURES,BAGACIU,https://www.primaria-bagaciu.ro,,comuna,other,yes,no,,,no,no,feed nu raspunde
MURES,ORAS SOVATA,https://primariasovata.ro,https://primariasovata.ro/feed/,oras,wordpress,yes,yes,10,2026-07-30,yes,no,
MURES,CHIHERU DE JOS,https://www.primariachiheru.ro,https://primariachiheru.ro/feed/,comuna,wordpress,yes,yes,0,,no,no,
MEHEDINTI,ILOVITA,http://www.primariailovita.ro,https://primariailovita.ro/feed/,comuna,wordpress,yes,yes,0,,no,no,
MURES,CUCERDEA,https://www.e-comune.ro/primaria-cucerdea-ms,,comuna,other,yes,no,,,no,no,feed nu raspunde
MURES,GREBENISU DE CAMPIE,https://www.grebenisudecimpie.ro,,comuna,unknown,yes,no,,,no,no,feed nu raspunde
MURES,GURGHIU,https://www.comunagurghiu.ro,,comuna,unknown,yes,no,,,no,no,feed nu raspunde
MURES,ATINTIS,https://www.atintis.ro,https://atintis.ro/feed/,comuna,wordpress,yes,yes,1,2023-05-17,no,no,
MURES,HODAC,http://www.hodac.ro,https://www.hodac.ro/feed/,comuna,wordpress,yes,yes,10,2026-09-02,yes,yes,
MURES,ERNEI,http://primariaernei.ro,https://primariaernei.ro/feed/,comuna,wordpress,yes,yes,1,2019-07-30,no,no,
MURES,BICHIS,https://www.comuna-bichis.ro,https://comuna-bichis.ro/feed/,comuna,wordpress,yes,yes,1,2024-07-26,no,no,
MURES,HODOSA,http://www.hodosa.ro,,comuna,other,yes,no,,,no,no,feed nu raspunde
MEHEDINTI,SIMIAN,https://www.primaria-simian.ro,https://www.primaria-simian.ro/feed/,comuna,wordpress,yes,yes,4,2024-11-27,no,no,
MURES,FARAGAU,https://N/A,,comuna,unknown,no,no,,,no,no,site mort
MURES,BALA,https://www.primariabala.ro,,comuna,unknown,yes,no,,,no,no,feed nu raspunde
MURES,CHIBED,https://www.kibed.ro,,comuna,other,yes,no,,,no,no,feed nu raspunde
MEHEDINTI,PONOARELE,http://www.ponoarele.ro,https://ponoarele.ro/feed/,comuna,wordpress,yes,yes,10,2026-09-03,yes,yes,
MURES,ORAS MIERCUREA NIRAJULUI,http://www.miercureanirajului.ro,https://miercureanirajului.ro/ro/feed/,oras,wordpress,yes,yes,5,2026-05-07,yes,no,
MURES,MICA,https://www.primaria-mica.ro,,comuna,unknown,yes,no,,,no,no,feed nu raspunde
MURES,MAGHERANI,https://www.comunamagherani.ro,,comuna,unknown,yes,no,,,no,no,feed nu raspunde
MURES,DEDA,https://www.primariadeda.ro,https://primariadeda.ro/feed/,comuna,wordpress,yes,yes,20,2026-09-02,yes,yes,
MURES,MIHESU DE CAMPIE,https://www.mihesudecimpie.ro,,comuna,unknown,yes,no,,,no,no,feed nu raspunde
MURES,GALESTI,https://galesti.ro/ro,,comuna,unknown,yes,no,,,no,no,feed nu raspunde
MURES,BREAZA,https://www.comunabreaza.ro,https://comunabreaza.ro/feed/,comuna,wordpress,yes,yes,8,2024-09-30,no,no,
MEHEDINTI,VANATORI,http://www.clvinatori.ro,https://www.clvinatori.ro/feed/,comuna,wordpress,yes,no,,,no,no,feed nu raspunde
MURES,NEAUA,https://www.neaua.ro,,comuna,unknown,yes,no,,,no,no,feed nu raspunde
MURES,GHINDARI,https://www.ghindari.ro/c,,comuna,unknown,yes,no,,,no,no,feed nu raspunde
MURES,GORNESTI,https://primariagornesti.ro,https://primariagornesti.ro/feed/,comuna,wordpress,yes,yes,1,2018-07-19,no,no,
MURES,MADARAS,https://N/A,,comuna,unknown,no,no,,,no,no,site mort
MURES,NADES,https://nades.ro/ro,,comuna,other,yes,no,,,no,no,feed nu raspunde
MURES,IDECIU DE JOS,http://ideciudejos.ro,https://ideciudejos.ro/feed/,comuna,wordpress,yes,yes,10,2026-09-03,yes,yes,
MURES,ICLANZEL,https://comunaiclanzel.ro,https://comunaiclanzel.ro/feed/,comuna,wordpress,yes,yes,5,2026-07-27,yes,no,
MEHEDINTI,GOGOSU,https://primaria-gogosu.ro,https://primaria-gogosu.ro/feed/,comuna,wordpress,yes,yes,0,,no,no,
MURES,OGRA,https://primariaogra.ro,https://primariaogra.ro/feed/,comuna,wordpress,yes,yes,8,2024-02-15,no,no,
MURES,LIVEZENI,http://comunalivezeni.ro,https://comunalivezeni.ro/feed/,comuna,wordpress,yes,yes,14,2026-07-08,yes,no,
MURES,BAHNEA,https://comunabahnea.ro,https://comunabahnea.ro/feed,comuna,wordpress,yes,yes,10,2026-08-05,yes,yes,
MURES,CHETANI,https://www.primariachetani.ro,,comuna,unknown,yes,no,,,no,no,feed nu raspunde
MURES,GANESTI,https://www.primariaganesti.ro,,comuna,wordpress,yes,no,,,no,no,feed nu raspunde
MURES,SAULIA,https://www.saulia.ro,https://saulia.ro/feed/,comuna,wordpress,yes,yes,10,2026-08-04,yes,yes,
MURES,SANGEORGIU DE MURES,https://emol.ro/sangeorgiudemures-ms,,comuna,other,yes,no,,,no,no,feed nu raspunde
MURES,EREMITU,https://eremitu.ro,,comuna,unknown,yes,no,,,no,no,feed nu raspunde
MURES,PETELEA,https://www.primariapetelea.ro,https://www.primariapetelea.ro/feed/,comuna,wordpress,yes,yes,1,2021-10-18,no,no,
MURES,SANGER,https://www.comunasanger.ro,https://comunasanger.ro/feed/,comuna,wordpress,yes,yes,10,2026-09-03,yes,yes,
MURES,BOGATA,https://www.bogata.ro,https://bogata.ro/feed/,comuna,wordpress,yes,yes,0,,no,no,
MURES,CRISTESTI,http://www.cristestimures.ro,https://cristestimures.ro/feed/,comuna,wordpress,yes,yes,10,2026-09-02,yes,yes,
MURES,SUPLAC,https://www.primariasuplac.ro,https://primariasuplac.ro/feed/,comuna,wordpress,yes,yes,5,2026-01-30,yes,no,
MURES,STANCENI,https://www.comunastanceni.ro,,comuna,e-adm,yes,no,,,no,no,feed nu raspunde
MURES,PAPIU ILARIAN,https://papiuilarian.ro,,comuna,unknown,no,no,,,no,no,site mort
MURES,GLODENI,http://www.primariaglodeni.ro/ro,,comuna,unknown,yes,no,,,no,no,feed nu raspunde
MURES,SANPAUL,https://www.comunasinpaul.ro,https://www.comunasinpaul.ro/feed/,comuna,wordpress,yes,yes,10,2026-09-01,yes,yes,
MURES,CEUASU DE CAMPIE,https://www.ceuasudecampie.ro,https://www.ceuasudecampie.ro/feed/,comuna,wordpress,yes,yes,6,2026-08-28,yes,yes,
MURES,GHEORGHE DOJA,https://www.gheorghedoja.ro,,comuna,unknown,yes,no,,,no,no,feed nu raspunde
MURES,IBANESTI,https://www.ibanesti.ro,https://ibanesti.ro/feed/,comuna,wordpress,yes,yes,12,2026-09-01,yes,yes,
MURES,SASCHIZ,https://www.saschiz.ro,https://saschiz.ro/feed/,comuna,wordpress,yes,yes,20,2026-03-12,yes,no,
MEHEDINTI,SVINITA,http://www.primariasvinita.ro,https://primariasvinita.ro/feed/,comuna,wordpress,yes,yes,9,2021-10-28,no,no,
MURES,LUNCA,https://www.comunalunca.ro,,comuna,unknown,yes,no,,,no,no,feed nu raspunde
MURES,SANTANA DE MURES,https://www.sintana.ro,https://www.sintana.ro/feed/,comuna,wordpress,yes,yes,7,2026-05-22,yes,no,
MURES,PANET,http://panit.ro/ro/primaria-panet,,comuna,unknown,yes,no,,,no,no,feed nu raspunde
MEHEDINTI,SOVARNA,http://primariasovarna.ro,https://www.primariasovarna.ro/feed/,comuna,wordpress,yes,yes,1,2026-01-13,yes,no,
NEAMT,MUNICIPIUL PIATRA NEAMT,https://www.primariapn.ro,,municipiu,other,yes,no,,,no,no,feed nu raspunde
MURES,RASTOLITA,https://www.comunarastolita.ro,,comuna,unknown,yes,no,,,no,no,feed nu raspunde
MURES,SARATENI,https://www.sarateni.ro,,comuna,other,yes,no,,,no,no,feed nu raspunde
MURES,RUSII-MUNTI,https://rusiimunti.com,,comuna,unknown,yes,no,,,no,no,feed nu raspunde
MURES,SANCRAIU DE MURES,http://www.sancraiums.ro,,comuna,unknown,yes,no,,,no,no,feed nu raspunde
MURES,ALUNIS,http://www.primaria-alunis.ro,https://www.primaria-alunis.ro/feed/,comuna,wordpress,yes,yes,12,2026-09-03,yes,yes,
NEAMT,ORAS BICAZ,http://www.primariabicaz.ro,https://www.primariabicaz.ro/feed/,oras,wordpress,yes,yes,5,2025-06-09,no,no,
MURES,VARGATA,http://ms.ovelo.ro/vargata,,comuna,unknown,yes,no,,,no,no,feed nu raspunde
MURES,RICIU,https://www.comunariciu.ro,https://comunariciu.ro/feed/,comuna,wordpress,yes,yes,2,2026-04-03,yes,no,
NEAMT,MUNICIPIUL ROMAN,https://primariaroman.ro/contact,https://primariaroman.ro/feed/,municipiu,wordpress,yes,yes,10,2026-09-04,yes,yes,
NEAMT,BOGHICEA,https://www.comunaboghicea.ro,https://www.comunaboghicea.ro/feed/,comuna,wordpress,yes,yes,10,2026-08-27,yes,yes,
MURES,SOLOVASTRU,https://www.solovastru.ro,https://solovastru.ro/feed/,comuna,wordpress,yes,yes,10,2026-08-20,yes,yes,
MURES,VIISOARA,https://www.viisoarams.ro,,comuna,unknown,yes,no,,,no,no,feed nu raspunde
NEAMT,BICAZ-CHEI,https://primariabicazchei.ro,https://primariabicazchei.ro/feed/,comuna,wordpress,yes,yes,0,,no,no,
MURES,LUNCA BRADULUI,https://www.comunaluncabradului.ro,https://comunaluncabradului.ro/comments/feed/,comuna,wordpress,yes,yes,0,,no,no,
MURES,ZAGAR,https://www.primariazagar.ro,https://www.primariazagar.ro/feed,comuna,wordpress,yes,yes,10,2026-08-19,yes,yes,
MURES,VANATORI,https://www.comunavinatori.ro,,comuna,e-adm,yes,no,,,no,no,feed nu raspunde
NEAMT,ORAS ROZNOV,https://www.primariaroznov.ro,,oras,unknown,yes,no,,,no,no,feed nu raspunde
NEAMT,BALTATESTI,https://primariabaltatesti.ro,https://primariabaltatesti.ro/feed/,comuna,wordpress,yes,yes,0,,no,no,
NEAMT,ALEXANDRU CEL BUN,http://www.pacb.ro,,comuna,unknown,no,no,,,no,no,site mort
NEAMT,BODESTI,https://www.bodesti.ro,https://www.bodesti.ro/feed/,comuna,wordpress,yes,yes,10,2026-03-16,yes,no,
MURES,PASARENI,https://www.pasareni.ro,,comuna,unknown,yes,no,,,no,no,feed nu raspunde
NEAMT,BAHNA,http://www.bahna.ro,,comuna,unknown,yes,no,,,no,no,feed nu raspunde
MURES,SANPETRU DE CAMPIE,https://www.sanpetrudecampie.ro,,comuna,other,yes,no,,,no,no,feed nu raspunde
MURES,SUSENI,https://www.primariacomuneisuseni.ro,https://primariacomuneisuseni.ro/feed/,comuna,wordpress,yes,yes,8,2025-12-13,no,no,
NEAMT,BARGAUANI,http://www.comunabirgauani.ro,,comuna,unknown,no,no,,,no,no,site mort
NEAMT,DOBRENI,https://primariadobreni.ro,,comuna,unknown,no,no,,,no,no,site mort
NEAMT,BICAZU ARDELEAN,https://comunabicazuardelean.ro,,comuna,unknown,yes,no,,,no,no,feed nu raspunde
NEAMT,BIRA,https://bira.ro/prima-pagina,,comuna,unknown,yes,no,,,no,no,feed nu raspunde
NEAMT,CRACAOANI,http://www.comunacracaoani.ro,https://www.comunacracaoani.ro/feed/,comuna,wordpress,yes,yes,6,2026-08-26,yes,yes,
NEAMT,AGAPIA,https://agapia.ro,https://agapia.ro/feed,comuna,wordpress,yes,yes,5,2025-01-27,no,no,
NEAMT,GARCINA,http://www.primariagircina.ro,,comuna,unknown,no,no,,,no,no,site mort
NEAMT,CORDUN,http://www.primariacordun.ro,https://www.primariacordun.ro/feed/,comuna,wordpress,yes,yes,10,2026-08-27,yes,yes,
NEAMT,ORAS TARGU NEAMT,https://www.primariatarguneamt.ro,https://www.primariatarguneamt.ro/feed,oras,wordpress,yes,yes,12,2026-09-03,yes,yes,
NEAMT,DOCHIA,https://www.comunadochia.ro,https://comunadochia.ro/?feed=rss2,comuna,wordpress,yes,yes,4,2026-06-16,yes,no,
MURES,TAURENI,https://www.primariataureni.ro,,comuna,other,yes,no,,,no,no,feed nu raspunde
NEAMT,DRAGOMIRESTI,http://www.dragomiresti.ro,https://www.dragomiresti.ro/feed/,comuna,wordpress,yes,yes,10,2026-08-24,yes,yes,
MURES,VOIVODENI,https://www.voivodeni.ro,,comuna,wordpress,yes,no,,,no,no,feed nu raspunde
NEAMT,DOLJESTI,https://primariadoljesti.ro,https://primariadoljesti.ro/feed/,comuna,wordpress,yes,yes,6,2026-07-02,yes,no,
NEAMT,HORIA,https://primariahorianeamt.ro,https://primariahorianeamt.ro/feed/,comuna,wordpress,yes,yes,10,2026-09-02,yes,yes,
NEAMT,HANGU,http://www.comunahangu.ro,,comuna,other,yes,no,,,no,no,feed nu raspunde
MURES,POGACEAUA,https://pogaceaua.ro,https://pogaceaua.ro/feed/,comuna,wordpress,yes,yes,10,2026-06-26,yes,no,
NEAMT,FAUREI,http://www.comunafaurei.ro,https://www.comunafaurei.ro/feed/,comuna,wordpress,yes,yes,3,2026-08-27,yes,yes,
NEAMT,GADINTI,https://www.gadinti.ro,https://www.gadinti.ro/feed/,comuna,wordpress,yes,yes,12,2026-09-02,yes,yes,
MURES,SINCAI,https://www.primariasincai.ro,https://primariasincai.ro/feed/,comuna,wordpress,yes,yes,10,2026-08-11,yes,yes,
NEAMT,DRAGANESTI,https://www.comunadraganestineamt.ro,,comuna,e-adm,yes,no,,,no,no,feed nu raspunde
NEAMT,BOTESTI,http://www.comunabotesti.ro,https://comunabotesti.ro/feed/,comuna,wordpress,yes,yes,38,2026-07-22,yes,no,
NEAMT,GIROV,http://www.girov.ro/home.html,,comuna,joomla,yes,no,,,no,no,feed nu raspunde
NEAMT,FARCASA,http://www.primariafarcasa.ro,https://primariafarcasa.ro/feed/,comuna,wordpress,yes,yes,3,2022-09-07,no,no,
NEAMT,GRUMAZESTI,http://www.comunagrumazesti.ro,https://www.comunagrumazesti.ro/feed/,comuna,wordpress,yes,yes,10,2026-09-01,yes,yes,
MURES,VALEA LARGA,https://www.comunavalealarga.ro,https://comunavalealarga.ro/feed/,comuna,wordpress,yes,yes,10,2026-08-21,yes,yes,
NEAMT,PIPIRIG,https://www.pipirig.ro,https://www.pipirig.ro/feed/,comuna,wordpress,yes,yes,10,2025-06-30,no,no,
NEAMT,GHERAESTI,https://www.primariagheraesti.ro,,comuna,joomla,yes,no,,,no,no,feed nu raspunde
NEAMT,COSTISA,http://www.comunacostisa.ro,https://www.comunacostisa.ro/feed/,comuna,wordpress,yes,yes,10,2026-08-21,yes,yes,
NEAMT,DAMUC,http://www.comunadamuc.ro,https://comunadamuc.ro/feed/,comuna,wordpress,yes,yes,10,2026-02-18,yes,no,
MURES,ZAU DE CAMPIE,https://www.zaudecimpie.ro,https://zaudecimpie.ro/feed,comuna,wordpress,yes,yes,10,2026-08-28,yes,yes,
NEAMT,ION CREANGA,https://www.primariaioncreanga.ro,,comuna,e-adm,yes,no,,,no,no,feed nu raspunde
NEAMT,BORCA,https://www.primariaborca.ro,https://primariaborca.ro/feed/,comuna,wordpress,yes,yes,0,,no,no,
NEAMT,ONICENI,http://www.comunaoniceni.ro,https://www.comunaoniceni.ro/feed/,comuna,wordpress,yes,yes,10,2024-10-29,no,no,
NEAMT,PASTRAVENI,http://www.pastraveni.ro,https://www.pastraveni.ro/feed/,comuna,wordpress,yes,yes,30,2026-09-04,yes,yes,
NEAMT,BORLESTI,https://www.borlesti.ro,,comuna,joomla,yes,no,,,no,no,feed nu raspunde
NEAMT,CANDESTI,http://www.candesti.ro,https://candesti.ro/feed/,comuna,wordpress,yes,yes,4,2026-04-06,yes,no,
NEAMT,MARGINENI,https://primariamargineni.ro,https://primariamargineni.ro/feed/,comuna,wordpress,yes,yes,8,2026-07-13,yes,no,
NEAMT,SAGNA,http://www.primariasagna.ro,,comuna,other,yes,no,,,no,no,feed nu raspunde
NEAMT,DULCESTI,http://www.comunadulcesti.ro,https://comunadulcesti.ro/feed,comuna,wordpress,yes,yes,3,2026-08-04,yes,yes,
NEAMT,PANCESTI,http://www.primariapancesti.ro,,comuna,e-adm,yes,no,,,no,no,feed nu raspunde
NEAMT,SECUIENI,http://www.primariasecuieni.ro,https://www.primariasecuieni.ro/feed/,comuna,wordpress,yes,yes,12,2026-09-04,yes,yes,
NEAMT,SABAOANI,https://primariasabaoani.ro,,comuna,other,yes,no,,,no,no,feed nu raspunde
NEAMT,TASCA,https://www.comunatasca.ro,https://www.comunatasca.ro/feed/,comuna,wordpress,yes,yes,10,2023-02-08,no,no,
NEAMT,RAUCESTI,https://primariaraucesti.ro,https://primariaraucesti.ro/feed/,comuna,wordpress,yes,yes,10,2026-08-31,yes,yes,
NEAMT,NEGRESTI,http://negrestineamt.ro,https://negrestineamt.ro/feed/,comuna,wordpress,yes,yes,4,2026-01-25,yes,no,
NEAMT,GHINDAOANI,https://www.comunaghindaoani.ro,,comuna,joomla,yes,no,,,no,no,feed nu raspunde
NEAMT,MOLDOVENI,http://www.comunamoldoveni.ro,https://www.comunamoldoveni.ro/feed/,comuna,wordpress,yes,yes,10,2026-08-18,yes,yes,
NEAMT,TIMISESTI,http://comunatimisesti.eu,,comuna,unknown,no,no,,,no,no,site mort
NEAMT,DUMBRAVA ROSIE,https://primariadvarosie.ro,https://primariadvarosie.ro/feed/,comuna,wordpress,yes,yes,4,2026-09-04,yes,yes,
NEAMT,STEFAN CEL MARE,https://www.primariastefancelmare.ro,,comuna,joomla,yes,no,,,no,no,feed nu raspunde
NEAMT,TIBUCANI,http://www.primaria-tibucani.ro,https://www.primaria-tibucani.ro/feed/,comuna,wordpress,yes,yes,8,2026-08-26,yes,yes,
NEAMT,PANGARATI,http://www.pangarati.ro,https://pangarati.ro/feed/,comuna,wordpress,yes,yes,3,2023-07-17,no,no,
NEAMT,REDIU,https://rediu.ro,https://rediu.ro/index.php/feed/,comuna,wordpress,yes,yes,10,2017-02-16,no,no,
NEAMT,RUGINOASA,http://www.primariaruginoasa.ro,https://www.primariaruginoasa.ro/feed/,comuna,wordpress,yes,yes,10,2026-09-02,yes,yes,
NEAMT,RAZBOIENI,https://www.comunarazboieni.ro,,comuna,other,yes,no,,,no,no,feed nu raspunde
NEAMT,POIENARI,https://www.comunapoienari.ro,https://www.comunapoienari.ro/feed/,comuna,wordpress,yes,yes,10,2026-08-26,yes,yes,
NEAMT,POIANA TEIULUI,http://www.poianateiului.ro,https://poianateiului.ro/feed/,comuna,wordpress,yes,yes,10,2025-09-05,no,no,
NEAMT,GRINTIES,https://www.comunagrinties.ro,https://comunagrinties.ro/feed/,comuna,wordpress,yes,yes,10,2026-08-18,yes,yes,
MURES,VATAVA,https://www.vatava.ro,,comuna,wordpress,yes,no,,,no,no,feed nu raspunde
NEAMT,PODOLENI,https://comunapodoleni.ro,https://comunapodoleni.ro/feed/,comuna,wordpress,yes,yes,3,2025-06-04,no,no,
NEAMT,BRUSTURI,http://www.comunabrusturi.ro,https://comunabrusturi.ro/feed/,comuna,wordpress,yes,yes,10,2026-09-02,yes,yes,
NEAMT,TARCAU,https://tarcau.ro,https://www.tarcau.ro/feed/,comuna,wordpress,yes,yes,12,2026-06-17,yes,no,
NEAMT,PIATRA SOIMULUI,https://www.primariapiatrasoimului.ro,,comuna,joomla,yes,no,,,no,no,feed nu raspunde
NEAMT,PETRICANI,https://www.comunapetricani.ro,https://www.comunapetricani.ro/feed,comuna,wordpress,yes,yes,0,,no,no,
NEAMT,TAMASENI,https://www.comunatamaseni.ro,,comuna,joomla,yes,no,,,no,no,feed nu raspunde
NEAMT,TAZLAU,https://tazlau.ro,https://tazlau.ro/feed/,comuna,wordpress,yes,yes,15,2026-08-28,yes,yes,
MURES,VETCA,https://www.primariavetca.ro,,comuna,other,yes,no,,,no,no,feed nu raspunde
NEAMT,ROMANI,http://www.comunaromani.ro,https://comunaromani.ro/feed/,comuna,wordpress,yes,yes,4,2026-06-16,yes,no,
OLT,BRASTAVATU,http://www.primariabrastavatu.ro,,comuna,e-adm,yes,no,,,no,no,feed nu raspunde
OLT,BABICIU,http://www.primariababiciu.ro,,comuna,e-adm,yes,no,,,no,no,feed nu raspunde
OLT,BOBICESTI,https://www.bobicesti.ro,https://www.bobicesti.ro/feed/,comuna,wordpress,yes,yes,8,2020-08-30,no,no,
OLT,BRANCOVENI,http://www.primariabrancoveni.ro,,comuna,joomla,yes,no,,,no,no,feed nu raspunde
OLT,BUCINISU,http://primariabucinisu.ro,,comuna,e-adm,yes,no,,,no,no,feed nu raspunde
OLT,CARLOGANI,http://www.primariacarlogani.ro,,comuna,wordpress,yes,no,,,no,no,feed nu raspunde
OLT,CALUI,http://primariacalui.ro,https://primariacalui.ro/index.php?format=feed&type=rss,comuna,joomla,yes,yes,2,2020-06-02,no,no,
NEAMT,VALEA URSULUI,http://www.valeaursului.ro,https://www.valeaursului.ro/feed/,comuna,wordpress,yes,yes,10,2026-09-03,yes,yes,
OLT,ORAS POTCOAVA,http://www.primariapotcoava.judetulolt.ro,,oras,wordpress,yes,no,,,no,no,feed nu raspunde
NEAMT,SAVINESTI,https://www.savinesti.ro,,comuna,joomla,yes,no,,,no,no,feed nu raspunde
NEAMT,BOZIENI,http://www.primariabozieni.ro,https://comunabozieni.ro/feed/,comuna,wordpress,yes,yes,10,2026-07-17,yes,no,
OLT,MUNICIPIUL CARACAL,http://www.primariacaracal.ro,https://www.primariacaracal.ro/feed,municipiu,wordpress,yes,yes,2,2026-09-02,yes,yes,
OLT,BALTENI,http://www.primariabalteni.ro,,comuna,e-adm,yes,no,,,no,no,feed nu raspunde
OLT,MUNICIPIUL SLATINA,https://www.primariaslatina.ro,,municipiu,wordpress,yes,no,,,no,no,feed nu raspunde
OLT,ORAS PIATRA-OLT,https://primariapiatraolt.ro,https://primariapiatraolt.ro/feed,oras,wordpress,yes,yes,10,2026-07-01,yes,no,
NEAMT,URECHENI,http://urecheni.ro,,comuna,unknown,no,no,,,no,no,site mort
OLT,BALDOVINESTI,https://baldovinesti.ro,,comuna,unknown,no,no,,,no,no,site mort
OLT,CRAMPOIA,http://www.primariacrimpoia.ro,,comuna,unknown,yes,no,,,no,no,feed nu raspunde
NEAMT,VALENI,http://valeni-neamt.ro,,comuna,unknown,no,no,,,no,no,site mort
NEAMT,ZANESTI,http://www.comunazanesti.ro,,comuna,unknown,yes,no,,,no,no,feed nu raspunde
OLT,BARASTI,http://www.primariabarastiolt.ro,,comuna,unknown,yes,no,,,no,no,feed nu raspunde
OLT,BARZA,http://www.primariabirzaolt.ro,,comuna,unknown,yes,no,,,no,no,feed nu raspunde
NEAMT,CEAHLAU,http://www.primariaceahlau.ro,,comuna,unknown,yes,no,,,no,no,feed nu raspunde
OLT,BREBENI,http://www.primariabrebeni.ro,,comuna,unknown,yes,no,,,no,no,feed nu raspunde
OLT,GAVANESTI,http://www.primariagavanesti.ro,,comuna,e-adm,yes,no,,,no,no,feed nu raspunde
OLT,DANEASA,http://www.primariadaneasaolt.ro,,comuna,e-adm,yes,no,,,no,no,feed nu raspunde
OLT,GIUVARASTI,http://www.giuvarasti.ro,,comuna,e-adm,yes,no,,,no,no,feed nu raspunde
OLT,DOBROSLOVENI,http://www.dobrosloveni.ro,,comuna,unknown,yes,no,,,no,no,feed nu raspunde
OLT,CUNGREA,http://www.cungrea.ro,,comuna,e-adm,yes,no,,,no,no,feed nu raspunde
OLT,GOSTAVATU,http://www.primariagostavatu.ro,,comuna,unknown,yes,no,,,no,no,feed nu raspunde
OLT,CILIENI,http://www.primariacilieni.ro,,comuna,e-adm,yes,no,,,no,no,feed nu raspunde
OLT,DEVESELU,http://www.primariadeveselu.judetulolt.ro,,comuna,e-adm,yes,no,,,no,no,feed nu raspunde
OLT,GROJDIBODU,http://www.primariagrojdibodu.ro,,comuna,unknown,no,no,,,no,no,site mort
OLT,ORAS SCORNICESTI,https://primariascornicesti.ro,,oras,unknown,yes,no,,,no,no,feed nu raspunde
OLT,GHIMPETENI,http://www.ghimpeteni.ro,,comuna,wordpress,yes,no,,,no,no,feed nu raspunde
OLT,DOBRETU,http://www.primariadobretu.ro,,comuna,e-adm,yes,no,,,no,no,feed nu raspunde
OLT,ORAS BALS,https://primariabals.eu,https://www.primariabals.eu/feed/,oras,wordpress,yes,yes,4,2025-01-20,no,no,
NEAMT,STANITA,https://comunastanita.ro,https://comunastanita.ro/feed/,comuna,wordpress,yes,yes,10,2026-07-30,yes,no,
OLT,CURTISOARA,http://www.primariacurtisoara.ro,,comuna,unknown,yes,no,,,no,no,feed nu raspunde
OLT,GRADINILE,https://N/A,,comuna,unknown,no,no,,,no,no,site mort
OLT,GANEASA,http://www.primariaganeasa.ro,,comuna,wordpress,yes,no,,,no,no,feed nu raspunde
OLT,LELEASCA,http://www.primarialeleasca.ro,,comuna,unknown,yes,no,,,no,no,feed nu raspunde
OLT,ICOANA,http://www.primariaicoana.ro,,comuna,unknown,yes,no,,,no,no,feed nu raspunde
OLT,MILCOV,https://primariamilcov.ro,https://primariamilcov.ro/feed/,comuna,wordpress,yes,yes,0,,no,no,
OLT,IANCA,https://comunaianca.ro,https://comunaianca.ro/feed/,comuna,wordpress,yes,yes,0,,no,no,
OLT,ORAS CORABIA,https://www.primariacorabia.ro,https://www.primariacorabia.ro/feed/,oras,wordpress,yes,yes,12,2026-08-18,yes,yes,
OLT,GRADINARI,https://primariagradinari-olt.ro,https://primariagradinari-olt.ro/feed/,comuna,wordpress,yes,yes,10,2026-08-05,yes,yes,
OLT,ORAS DRAGANESTI-OLT,https://www.draganesti-olt.ro,https://draganesti-olt.ro/feed/,oras,wordpress,yes,yes,1,2020-02-11,no,no,
OLT,OPORELU,http://www.primariaoporelu.judetulolt.ro,,comuna,unknown,yes,no,,,no,no,feed nu raspunde
OLT,IPOTESTI,http://www.primaria-ipotesti.ro,,comuna,wordpress,yes,no,,,no,no,feed nu raspunde
OLT,COTEANA,http://primariacoteana.ro,,comuna,e-adm,yes,no,,,no,no,feed nu raspunde
NEAMT,ICUSESTI,http://www.comunaicusesti.ro,https://comunaicusesti.ro/feed,comuna,wordpress,yes,yes,10,2026-08-25,yes,yes,
OLT,GURA PADINII,https://N/A,,comuna,unknown,no,no,,,no,no,site mort
OLT,IZVOARELE,https://primariaizvoareleolt.ro,https://primariaizvoareleolt.ro/feed/,comuna,wordpress,yes,yes,0,,no,no,
OLT,PLESOIU,http://www.primariaplesoiu.ro,,comuna,unknown,no,no,,,no,no,site mort
OLT,PARSCOVENI,http://www.primariapirscoveni.ro,,comuna,e-adm,yes,no,,,no,no,feed nu raspunde
OLT,CORBU,http://www.primaria-corbu.ro,,comuna,wordpress,yes,no,,,no,no,feed nu raspunde
OLT,MORUNGLAV,http://www.primariamorunglav.ro,https://www.primariamorunglav.ro/feed/,comuna,wordpress,yes,yes,1,2020-02-11,no,no,
OLT,IANCU JIANU,http://www.primariaiancujianu.ro,https://www.primariaiancujianu.ro/feed,comuna,wordpress,yes,yes,1,2020-03-20,no,no,
OLT,DRAGHICENI,http://primariadraghiceni.ro,https://primariadraghiceni.ro/feed/,comuna,wordpress,yes,yes,0,,no,no,
NEAMT,TRIFESTI,https://www.primariatrifesti.ro,,comuna,unknown,yes,no,,,no,no,feed nu raspunde
OLT,RADOMIRESTI,http://www.primariaradomiresti.ro,,comuna,unknown,yes,no,,,no,no,feed nu raspunde
OLT,FALCOIU,http://www.primariacomuneifalcoiu.ro,,comuna,unknown,yes,no,,,no,no,feed nu raspunde
OLT,FARCASELE,http://www.primaria-farcasele.ro,,comuna,unknown,yes,no,,,no,no,feed nu raspunde
OLT,MOVILENI,https://N/A,,comuna,unknown,no,no,,,no,no,site mort
OLT,ORLEA,https://www.primariaorlea.ro,https://www.primariaorlea.ro/feed/,comuna,wordpress,yes,yes,3,2025-10-28,no,no,
OLT,NICOLAE TITULESCU,https://N/A,,comuna,unknown,no,no,,,no,no,site mort
OLT,MIHAESTI,http://www.primariamihaesti.judetulolt.ro,,comuna,e-adm,yes,no,,,no,no,feed nu raspunde
OLT,SAMBURESTI,http://www.primariasimburesti.judetulolt.ro,,comuna,e-adm,yes,no,,,no,no,feed nu raspunde
OLT,OPTASI-MAGURA,http://www.primariaoptasimagura.ro,https://primariaoptasimagura.ro/feed/,comuna,wordpress,yes,yes,0,,no,no,
OLT,FAGETELU,http://www.primariafagetelu.ro,,comuna,wordpress,yes,no,,,no,no,feed nu raspunde
OLT,PERIETI,http://www.perietiolt.ro,https://perietiolt.ro/feed/,comuna,wordpress,yes,yes,3,2021-11-18,no,no,
OLT,OBARSIA,https://primariaobirsia.ro,https://primariaobirsia.ro/feed/,comuna,wordpress,yes,yes,1,2021-04-01,no,no,
OLT,POBORU,http://www.primariapoboru.ro,,comuna,unknown,yes,no,,,no,no,feed nu raspunde
OLT,IZBICENI,http://www.izbiceniolt.ro,https://primariaizbiceni.ro/feed/,comuna,wordpress,yes,yes,10,2026-08-07,yes,yes,
NEAMT,VANATORI-NEAMT,https://www.vinatorineamt.ro,https://www.vinatorineamt.ro/feed/,comuna,wordpress,yes,yes,30,2026-09-04,yes,yes,
OLT,SEACA,https://www.primariaseaca.ro,,comuna,unknown,yes,no,,,no,no,feed nu raspunde
OLT,STOENESTI,http://www.primariastoenestiolt.ro,,comuna,e-adm,yes,no,,,no,no,feed nu raspunde
OLT,SCHITU,http://primariaschitu.ro,,comuna,e-adm,yes,no,,,no,no,feed nu raspunde
OLT,GARCOV,http://www.primariagarcov.ro,,comuna,e-adm,yes,no,,,no,no,feed nu raspunde
OLT,OSICA DE SUS,http://www.primariaosicadesus.ro,,comuna,other,yes,no,,,no,no,feed nu raspunde
OLT,TRAIAN,https://traian.ghidulprimariilor.ro,,comuna,unknown,yes,no,,,no,no,feed nu raspunde
OLT,CEZIENI,http://www.primariacezieni.ro,,comuna,e-adm,yes,no,,,no,no,feed nu raspunde
OLT,TATULESTI,http://www.primariatatulesti.ro,,comuna,e-adm,yes,no,,,no,no,feed nu raspunde
OLT,TUFENI,http://www.primariatufeni.ro,,comuna,unknown,yes,no,,,no,no,feed nu raspunde
OLT,TIA MARE,http://www.primariatiamare.ro,,comuna,unknown,yes,no,,,no,no,feed nu raspunde
OLT,URZICA,http://www.primariaurzica.judetulolt.ro,,comuna,e-adm,yes,no,,,no,no,feed nu raspunde
OLT,PRISEACA,https://N/A,,comuna,unknown,no,no,,,no,no,site mort
OLT,VALENI,https://primariavaleniolt.ro,,comuna,unknown,no,no,,,no,no,site mort
OLT,DOBROTEASA,http://www.primariadobroteasa.ro,,comuna,unknown,yes,no,,,no,no,feed nu raspunde
OLT,STEFAN CEL MARE,https://N/A,,comuna,unknown,no,no,,,no,no,site mort
OLT,TOPANA,http://primariatopanaolt.ro,,comuna,wordpress,yes,no,,,no,no,feed nu raspunde
OLT,DOBRUN,http://www.primariadobrun.judetulolt.ro,,comuna,wordpress,yes,no,,,no,no,feed nu raspunde
OLT,VITOMIRESTI,https://www.primariavitomiresti.ro,,comuna,unknown,yes,no,,,no,no,feed nu raspunde
OLT,VALEA MARE,http://www.primaria-valeamare.ro,,comuna,unknown,yes,no,,,no,no,feed nu raspunde
OLT,VALCELE,http://www.primariavilcele.ro,,comuna,e-adm,yes,no,,,no,no,feed nu raspunde
OLT,VADASTRITA,http://www.primariavadastrita.judetulolt.ro,,comuna,e-adm,yes,no,,,no,no,feed nu raspunde
OLT,OBOGA,http://www.primariaoboga.ro,,comuna,unknown,no,no,,,no,no,site mort
OLT,VISINA,https://N/A,,comuna,unknown,no,no,,,no,no,site mort
OLT,SCARISOARA,http://www.primariascarisoara.ro,https://primariascarisoara.ro/feed/,comuna,wordpress,yes,yes,5,2026-07-14,yes,no,
PRAHOVA,ORAS BOLDESTI-SCAENI,http://pbs.infoprimarie.ro,,oras,unknown,no,no,,,no,no,site mort
OLT,COLONESTI,http://www.primariacolonesti.ro,,comuna,unknown,yes,no,,,no,no,feed nu raspunde
OLT,VADASTRA,http://primariavadastra.ro,,comuna,e-adm,yes,no,,,no,no,feed nu raspunde
OLT,VISINA NOUA,http://www.primariavisinanoua.judetulolt.ro,,comuna,e-adm,yes,no,,,no,no,feed nu raspunde
OLT,TESLUI,https://primariateslui.ro,,comuna,wordpress,yes,no,,,no,no,feed nu raspunde
OLT,SERBANESTI,http://www.primariaserbanesti.ro,,comuna,unknown,yes,no,,,no,no,feed nu raspunde
OLT,VLADILA,https://www.primariavladila.ro,,comuna,e-adm,yes,no,,,no,no,feed nu raspunde
OLT,VULTURESTI,http://www.primariavulturesti.ro,,comuna,e-adm,yes,no,,,no,no,feed nu raspunde
PRAHOVA,ORAS COMARNIC,https://primariacomarnic.ro,https://primariacomarnic.ro/feed/,oras,wordpress,yes,yes,10,2026-08-06,yes,yes,
OLT,VULPENI,http://www.primariavulpeni.ro,https://primariavulpeni.ro/feed/,comuna,wordpress,yes,yes,0,,no,no,
OLT,VOINEASA,http://www.primaria-voineasa.ro,,comuna,e-adm,yes,no,,,no,no,feed nu raspunde
PRAHOVA,MUNICIPIUL CAMPINA,http://www.primariacampina.ro,https://www.primariacampina.ro/feed/,municipiu,wordpress,yes,yes,10,2026-09-04,yes,yes,
OLT,MARUNTEI,http://www.primariamaruntei.ro,,comuna,unknown,yes,no,,,no,no,feed nu raspunde
PRAHOVA,ORAS SINAIA,https://www.primaria-sinaia.ro,https://www.primaria-sinaia.ro/feed/,oras,wordpress,yes,yes,10,2026-09-04,yes,yes,
OLT,ROTUNDA,http://www.primariarotunda.judetulolt.ro,,comuna,e-adm,yes,no,,,no,no,feed nu raspunde
PRAHOVA,ORAS MIZIL,https://www.primaria-mizil.ro,,oras,e-adm,yes,no,,,no,no,feed nu raspunde
PRAHOVA,ORAS VALENII DE MUNTE,https://www.valeniidemunte.com.ro,,oras,other,yes,no,,,no,no,feed nu raspunde
PRAHOVA,ORAS BREAZA,https://primariabreaza.ro,https://primariabreaza.ro/feed/,oras,wordpress,yes,yes,10,2026-09-02,yes,yes,
OLT,SPINENI,http://www.primariaspineni.ro,,comuna,e-adm,yes,no,,,no,no,feed nu raspunde
PRAHOVA,MUNICIPIUL PLOIESTI,https://www.ploiesti.ro,https://ploiesti.ro/feed/rss/,municipiu,wordpress,yes,yes,10,2026-09-04,yes,yes,
OLT,OSICA DE JOS,http://www.poj.ro,,comuna,joomla,yes,no,,,no,no,feed nu raspunde
OLT,VERGULEASA,http://www.primariaverguleasa.judetulolt.ro,,comuna,wordpress,yes,no,,,no,no,feed nu raspunde
OLT,REDEA,http://www.primariacomunaredea.ro,,comuna,other,yes,no,,,no,no,feed nu raspunde
OLT,SARBII - MAGURA,http://www.sarbii-magura.ro,,comuna,wordpress,yes,no,,,no,no,feed nu raspunde
OLT,SPRANCENATA,http://www.primariasprincenata.ro,,comuna,wordpress,yes,no,,,no,no,feed nu raspunde
OLT,RUSANESTI,http://www.primariarusanesti.ro,,comuna,wordpress,yes,no,,,no,no,feed nu raspunde
NEAMT,TUPILATI,http://www.primariatupilati.ro,https://www.primaria-tupilati.ro/rss.xml,comuna,other,yes,yes,0,,no,no,
PRAHOVA,ORAS BUSTENI,https://www.primaria-busteni.ro,https://orasul-busteni.ro/feed/,oras,wordpress,yes,yes,10,2026-02-25,yes,no,
OLT,SOPARLITA,http://primaria-soparlita.ro,,comuna,other,yes,no,,,no,no,feed nu raspunde
PRAHOVA,ORAS URLATI,http://urlati-ph.ro,https://www.urlati-ph.ro/feed/,oras,wordpress,yes,yes,12,2026-08-26,yes,yes,
PRAHOVA,ARICESTII RAHTIVANI,https://www.comunaaricestiirahtivani.ro,https://comunaaricestiirahtivani.ro/feed/,comuna,wordpress,yes,yes,5,2026-09-04,yes,yes,
OLT,SLATIOARA,http://www.primaria-slatioara.ro,https://primaria-slatioara.ro/feed/,comuna,wordpress,yes,yes,10,2023-03-21,no,no,
PRAHOVA,APOSTOLACHE,https://www.cjph.ro/judetul-prahova/localitatile-judetului/48-primaria-apostolache,,comuna,unknown,yes,no,,,no,no,feed nu raspunde
PRAHOVA,ORAS BAICOI,https://www.primariabaicoi.ro,https://primariabaicoi.ro/feed/,oras,wordpress,yes,yes,10,2026-08-06,yes,yes,
PRAHOVA,BARCANESTI,https://barcanesti.ro,https://barcanesti.ro/feed/,comuna,wordpress,yes,yes,12,2026-08-20,yes,yes,
PRAHOVA,COCORASTII COLT,https://cocorastiicolt.europrahova.eu,,comuna,unknown,no,no,,,no,no,site mort
PRAHOVA,COLCEAG,http://colceag.infoprimarie.ro,,comuna,unknown,no,no,,,no,no,site mort
OLT,STOICANESTI,http://www.primariastoicanesti.ro,,comuna,e-adm,yes,no,,,no,no,feed nu raspunde
PRAHOVA,ALUNIS,https://www.primariaalunis.ro,https://www.primariaalunis.ro/feed/,comuna,wordpress,yes,yes,0,,no,no,
OLT,STUDINA,http://www.primariastudina.ro,,comuna,e-adm,yes,no,,,no,no,feed nu raspunde
PRAHOVA,COCORASTII MISLII,http://www.cocorastiimislii.ro,https://www.cocorastiimislii.ro/?format=feed&type=rss,comuna,joomla,yes,yes,1,2026-01-26,yes,no,
PRAHOVA,DUMBRAVA,http://dumbrava.infoprimarie.ro,,comuna,unknown,no,no,,,no,no,site mort
PRAHOVA,BRAZI,https://pcbrazi.ro,https://pcbrazi.ro/feed/,comuna,wordpress,yes,yes,10,2026-08-28,yes,yes,
PRAHOVA,FANTANELE,http://fintinele.infoprimarie.ro,,comuna,unknown,no,no,,,no,no,site mort
PRAHOVA,FILIPESTII DE PADURE,http://www.filipestiidepadure.ro,,comuna,other,yes,no,,,no,no,feed nu raspunde
PRAHOVA,ORAS PLOPENI,http://www.primariaplopeni.ro,https://primariaplopeni.ro/feed/,oras,wordpress,yes,yes,0,,no,no,
PRAHOVA,FLORESTI,https://www.cjph.ro/judetul-prahova/localitatile-judetului/106-primaria-floresti,,comuna,unknown,yes,no,,,no,no,feed nu raspunde
PRAHOVA,DUMBRAVESTI,http://www.dumbravesti.ro,https://dumbravesti.ro/?feed=rss2,comuna,wordpress,yes,no,,,no,no,feed nu raspunde
PRAHOVA,BREBU,http://www.brebuprahova.eu,,comuna,joomla,yes,no,,,no,no,feed nu raspunde
PRAHOVA,BOLDESTI-GRADISTEA,https://primariaboldestigradistea.ro,https://primariaboldestigradistea.ro/feed/,comuna,wordpress,yes,yes,10,2026-09-01,yes,yes,
PRAHOVA,BERTEA,https://www.comunabertea.ro,https://www.comunabertea.ro/feed/,comuna,wordpress,yes,yes,12,2026-08-17,yes,yes,
PRAHOVA,GORNET,http://www.primariagornet.ro,,comuna,other,yes,no,,,no,no,feed nu raspunde
PRAHOVA,DRAGANESTI,https://www.primariadraganesti.ro,,comuna,e-adm,yes,no,,,no,no,feed nu raspunde
PRAHOVA,ORAS AZUGA,https://www.primariaazuga.ro,,oras,e-adm,yes,no,,,no,no,feed nu raspunde
PRAHOVA,BALTA DOAMNEI,https://baltadoamnei.europrahova.eu,,comuna,unknown,no,no,,,no,no,site mort
PRAHOVA,GURA VADULUI,https://www.comunaguravadului.ro,https://www.comunaguravadului.ro/feed/,comuna,wordpress,yes,yes,10,2026-06-09,yes,no,
PRAHOVA,BANESTI,http://www.banestiprahova.ro,,comuna,unknown,yes,no,,,no,no,feed nu raspunde
PRAHOVA,BATRANI,https://primariabatrani.ro,,comuna,unknown,yes,no,,,no,no,feed nu raspunde
PRAHOVA,BLEJOI,http://www.primariablejoi.ro,,comuna,unknown,yes,no,,,no,no,feed nu raspunde
PRAHOVA,CEPTURA,http://comunaceptura.ro,,comuna,unknown,yes,no,,,no,no,feed nu raspunde
PRAHOVA,FULGA,https://primariafulga.ro,https://primariafulga.ro/feed/,comuna,wordpress,yes,yes,10,2026-08-20,yes,yes,
PRAHOVA,ALBESTI-PALEOLOGU,http://www.primariaalbestipaleologu.ro,http://www.primariaalbestipaleologu.ro/index.php?format=feed&type=rss,comuna,joomla,yes,yes,1,2017-01-03,no,no,
PRAHOVA,CHIOJDEANCA,http://chiojdeanca.infoprimarie.ro,,comuna,unknown,no,no,,,no,no,site mort
PRAHOVA,BERCENI,https://www.primariaberceniph.ro,https://www.primariaberceniph.ro/feed/,comuna,wordpress,yes,yes,10,2026-07-02,yes,no,
PRAHOVA,PACURETI,http://comunapacureti.ro,,comuna,unknown,no,no,,,no,no,site mort
PRAHOVA,MANESTI,http://www.primaria-manesti.ro,https://www.primaria-manesti.ro/feed/,comuna,wordpress,yes,yes,12,2026-06-16,yes,no,
PRAHOVA,GHERGHITA,https://www.primariacomuneigherghita.ro,https://primariacomuneigherghita.ro/feed/,comuna,wordpress,yes,yes,5,2026-07-14,yes,no,
PRAHOVA,PAULESTI,https://comunapaulesti.ro,https://comunapaulesti.ro/feed/,comuna,wordpress,yes,yes,10,2026-09-03,yes,yes,
PRAHOVA,PODENII NOI,https://www.cjph.ro/judetul-prahova/localitatile-judetului/128-primaria-podenii-noi,,comuna,unknown,yes,no,,,no,no,feed nu raspunde
PRAHOVA,BALTESTI,http://www.primariabaltesti.ro,,comuna,other,yes,no,,,no,no,feed nu raspunde
OLT,STREJESTI,http://www.primaria-strejesti.ro,,comuna,wordpress,yes,no,,,no,no,feed nu raspunde
PRAHOVA,DRAJNA,https://www.primaria-drajna.ro,https://www.primaria-drajna.ro/feed/,comuna,wordpress,yes,yes,12,2026-08-24,yes,yes,
PRAHOVA,MAGURELE,https://www.magurele-ph.ro,https://www.magurele-ph.ro/feed/,comuna,wordpress,yes,yes,12,2026-09-01,yes,yes,
PRAHOVA,POSESTI,http://www.primariaposesti.ro,,comuna,e-adm,yes,no,,,no,no,feed nu raspunde
PRAHOVA,CIORANI,http://www.primariaciorani.ro,,comuna,other,yes,no,,,no,no,feed nu raspunde
PRAHOVA,GORGOTA,https://www.primariagorgota.ro,,comuna,e-adm,yes,no,,,no,no,feed nu raspunde
PRAHOVA,IORDACHEANU,http://primariaiordacheanu.ro,,comuna,other,yes,no,,,no,no,feed nu raspunde
PRAHOVA,SALCIILE,https://salciile.informare.ro,,comuna,unknown,no,no,,,no,no,site mort
PRAHOVA,POIANA CAMPINA,http://primariapoiana-campina.ro,https://primariapoiana-campina.ro/feed,comuna,wordpress,yes,yes,10,2026-08-06,yes,yes,
PRAHOVA,SCORTENI,http://www.primariascorteni.ro,,comuna,unknown,no,no,,,no,no,site mort
PRAHOVA,SECARIA,https://www.cjph.ro/judetul-prahova/localitatile-judetului/144-primaria-secaria,,comuna,unknown,yes,no,,,no,no,feed nu raspunde
PRAHOVA,PREDEAL-SARARI,https://primariapredeal-sarari.ro,https://primariapredeal-sarari.ro/feed/,comuna,wordpress,yes,yes,10,2026-08-11,yes,yes,
PRAHOVA,SANGERU,http://sangeru.europrahova.eu,https://sangeru.europrahova.eu/wordpress/feed/,comuna,wordpress,yes,yes,0,,no,no,
PRAHOVA,OLARI,http://www.primariaolari.ro,https://primariaolari.ro/feed/,comuna,wordpress,yes,yes,1,2022-03-05,no,no,
PRAHOVA,FILIPESTII DE TARG,https://www.primariafilipestiidetarg.ro,https://www.primariafilipestiidetarg.ro/feed/,comuna,wordpress,yes,yes,4,2021-11-18,no,no,
PRAHOVA,CARBUNESTI,https://primaria-carbunesti.ro,https://primaria-carbunesti.ro/feed/,comuna,wordpress,yes,yes,1,2018-04-03,no,no,
PRAHOVA,SALCIA,http://www.primaria-salcia.ro,https://www.primaria-salcia.ro/feed/,comuna,wordpress,yes,yes,12,2025-11-06,no,no,
PRAHOVA,SIRNA,https://comunasirna.ro,https://comunasirna.ro/feed/,comuna,wordpress,yes,yes,10,2026-09-04,yes,yes,
PRAHOVA,ARICESTII ZELETIN,http://www.primariaaricesti.ro,,comuna,unknown,yes,no,,,no,no,feed nu raspunde
PRAHOVA,BABA ANA,https://www.primariababaana.ro,,comuna,unknown,yes,no,,,no,no,feed nu raspunde
PRAHOVA,IZVOARELE,http://www.izvoarele-ph.ro,,comuna,unknown,yes,no,,,no,no,feed nu raspunde
PRAHOVA,GORNET-CRICOV,https://www.primariagornetcricov.ro,https://primariagornetcricov.ro/feed/,comuna,wordpress,yes,yes,12,2026-09-01,yes,yes,
PRAHOVA,JUGURENI,https://www.primariajugureni.ro,,comuna,unknown,yes,no,,,no,no,feed nu raspunde
PRAHOVA,GURA VITIOAREI,https://www.guravitioarei.ro,http://www.guravitioarei.ro/index.php?format=feed&type=rss,comuna,joomla,yes,yes,1,2016-02-07,no,no,
PRAHOVA,SOTRILE,https://www.comunasotrile.ro,https://www.comunasotrile.ro/feed/,comuna,wordpress,yes,yes,12,2026-04-20,yes,no,
PRAHOVA,CALUGARENI,https://www.primaria-calugareni.ro,,comuna,joomla,yes,no,,,no,no,feed nu raspunde
PRAHOVA,LIPANESTI,https://www.lipanesti.ro,,comuna,unknown,yes,no,,,no,no,feed nu raspunde
PRAHOVA,SURANI,http://primariasurani.ro,,comuna,e-adm,yes,no,,,no,no,feed nu raspunde
PRAHOVA,STARCHIOJD,http://www.primariastarchiojd.ro,,comuna,other,yes,no,,,no,no,feed nu raspunde
PRAHOVA,TARGSORU VECHI,https://www.comunatirgsoruvechi.ro,,comuna,e-adm,yes,no,,,no,no,feed nu raspunde
PRAHOVA,RAFOV,http://primariarifov.ro,https://primariarifov.ro/feed/,comuna,wordpress,yes,yes,0,,no,no,
PRAHOVA,POIENARII BURCHII,http://www.primariapoienariiburchii.ro,https://primariapoienariiburchii.ro/feed/,comuna,wordpress,yes,yes,0,,no,no,
SATU MARE,MUNICIPIUL SATU MARE,http://www.satu-mare.ro,,municipiu,other,yes,no,,,no,no,feed nu raspunde
SATU MARE,ORAS ARDUD,https://orasardud.ro,,oras,e-adm,yes,no,,,no,no,feed nu raspunde
PRAHOVA,PROVITA DE JOS,https://comunaprovitadejos.ro,https://www.comunaprovitadejos.ro/feed/,comuna,wordpress,yes,yes,12,2026-09-03,yes,yes,
PRAHOVA,LAPOS,https://www.primarialapos.ro,https://www.primarialapos.ro/index.php?format=feed&type=rss,comuna,joomla,yes,yes,1,2009-04-21,no,no,
PRAHOVA,STEFESTI,http://www.primariastefesti.ro,https://primariastefesti.ro/feed/,comuna,wordpress,yes,yes,12,2026-08-20,yes,yes,
SATU MARE,ORAS NEGRESTI-OAS,https://www.negresti-oas.ro,https://www.negresti-oas.ro/feed/,oras,wordpress,yes,yes,10,2026-09-03,yes,yes,
PRAHOVA,CERASU,https://www.primariacerasu.ro,,comuna,unknown,yes,no,,,no,no,feed nu raspunde
PRAHOVA,PROVITA DE SUS,https://www.primariaprovitadesus.ro,https://primariaprovitadesus.ro/feed/,comuna,wordpress,yes,yes,4,2025-06-04,no,no,
PRAHOVA,TATARU,https://primariatataru.ro,https://primariatataru.ro/feed/,comuna,wordpress,yes,yes,1,2020-06-12,no,no,
SATU MARE,ORAS TASNAD,http://tasnad.primariatasnad.ro,,oras,other,yes,no,,,no,no,feed nu raspunde
PRAHOVA,ADUNATI,https://www.comunaadunati.ro,https://comunaadunati.ro/feed/,comuna,wordpress,yes,yes,10,2026-07-06,yes,no,
PRAHOVA,TEISANI,https://teisani.europrahova.eu,https://teisani.europrahova.eu/wordpress/feed/,comuna,wordpress,yes,yes,0,,no,no,
SATU MARE,BERVENI,http://www.berveni.eu,,comuna,unknown,no,no,,,no,no,site mort
PRAHOVA,VALCANESTI,https://www.comunavilcanesti.ro,https://comunavilcanesti.ro/feed/,comuna,wordpress,yes,yes,10,2023-10-20,no,no,
SATU MARE,APA,http://primaria-apa.eu,https://primaria-apa.eu/ro?format=feed&type=rss,comuna,joomla,yes,yes,2,2011-04-19,no,no,
PRAHOVA,COSMINELE,https://www.comunacosminele.ro,https://comunacosminele.ro/feed/,comuna,wordpress,yes,yes,10,2023-03-29,no,no,
PRAHOVA,PUCHENII MARI,https://www.pucheniimari.ro,,comuna,other,yes,no,,,no,no,feed nu raspunde
PRAHOVA,VALEA DOFTANEI,https://www.primariavaleadoftanei.ro,https://www.primariavaleadoftanei.ro/feed/,comuna,wordpress,yes,yes,10,2026-02-27,yes,no,
PRAHOVA,CORNU,https://www.primariacornu.ro,https://primariacornu.ro/feed/,comuna,wordpress,yes,yes,12,2026-08-19,yes,yes,
PRAHOVA,VALEA CALUGAREASCA,https://www.primariavaleacalugareasca.ro,https://www.primariavaleacalugareasca.ro/feed/,comuna,wordpress,yes,yes,10,2026-09-03,yes,yes,
PRAHOVA,TOMSANI,https://www.primariatomsani.ro,,comuna,e-adm,yes,no,,,no,no,feed nu raspunde
SATU MARE,MUNICIPIUL CAREI,https://www.municipiulcarei.ro,https://www.municipiulcarei.ro/rss.xml,municipiu,other,yes,no,,,no,no,feed nu raspunde
PRAHOVA,TELEGA,http://www.comunatelega.ro,https://comunatelega.ro/feed/,comuna,wordpress,yes,yes,10,2022-03-12,no,no,
SATU MARE,ACIS,http://www.primariaacas.ro,,comuna,other,yes,no,,,no,no,feed nu raspunde
SATU MARE,CRAIDOROLT,https://www.craidorolt.ro,,comuna,other,yes,no,,,no,no,feed nu raspunde
PRAHOVA,BUCOV,http://www.primariabucov.ro,,comuna,joomla,yes,no,,,no,no,feed nu raspunde
PRAHOVA,MAGURENI,https://www.comunamagureni.ro,https://comunamagureni.ro/feed/,comuna,wordpress,yes,yes,10,2026-05-13,yes,no,
SATU MARE,AGRIS,https://comunaagris.ro,https://comunaagris.ro/ro/feed/,comuna,wordpress,yes,yes,10,2026-08-20,yes,yes,
SATU MARE,ANDRID,http://www.primariaandrid.ro,https://primariaandrid.ro/feed/,comuna,wordpress,yes,yes,0,,no,no,
SATU MARE,CULCIU,https://www.primariaculciu.ro,,comuna,other,yes,no,,,no,no,feed nu raspunde
SATU MARE,DOROLT,https://primariadorolt.ro,https://primariadorolt.ro/feed/,comuna,wordpress,yes,yes,10,2026-09-01,yes,yes,
SATU MARE,BOGDAND,https://www.primariabogdand.ro,,comuna,e-adm,yes,no,,,no,no,feed nu raspunde
SATU MARE,CALINESTI-OAS,https://www.primariacalinestioas.ro,,comuna,other,yes,no,,,no,no,feed nu raspunde
SATU MARE,DOBA,http://www.primariadoba.ro,,comuna,unknown,yes,no,,,no,no,feed nu raspunde
SATU MARE,CIUMESTI,https://primariaciumesti.ro,https://primariaciumesti.ro/feed/,comuna,wordpress,yes,yes,10,2026-08-06,yes,yes,
SATU MARE,CEHAL,https://N/A,,comuna,unknown,no,no,,,no,no,site mort
SATU MARE,CAUAS,https://N/A,,comuna,unknown,no,no,,,no,no,site mort
PRAHOVA,SOIMARI,https://www.comunasoimari.ro,,comuna,wordpress,yes,no,,,no,no,feed nu raspunde
PRAHOVA,TALEA,https://www.comunatalea.ro,https://comunatalea.ro/feed/,comuna,wordpress,yes,yes,1,2026-07-06,yes,no,
PRAHOVA,MANECIU,https://primaria-maneciu.ro,https://primaria-maneciu.ro/feed/,comuna,wordpress,yes,yes,30,2026-09-04,yes,yes,
SATU MARE,FOIENI,https://consiliullocalfoieni.ro,,comuna,other,yes,no,,,no,no,feed nu raspunde
SATU MARE,CRUCISOR,https://www.crucisor.ro,,comuna,wordpress,yes,no,,,no,no,feed nu raspunde
SATU MARE,LAZURI,https://lazuri.ro,https://lazuri.ro/feed/,comuna,wordpress,yes,yes,10,2026-09-02,yes,yes,
PRAHOVA,TINOSU,https://www.comunatinosu.ro,https://comunatinosu.ro/feed/,comuna,wordpress,yes,yes,12,2026-08-31,yes,yes,
PRAHOVA,PLOPU,http://primariaplopu.ro,,comuna,e-adm,yes,no,,,no,no,feed nu raspunde
SATU MARE,CERTEZE,https://www.primaria-certeze.ro,,comuna,e-adm,yes,no,,,no,no,feed nu raspunde
SATU MARE,BATARCI,https://www.primariabatarci.ro,,comuna,wordpress,yes,no,,,no,no,feed nu raspunde
SATU MARE,HODOD,https://comunahodod.ro,,comuna,wordpress,yes,no,,,no,no,feed nu raspunde
SATU MARE,BELTIUG,https://www.comunabeltiug.ro,,comuna,wordpress,yes,no,,,no,no,feed nu raspunde
SATU MARE,PORUMBESTI,https://primariaporumbesti.ro,https://primariaporumbesti.ro/hu/feed/,comuna,wordpress,yes,yes,3,2025-06-22,no,no,
SATU MARE,HALMEU,https://www.halmeu.ro,https://halmeu.ro/feed/,comuna,wordpress,yes,yes,10,2026-09-03,yes,yes,
SATU MARE,BIXAD,https://www.primaria-bixad.ro,https://primaria-bixad.ro/feed/,comuna,wordpress,yes,yes,6,2025-05-14,no,no,
SATU MARE,SOCOND,https://primaria-socond.ro,,comuna,other,yes,no,,,no,no,feed nu raspunde
SATU MARE,SACASENI,https://primaria-sacaseni.ro,https://primaria-sacaseni.ro/feed/,comuna,wordpress,yes,yes,10,2026-08-27,yes,yes,
SATU MARE,SAUCA,https://N/A,,comuna,unknown,no,no,,,no,no,site mort
SATU MARE,TEREBESTI,https://primariaterebesti.ro,https://primariaterebesti.ro/feed/,comuna,wordpress,yes,yes,10,2026-08-31,yes,yes,
SATU MARE,SANISLAU,https://www.primariasanislau.ro,https://www.primariasanislau.ro/feed/,comuna,wordpress,yes,yes,10,2026-08-27,yes,yes,
SATU MARE,HOMOROADE,https://www.primariahomoroade.ro,https://primariahomoroade.ro/feed/,comuna,wordpress,yes,yes,10,2026-08-31,yes,yes,
SATU MARE,CAPLENI,http://www.capleni.ro,https://capleni.ro/?feed=rss2,comuna,wordpress,yes,yes,3,2025-03-04,no,no,
SATU MARE,CAMIN,http://primariacamin.ro,,comuna,other,yes,no,,,no,no,feed nu raspunde
SATU MARE,PISCOLT,https://primariapiscolt.ro,,comuna,other,yes,no,,,no,no,feed nu raspunde
SATU MARE,PIR,https://primariapir.ro,https://primariapir.ro/feed/,comuna,wordpress,yes,yes,0,,no,no,
SATU MARE,SANTAU,https://primariasantau.ro,https://primariasantau.ro/feed/,comuna,wordpress,yes,yes,0,,no,no,
SATU MARE,ORAS LIVADA,https://primaria-livada.ro,,oras,wordpress,yes,no,,,no,no,feed nu raspunde
SATU MARE,VAMA,https://vama-sm.ro,,comuna,unknown,no,no,,,no,no,site mort
SATU MARE,PETRESTI,http://www.petrifeld.ro,,comuna,wordpress,yes,no,,,no,no,feed nu raspunde
SALAJ,AGRIJ,https://www.comunaagrij.ro,,comuna,unknown,no,no,,,no,no,site mort
SATU MARE,GHERTA MICA,https://www.primariaghertamica.ro,,comuna,unknown,yes,no,,,no,no,feed nu raspunde
PRAHOVA,ORAS SLANIC,https://www.primariaslanic.ro,https://primariaslanic.ro/index.php/feed/,oras,wordpress,yes,yes,10,2026-09-02,yes,yes,
SATU MARE,ODOREU,https://www.odoreu.ro,,comuna,unknown,yes,no,,,no,no,feed nu raspunde
SATU MARE,PAULESTI,https://paulestism.ro,,comuna,unknown,yes,no,,,no,no,feed nu raspunde
SALAJ,ORAS SIMLEU SILVANIEI,https://www.simleusilvaniei.ro,https://www.simleusilvaniei.ro/feed/,oras,wordpress,yes,yes,10,2026-08-21,yes,yes,
SATU MARE,MEDIESU AURIT,https://www.mediesuaurit.ro,http://www.mediesuaurit.ro/index.php?format=feed&type=rss&lang=ro,comuna,joomla,yes,yes,3,2011-04-19,no,no,
SATU MARE,BOTIZ,https://www.botiz.ro,,comuna,wordpress,yes,no,,,no,no,feed nu raspunde
SALAJ,BABENI,http://comunababenisalaj.ro,,comuna,unknown,no,no,,,no,no,site mort
SATU MARE,TARSOLT,https://primariatarsolt.ro,,comuna,unknown,yes,no,,,no,no,feed nu raspunde
SATU MARE,SUPUR,http://www.comunasupur.ro,,comuna,other,yes,no,,,no,no,feed nu raspunde
SATU MARE,TURT,https://www.primariaturt.ro,,comuna,unknown,yes,no,,,no,no,feed nu raspunde
SALAJ,CHIESD,http://www.primariachiesd.ro,,comuna,unknown,no,no,,,no,no,site mort
SALAJ,MUNICIPIUL ZALAU,https://www.zalausj.ro,,municipiu,e-adm,yes,no,,,no,no,feed nu raspunde
SALAJ,CAMAR,https://camarsj.ro,https://camarsj.ro/feed/,comuna,wordpress,yes,yes,1,2021-11-04,no,no,
PRAHOVA,VARBILAU,https://www.primaria-varbilau.ro,https://primaria-varbilau.ro/feed/,comuna,wordpress,yes,yes,12,2026-07-27,yes,no,
SALAJ,ORAS JIBOU,https://primariajibou.ro/site,https://primariajibou.ro/site/feed/,oras,wordpress,yes,yes,10,2026-07-08,yes,no,
SATU MARE,URZICENI,https://www.comunaurziceni.ro,,comuna,unknown,yes,no,,,no,no,feed nu raspunde
SATU MARE,RACSA,https://www.racsasm.ro,https://racsasm.ro/feed/,comuna,wordpress,yes,yes,10,2026-09-01,yes,yes,
SATU MARE,VIILE SATU MARE,http://viilesatumare.ro,,comuna,unknown,yes,no,,,no,no,feed nu raspunde
SATU MARE,TARNA MARE,https://www.comunatarnamare.ro,,comuna,other,yes,no,,,no,no,feed nu raspunde
SATU MARE,MOFTIN,https://www.primariamoftin.ro,https://www.primariamoftin.ro/ro/?format=feed&type=rss,comuna,joomla,yes,yes,14,2026-09-04,yes,yes,
SALAJ,ALMASU,https://www.facebook.com/pages/category/Public-Service/Primaria-Almasu-113294830312763,,comuna,unknown,yes,no,,,no,no,feed nu raspunde
SATU MARE,POMI,https://primariapomi.ro,,comuna,wordpress,yes,no,,,no,no,feed nu raspunde
SALAJ,GALGAU,https://www.primariagilgau.ro,,comuna,unknown,yes,no,,,no,no,feed nu raspunde
SALAJ,DRAGU,http://comunadragusalaj.ro,,comuna,other,yes,no,,,no,no,feed nu raspunde
SALAJ,GARBOU,http://comunagarbou.ro,https://comunagarbou.ro/feed/,comuna,wordpress,yes,yes,0,,no,no,
PRAHOVA,VADU SAPAT,https://www.comunavadusapat.ro,https://comunavadusapat.ro/feed/,comuna,wordpress,yes,yes,10,2026-08-20,yes,yes,
SALAJ,CRASNA,http://primariacrasna.ro,https://primariacrasna.ro/?feed=rss2,comuna,wordpress,yes,yes,4,2026-08-06,yes,yes,
SALAJ,BALAN,https://primariabalan.ro/site,,comuna,unknown,yes,no,,,no,no,feed nu raspunde
SALAJ,CARASTELEC,http://www.carastelec.ro,https://carastelec.ro/ro/feed/,comuna,wordpress,yes,yes,5,2023-03-31,no,no,
SALAJ,LETCA,http://comuna-letca.ro,,comuna,unknown,no,no,,,no,no,site mort
SALAJ,CIZER,http://www.primariacizer.ro,https://www.primariacizer.ro/feed/,comuna,wordpress,yes,yes,12,2026-08-04,yes,yes,
SALAJ,BENESAT,http://comunabenesat.ro,,comuna,unknown,yes,no,,,no,no,feed nu raspunde
SALAJ,FILDU DE JOS,https://www.primariafildudejos.ro,,comuna,unknown,no,no,,,no,no,site mort
SALAJ,BOBOTA,http://www.primariabobota.ro,,comuna,unknown,yes,no,,,no,no,feed nu raspunde
SALAJ,BANISOR,https://www.primariabanisor.ro,,comuna,unknown,yes,no,,,no,no,feed nu raspunde
SALAJ,BOCSA,https://www.comunabocsa.ro,,comuna,unknown,yes,no,,,no,no,feed nu raspunde
SATU MARE,CAMARZANA,http://www.primariacamarzana.ro,https://comunacamarzana.ro/feed/,comuna,wordpress,yes,yes,0,,no,no,
SALAJ,PERICEI,http://comunapericei.ro,,comuna,unknown,no,no,,,no,no,site mort
SALAJ,COSEIU,https://www.comunacoseiu.ro,,comuna,wordpress,yes,no,,,no,no,feed nu raspunde
SALAJ,IP,https://primariaip.ro,https://primariaip.ro/feed/,comuna,wordpress,yes,yes,0,,no,no,
SALAJ,HERECLEAN,https://primariahereclean.ro,,comuna,wordpress,yes,no,,,no,no,feed nu raspunde
SALAJ,CREACA,https://comunacreaca.ro,https://comunacreaca.ro/feed/,comuna,wordpress,yes,yes,10,2026-08-28,yes,yes,
SALAJ,PLOPIS,https://www.comunaplopis.ro,https://www.comunaplopis.ro/feed/,comuna,wordpress,yes,yes,10,2026-09-04,yes,yes,
SALAJ,MESESENII DE JOS,https://www.meseseniidejos.ro,,comuna,unknown,yes,no,,,no,no,feed nu raspunde
SALAJ,MARCA,http://marcasj.ro,https://marcasj.ro/feed/,comuna,wordpress,yes,yes,10,2026-09-01,yes,yes,
SALAJ,HALMASD,https://primariahalmasd.ro/c,https://primariahalmasd.ro/feed/,comuna,wordpress,yes,yes,0,,no,no,
SALAJ,SAG,https://www.primariasig.ro,,comuna,unknown,yes,no,,,no,no,feed nu raspunde
SATU MARE,ORASU NOU,https://www.orasunou.ro,,comuna,e-adm,yes,no,,,no,no,feed nu raspunde
SATU MARE,TIREAM,https://www.tiream.ro,,comuna,e-adm,yes,no,,,no,no,feed nu raspunde
SALAJ,MIRSID,http://www.comunamirsid.ro,https://comunamirsid.ro/feed/,comuna,wordpress,yes,yes,2,2026-08-10,yes,yes,
SALAJ,HIDA,https://comunahida.ro,,comuna,wordpress,yes,no,,,no,no,feed nu raspunde
SALAJ,NAPRADEA,https://primarianapradea.ro,https://primarianapradea.ro/feed/,comuna,wordpress,yes,yes,10,2026-09-03,yes,yes,
SALAJ,ORAS CEHU SILVANIEI,https://www.primaria-cehusilvaniei.ro,,oras,wordpress,yes,no,,,no,no,feed nu raspunde
SALAJ,VARSOLT,http://virsolt.ro,,comuna,unknown,no,no,,,no,no,site mort
SALAJ,CRISENI,https://www.primariacriseni.ro,,comuna,wordpress,yes,no,,,no,no,feed nu raspunde
SALAJ,POIANA BLENCHII,https://www.poiana-blenchii.ro,,comuna,other,yes,no,,,no,no,feed nu raspunde
SALAJ,SALATIG,http://comunasalatig.ro,https://comunasalatig.ro/feed/,comuna,wordpress,yes,yes,0,,no,no,
SALAJ,ILEANDA,http://comunaileanda.ro,https://comunaileanda.ro/feed/,comuna,wordpress,yes,yes,10,2026-07-09,yes,no,
SALAJ,SAMSUD,https://samsud.ro,https://samsud.ro/feed/,comuna,wordpress,yes,yes,10,2026-03-15,yes,no,
SATU MARE,MICULA,https://comunamicula.ro,,comuna,unknown,yes,no,,,no,no,feed nu raspunde
SALAJ,ROMANASI,https://www.primariaromanasi.ro,https://www.primariaromanasi.ro/?feed=rss2,comuna,wordpress,yes,yes,10,2026-08-03,yes,yes,
SATU MARE,VETIS,https://www.vetis.ro,https://vetis.ro/feed/,comuna,wordpress,yes,yes,7,2025-10-17,no,no,
SALAJ,DOBRIN,http://comunadobrin.ro,,comuna,wordpress,yes,no,,,no,no,feed nu raspunde
SALAJ,TREZNEA,https://primariatreznea.ro,https://primariatreznea.ro/feed/,comuna,wordpress,yes,yes,10,2026-07-31,yes,no,
SALAJ,SARMASAG,https://www.sarmasag.ro/ro/home.html,,comuna,unknown,yes,no,,,no,no,feed nu raspunde
SATU MARE,BARSAU,https://comunabarsau.ro,,comuna,unknown,no,no,,,no,no,site mort
SALAJ,NUSFALAU,https://nusfalau.ro,https://nusfalau.ro/feed/,comuna,wordpress,yes,yes,10,2025-08-21,no,no,
SIBIU,ORAS DUMBRAVENI,https://www.primariadumbraveni.ro,,oras,other,yes,no,,,no,no,feed nu raspunde
SATU MARE,TURULUNG,http://www.primariaturulung.ro,,comuna,wordpress,yes,no,,,no,no,feed nu raspunde
SALAJ,HOROATU CRASNEI,https://www.comunahoroatucrasnei.ro,https://www.comunahoroatucrasnei.ro/feed/,comuna,wordpress,yes,yes,12,2026-08-28,yes,yes,
SALAJ,SURDUC,http://www.primariasurduc.ro,,comuna,e-adm,yes,no,,,no,no,feed nu raspunde
SALAJ,RUS,https://comunarus.ro,https://comunarus.ro/feed/,comuna,wordpress,yes,yes,10,2026-04-15,yes,no,
SALAJ,MAERISTE,http://comunamaeriste.ro,https://comunamaeriste.ro/feed/,comuna,wordpress,yes,yes,10,2026-09-04,yes,yes,
SALAJ,LOZNA,https://www.primarialozna.ro,,comuna,other,yes,no,,,no,no,feed nu raspunde
SALAJ,ZIMBOR,https://N/A,,comuna,unknown,no,no,,,no,no,site mort
SALAJ,CUZAPLAC,https://N/A,,comuna,unknown,no,no,,,no,no,site mort
SALAJ,CRISTOLT,https://www.comunacristolt.ro,,comuna,unknown,yes,no,,,no,no,feed nu raspunde
SALAJ,ZALHA,https://www.comunazalha.ro,,comuna,unknown,yes,no,,,no,no,feed nu raspunde
SIBIU,MUNICIPIUL SIBIU,https://www.sibiu.ro,,municipiu,unknown,yes,no,,,no,no,feed nu raspunde
SALAJ,BUCIUMI,https://comunabuciumi.ro,,comuna,wordpress,yes,no,,,no,no,feed nu raspunde
SALAJ,VALCAU DE JOS,https://primariavalcaudejos.ro/ro,https://www.primariavalcaudejos.ro/feed/,comuna,wordpress,yes,yes,12,2026-09-04,yes,yes,
SIBIU,ORAS MIERCUREA SIBIULUI,http://www.miercureasibiului.ro,https://www.miercureasibiului.ro/feed/,oras,wordpress,yes,yes,10,2026-08-28,yes,yes,
SIBIU,BLAJEL,https://www.primariablajel.ro,https://www.primariablajel.ro/index.php?format=feed&type=rss,comuna,joomla,yes,yes,1,2018-01-30,no,no,
SIBIU,ORAS SALISTE,https://saliste-sibiu.ro,https://saliste-sibiu.ro/feed/,oras,wordpress,yes,yes,20,2026-07-02,yes,no,
SIBIU,BIRGHIS,https://comunabirghis.ro,,comuna,wordpress,yes,no,,,no,no,feed nu raspunde
SIBIU,BRATEIU,https://primariabrateiu.ro,https://primariabrateiu.ro/feed/,comuna,wordpress,yes,yes,10,2019-10-24,no,no,
SIBIU,DARLOS,https://www.primariadarlos.ro,https://www.primariadarlos.ro/rss.xml,comuna,drupal,yes,yes,10,2025-10-09,no,no,
SIBIU,ORAS CISNADIE,http://www.cisnadie.ro,https://cisnadie.ro/feed/,oras,wordpress,yes,yes,10,2026-09-03,yes,yes,
SIBIU,BOITA,http://boita.ro,https://boita.ro/feed/,comuna,wordpress,yes,yes,20,2025-02-15,no,no,
SIBIU,BRUIU,https://www.primariabruiu.eu,https://www.primariabruiu.eu/feed/,comuna,wordpress,yes,yes,0,,no,no,
SIBIU,HOGHILAG,https://hoghilag.ro,,comuna,e-adm,yes,no,,,no,no,feed nu raspunde
SIBIU,BIERTAN,https://comunabiertan.ro,https://comunabiertan.ro/feed/,comuna,wordpress,yes,yes,10,2026-08-05,yes,yes,
SALAJ,BOGHIS,https://primariaboghis.ro,https://primariaboghis.ro/feed/,comuna,wordpress,yes,yes,4,2022-01-17,no,no,
SIBIU,CRISTIAN,https://comunacristian.ro,https://comunacristian.ro/feed/,comuna,wordpress,yes,yes,8,2024-06-01,no,no,
SIBIU,BAZNA,https://comunabazna.ro,https://comunabazna.ro/feed/,comuna,wordpress,yes,yes,10,2026-05-13,yes,no,
SIBIU,GURA RAULUI,https://www.primariagurariului.ro,https://www.primariagurariului.ro/feed/,comuna,wordpress,yes,yes,12,2026-07-09,yes,no,
SATU MARE,VALEA VINULUI,http://primariavaleavinului.ro,,comuna,wordpress,yes,no,,,no,no,feed nu raspunde
SIBIU,ALMA,https://primariaalma.ro,https://primariaalma.ro/feed/,comuna,wordpress,yes,yes,6,2026-06-12,yes,no,
SIBIU,ALTINA,https://primariaaltina.ro,https://primariaaltina.ro/feed/,comuna,wordpress,yes,yes,4,2023-08-31,no,no,
SIBIU,ATEL,https://primaria-atel.ro,https://primaria-atel.ro/feed/,comuna,wordpress,yes,yes,6,2026-05-05,yes,no,
SIBIU,JINA,https://comunajina.ro,https://comunajina.ro/feed/,comuna,wordpress,yes,yes,10,2023-09-05,no,no,
SIBIU,APOLDU DE JOS,https://comunaapoldudejos.ro,https://comunaapoldudejos.ro/feed/,comuna,wordpress,yes,yes,10,2025-09-12,no,no,
SIBIU,LOAMNES,https://loamnessibiu.ro,https://loamnessibiu.ro/feed/,comuna,wordpress,yes,yes,10,2026-08-26,yes,yes,
SIBIU,ORAS OCNA SIBIULUI,https://www.primariaocnasibiului.ro,https://primariaocnasibiului.ro/feed/,oras,wordpress,yes,yes,10,2026-09-01,yes,yes,
SIBIU,MICASASA,https://primaria-micasasa.ro,https://primaria-micasasa.ro/feed/,comuna,wordpress,yes,yes,10,2026-03-12,yes,no,
SIBIU,AXENTE SEVER,https://www.axentesever.ro,https://axentesever.ro/feed/,comuna,wordpress,yes,yes,10,2026-06-23,yes,no,
SIBIU,MIHAILENI,https://comunamihailenisb.ro,,comuna,other,yes,no,,,no,no,feed nu raspunde
SIBIU,POPLACA,https://comunapoplaca.ro,https://comunapoplaca.ro/feed/,comuna,wordpress,yes,yes,10,2022-07-25,no,no,
SALAJ,SIMISNA,https://www.primariasimisna.ro,https://www.primariasimisna.ro/feed/,comuna,wordpress,yes,yes,5,2026-08-10,yes,yes,
SIBIU,LASLEA,https://comunalaslea.ro,https://comunalaslea.ro/feed/,comuna,wordpress,yes,yes,6,2026-04-30,yes,no,
SIBIU,BRADENI,https://www.comunabradeni.ro,https://comunabradeni.ro/feed/,comuna,wordpress,yes,yes,10,2025-03-14,no,no,
SIBIU,ORAS TALMACIU,https://www.talmaciu.ro,https://talmaciu.ro/feed/,oras,wordpress,yes,yes,7,2022-03-30,no,no,
SIBIU,PAUCA,https://comunapauca.ro,https://comunapauca.ro/feed/,comuna,wordpress,yes,yes,10,2021-11-15,no,no,
SIBIU,CARTA,https://comunacarta.ro,https://comunacarta.ro/feed/,comuna,wordpress,yes,yes,10,2022-04-05,no,no,
SALAJ,SOMES-ODORHEI,https://www.comunasomesodorhei.ro,,comuna,unknown,yes,no,,,no,no,feed nu raspunde
SIBIU,ARPASU DE JOS,https://www.primariaarpasudejos.ro,https://primariaarpasudejos.ro/feed/,comuna,wordpress,yes,yes,20,2026-08-31,yes,yes,
SIBIU,MOSNA,https://comunamosna.ro,https://comunamosna.ro/feed/,comuna,wordpress,yes,yes,10,2026-08-13,yes,yes,
SIBIU,LUDOS,https://civilizatiasecaselor.comunaludos.ro,,comuna,other,yes,no,,,no,no,feed nu raspunde
SIBIU,ORAS AGNITA,https://primaria-agnita.ro,,oras,unknown,yes,no,,,no,no,feed nu raspunde
SIBIU,POIANA SIBIULUI,https://comunapoianasibiului.ro,https://comunapoianasibiului.ro/feed/,comuna,wordpress,yes,yes,10,2026-03-23,yes,no,
SIBIU,RASINARI,https://primaria-rasinari.ro,https://primaria-rasinari.ro/feed/,comuna,wordpress,yes,yes,10,2026-07-08,yes,no,
SIBIU,RAU SADULUI,https://riusadului.ro,https://riusadului.ro/feed/,comuna,wordpress,yes,yes,10,2024-02-14,no,no,
SIBIU,ORAS AVRIG,https://primaria-avrig.ro,,oras,unknown,yes,no,,,no,no,feed nu raspunde
SIBIU,SEICA MARE,https://seicamare.ro,https://seicamare.ro/feed/,comuna,wordpress,yes,yes,10,2026-07-30,yes,no,
SIBIU,PORUMBACU DE JOS,https://www.porumbacudejos.ro,https://www.porumbacudejos.ro/feed/,comuna,wordpress,yes,yes,12,2026-05-15,yes,no,
SIBIU,SLIMNIC,https://primariaslimnic.ro,https://primariaslimnic.ro/feed/,comuna,wordpress,yes,yes,10,2025-12-18,no,no,
SIBIU,SELIMBAR,https://primariaselimbar.ro,https://primariaselimbar.ro/feed/,comuna,wordpress,yes,yes,10,2026-08-19,yes,yes,
SIBIU,IACOBENI,https://www.comuna-iacobeni.ro,https://comuna-iacobeni.ro/feed/,comuna,wordpress,yes,yes,4,2026-05-19,yes,no,
SIBIU,VALEA VIILOR,https://valea-viilor.ro,https://valea-viilor.ro/feed/,comuna,wordpress,yes,yes,10,2025-08-13,no,no,
SIBIU,SEICA MICA,https://www.seicamica.ro,https://seicamica.ro/feed/,comuna,wordpress,yes,yes,6,2026-07-28,yes,no,
SIBIU,MUNICIPIUL MEDIAS,https://www.primariamedias.ro,,municipiu,wordpress,yes,no,,,no,no,feed nu raspunde
SIBIU,RACOVITA,https://racovita-sb.ro,https://racovita-sb.ro/feed/,comuna,wordpress,yes,yes,10,2026-09-02,yes,yes,
SIBIU,ORLAT,https://comunaorlat.ro,https://comunaorlat.ro/feed/,comuna,wordpress,yes,yes,0,,no,no,
SIBIU,ORAS COPSA MICA,https://www.copsa-mica.ro,https://copsa-mica.ro/feed/,oras,wordpress,yes,yes,10,2026-08-26,yes,yes,
SIBIU,CHIRPAR,https://chirpar.ro,,comuna,unknown,yes,no,,,no,no,feed nu raspunde
SIBIU,CARTISOARA,https://comunacirtisoara-sibiu.ro,https://comunacirtisoara-sibiu.ro/feed/,comuna,wordpress,yes,yes,10,2026-05-19,yes,no,
SUCEAVA,ADANCATA,https://N/A,,comuna,unknown,no,no,,,no,no,site mort
SALAJ,SANMIHAIU ALMASULUI,https://sinmihaiualmasului.ro,,comuna,wordpress,yes,no,,,no,no,feed nu raspunde
SIBIU,SADU,https://www.sadu.ro,,comuna,unknown,yes,no,,,no,no,feed nu raspunde
SUCEAVA,MUNICIPIUL RADAUTI,https://primariaradauti.ro,,municipiu,unknown,yes,no,,,no,no,feed nu raspunde
SIBIU,TARNAVA,https://www.primariatirnava.ro,,comuna,unknown,yes,no,,,no,no,feed nu raspunde
SIBIU,TILISCA,https://www.comunatilisca.ro,,comuna,unknown,yes,no,,,no,no,feed nu raspunde
SIBIU,TURNU ROSU,https://primariaturnurosu.ro,,comuna,unknown,yes,no,,,no,no,feed nu raspunde
SUCEAVA,ORAS CAJVANA,https://www.cajvana.ro,,oras,unknown,yes,no,,,no,no,feed nu raspunde
SUCEAVA,ORAS DOLHASCA,https://primariadolhasca.ro,,oras,unknown,yes,no,,,no,no,feed nu raspunde
SIBIU,ROSIA,https://primariarosia-sb.ro,https://primariarosia-sb.ro/feed/,comuna,wordpress,yes,yes,10,2026-08-04,yes,yes,
SIBIU,SURA MICA,https://comunasuramica.ro,https://comunasuramica.ro/feed/,comuna,wordpress,yes,yes,10,2026-08-24,yes,yes,
SUCEAVA,ORAS LITENI,https://www.primaria-liteni.ro,,oras,unknown,yes,no,,,no,no,feed nu raspunde
SUCEAVA,ORAS MILISAUTI,https://primariamilisauti.ro,,oras,unknown,yes,no,,,no,no,feed nu raspunde
SIBIU,MERGHINDEAL,https://primariamerghindeal.ro,https://primariamerghindeal.ro/feed/,comuna,wordpress,yes,yes,8,2025-03-12,no,no,
SUCEAVA,ORAS SOLCA,http://solca.ro,http://solca.ro/index.php/feed/,oras,wordpress,yes,yes,2,2019-07-21,no,no,
SUCEAVA,BAIA,https://www.comunabaia.ro,https://www.comunabaia.ro/feed/,comuna,wordpress,yes,yes,10,2026-08-26,yes,yes,
SUCEAVA,MUNICIPIUL FALTICENI,http://www.falticeni.ro,,municipiu,other,yes,no,,,no,no,feed nu raspunde
SUCEAVA,BOSANCI,https://comunabosanci.ro,,comuna,joomla,yes,no,,,no,no,feed nu raspunde
SUCEAVA,ORAS BROSTENI,https://www.brosteni.primarievn.ro,,oras,other,yes,no,,,no,no,feed nu raspunde
SUCEAVA,MUNICIPIUL SUCEAVA,http://primariasv.ro,,municipiu,other,yes,no,,,no,no,feed nu raspunde
SUCEAVA,ORAS VICOVU DE SUS,https://www.primaria-vicovudesus.ro,,oras,unknown,yes,no,,,no,no,feed nu raspunde
SUCEAVA,BURLA,http://www.burla.ro,https://www.burla.ro/index.php?format=feed&type=rss,comuna,joomla,yes,yes,2,2020-03-23,no,no,
SUCEAVA,CAPU CAMPULUI,http://www.comunacapucampului.ro,,comuna,other,yes,no,,,no,no,feed nu raspunde
SUCEAVA,MUNICIPIUL VATRA DORNEI,http://www.vatra-dornei.ro,,municipiu,other,yes,no,,,no,no,feed nu raspunde
SUCEAVA,CIPRIAN PORUMBESCU,http://www.ciprian-porumbescu.ro,,comuna,other,yes,no,,,no,no,feed nu raspunde
SUCEAVA,CIOCANESTI,http://www.ciocanestibucovina.eu,,comuna,other,yes,no,,,no,no,feed nu raspunde
SUCEAVA,COSNA,http://www.comunacosna.ro,https://www.comunacosna.ro/feed/,comuna,wordpress,yes,yes,10,2026-05-18,yes,no,
SUCEAVA,BOTOSANA,https://N/A,,comuna,unknown,no,no,,,no,no,site mort
SUCEAVA,CARLIBABA,http://www.primariacirlibaba.ro,,comuna,unknown,yes,no,,,no,no,feed nu raspunde
SUCEAVA,CRUCEA,http://primariacruceasv.ro,,comuna,other,yes,no,,,no,no,feed nu raspunde
SUCEAVA,DOLHESTI,http://www.comunadolhesti.ro,,comuna,other,yes,no,,,no,no,feed nu raspunde
SUCEAVA,DUMBRAVENI,https://www.comuna-dumbraveni.ro,,comuna,unknown,yes,no,,,no,no,feed nu raspunde
SIBIU,VURPAR,https://www.vurpar.ro,https://www.vurpar.ro/feed/,comuna,wordpress,yes,yes,7,2019-04-16,no,no,
SUCEAVA,BUNESTI,https://N/A,,comuna,unknown,no,no,,,no,no,site mort
SUCEAVA,COMANESTI,http://www.comunacomanesti.ro,,comuna,other,yes,no,,,no,no,feed nu raspunde
SUCEAVA,ORAS SIRET,https://siretromania.ro,,oras,wordpress,yes,no,,,no,no,feed nu raspunde
SIBIU,MARPOD,http://www.primariamarpod.ro/index.php?lc=ro,https://primariamarpod.ro/feed/,comuna,wordpress,yes,yes,6,2025-05-26,no,no,
SUCEAVA,MUNICIPIUL CAMPULUNG MOLDOVENESC,https://www.campulungmoldovenesc.ro,,municipiu,other,yes,no,,,no,no,feed nu raspunde
SUCEAVA,DRAGOIESTI,https://N/A,,comuna,unknown,no,no,,,no,no,site mort
SUCEAVA,FRATAUTII VECHI,https://www.primariafratautiivechi.ro,,comuna,other,yes,no,,,no,no,feed nu raspunde
SUCEAVA,DORNA CANDRENILOR,http://primaria-dornacandrenilor.ro,https://primaria-dornacandrenilor.ro/feed/,comuna,wordpress,yes,yes,10,2026-09-03,yes,yes,
SUCEAVA,GRAMESTI,http://www.comunagramesti.ro,,comuna,unknown,no,no,,,no,no,site mort
SUCEAVA,CORNU LUNCII,https://www.comunacornuluncii.ro,https://www.comunacornuluncii.ro/feed/,comuna,wordpress,yes,yes,12,2026-09-01,yes,yes,
SUCEAVA,DARMANESTI,https://primariadarmanestisv.ro,https://primariadarmanestisv.ro/feed/,comuna,wordpress,yes,yes,0,,no,no,
SUCEAVA,ORAS GURA HUMORULUI,http://www.primariagh.ro,https://primariagurahumorului.ro/feed/,oras,wordpress,yes,yes,10,2026-09-04,yes,yes,
SUCEAVA,BILCA,https://primaria-bilca.ro,https://primaria-bilca.ro/feed/,comuna,wordpress,yes,yes,10,2026-07-02,yes,no,
SUCEAVA,FUNDU MOLDOVEI,https://fundumoldovei.ro,https://fundumoldovei.ro/feed/,comuna,wordpress,yes,yes,10,2026-09-02,yes,yes,
SUCEAVA,HORODNIC DE JOS,http://horodnicdejos.ro,,comuna,unknown,yes,no,,,no,no,feed nu raspunde
SUCEAVA,BOGDANESTI,http://comunabogdanesti.ro/v2,https://comunabogdanesti.ro/v2/index.php/feed/,comuna,wordpress,yes,yes,3,2022-10-07,no,no,
SUCEAVA,BREAZA,http://www.comunabreaza.eu,,comuna,unknown,no,no,,,no,no,site mort
SUCEAVA,BERCHISESTI,https://comunaberchisesti.ro,,comuna,unknown,yes,no,,,no,no,feed nu raspunde
SUCEAVA,FORASTI,http://www.primariaforasti.ro,,comuna,other,yes,no,,,no,no,feed nu raspunde
SIBIU,SURA MARE,https://primariasuramare.ro,https://primariasuramare.ro/feed/,comuna,wordpress,yes,yes,10,2026-08-06,yes,yes,
SUCEAVA,GALANESTI,http://www.galanesti.ro,https://galanesti.ro/feed/,comuna,wordpress,yes,yes,10,2026-09-04,yes,yes,
SUCEAVA,DORNESTI,http://primariadornesti.ro,https://primariadornesti.ro/feed/,comuna,wordpress,yes,yes,10,2026-08-03,yes,yes,
SUCEAVA,DORNA-ARINI,http://www.dornaarinisv.ro,https://dornaarinisv.ro/feed/,comuna,wordpress,yes,yes,2,2021-12-06,no,no,
SUCEAVA,FRATAUTII NOI,https://www.primaria-fratautii-noi.ro,,comuna,e-adm,yes,no,,,no,no,feed nu raspunde
SUCEAVA,ORAS FRASIN,https://www.primariaorasuluifrasin.ro,https://www.primariaorasuluifrasin.ro/feed/,oras,wordpress,yes,yes,10,2026-09-04,yes,yes,
SUCEAVA,FRUMOSU,http://comunafrumosu.ro,https://comunafrumosu.ro/feed/,comuna,wordpress,yes,yes,10,2026-09-01,yes,yes,
SUCEAVA,HANTESTI,https://N/A,,comuna,unknown,no,no,,,no,no,site mort
SUCEAVA,BRODINA,http://www.brodina.ro,https://brodina.ro/index.php/feed/,comuna,wordpress,yes,no,,,no,no,feed nu raspunde
SUCEAVA,DRAGUSENI,https://comunadragusenisv.ro,https://comunadragusenisv.ro/feed/,comuna,wordpress,yes,yes,10,2026-08-25,yes,yes,
SUCEAVA,HARTOP,https://comunahirtop.ro,https://comunahirtop.ro/feed/,comuna,wordpress,yes,yes,8,2026-05-25,yes,no,
SIBIU,NOCRICH,https://www.nocrich.ro,https://nocrich.ro/feed/,comuna,wordpress,yes,yes,10,2026-07-27,yes,no,
SUCEAVA,BALACEANA,https://comunabalaceana.ro,https://comunabalaceana.ro/feed/,comuna,wordpress,yes,yes,10,2026-09-01,yes,yes,
SUCEAVA,BOROAIA,https://www.comunaboroaia.ro,https://www.comunaboroaia.ro/feed/,comuna,wordpress,yes,yes,10,2026-05-29,yes,no,
SUCEAVA,PARTESTII DE JOS,http://www.comunapirtestiidejos.ro,,comuna,other,yes,no,,,no,no,feed nu raspunde
SUCEAVA,IACOBENI,http://www.comunaiacobeni.ro,,comuna,other,yes,no,,,no,no,feed nu raspunde
SUCEAVA,BALCAUTI,http://balcauti.ro,https://balcauti.ro/index.php/feed/,comuna,wordpress,yes,yes,10,2026-08-15,yes,yes,
SUCEAVA,IASLOVAT,http://www.comunaiaslovat.ro,,comuna,unknown,yes,no,,,no,no,feed nu raspunde
SUCEAVA,MARGINEA,http://comuna-marginea.ro,https://comuna-marginea.ro/feed/,comuna,wordpress,yes,yes,10,2026-09-03,yes,yes,
SUCEAVA,ARBORE,https://primariarbore.ro,https://primariarbore.ro/feed/,comuna,wordpress,yes,yes,10,2025-02-11,no,no,
SUCEAVA,ILISESTI,http://www.comunailisesti.ro,,comuna,other,yes,no,,,no,no,feed nu raspunde
SUCEAVA,HORODNICENI,https://comunahorodnicenisv.ro,https://comunahorodnicenisv.ro/feed/,comuna,wordpress,yes,yes,10,2026-06-12,yes,no,
SUCEAVA,CALAFINDESTI,https://www.comunacalafindestisv.ro,,comuna,unknown,no,no,,,no,no,site mort
SUCEAVA,CACICA,https://www.comuna-cacica.ro,,comuna,unknown,yes,no,,,no,no,feed nu raspunde
SUCEAVA,PALTINOASA,http://www.comunapaltinoasa.ro,,comuna,unknown,no,no,,,no,no,site mort
SUCEAVA,MALINI,https://www.comunamalini.ro,https://www.comunamalini.ro/feed/,comuna,wordpress,yes,yes,10,2026-05-22,yes,no,
SUCEAVA,MOLDOVITA,http://www.primariamoldovita.ro,,comuna,other,yes,no,,,no,no,feed nu raspunde
SUCEAVA,OSTRA,http://www.primariacomuneiostra.ro,https://www.primariacomuneiostra.ro/feed,comuna,wordpress,yes,yes,1,2020-03-20,no,no,
SUCEAVA,MOLDOVA-SULITA,http://www.moldovasulita.eu,,comuna,other,yes,no,,,no,no,feed nu raspunde
SUCEAVA,FANTANA MARE,https://comunafantanamare.ro,https://comunafantanamare.ro/feed/,comuna,wordpress,yes,yes,10,2026-07-30,yes,no,
SUCEAVA,STROIESTI,http://stroiestisuceava.ro,https://stroiestisuceava.ro/feed,comuna,wordpress,yes,yes,10,2026-09-01,yes,yes,
SUCEAVA,MUSENITA,http://primariamusenita.ro,https://primariamusenita.ro/wp/feed/,comuna,wordpress,yes,yes,2,2016-02-03,no,no,
SUCEAVA,MOARA,https://www.comunamoara.ro,https://www.comunamoara.ro/feed/,comuna,wordpress,yes,yes,10,2025-09-01,no,no,
SUCEAVA,PREUTESTI,https://www.comunapreutesti.ro,https://www.comunapreutesti.ro/feed/,comuna,wordpress,yes,yes,10,2026-05-06,yes,no,
SUCEAVA,SATU MARE,https://www.primariasatumaresv.ro,,comuna,wordpress,yes,no,,,no,no,feed nu raspunde
SUCEAVA,POJORATA,https://primariapojorata.ro,,comuna,other,yes,no,,,no,no,feed nu raspunde
SUCEAVA,MANASTIREA HUMORULUI,https://www.manastirea-humorului.ro,https://www.manastirea-humorului.ro/feed/,comuna,wordpress,yes,yes,10,2026-08-24,yes,yes,
SUCEAVA,UDESTI,https://www.primariaudesti.ro,,comuna,e-adm,yes,no,,,no,no,feed nu raspunde
SUCEAVA,ULMA,http://www.comunaulma.ro,https://www.comunaulma.ro/index.php?format=feed&type=rss,comuna,joomla,yes,yes,1,2020-03-02,no,no,
SUCEAVA,SARU DORNEI,http://saru-dornei.ro,https://saru-dornei.ro/feed/,comuna,wordpress,yes,yes,1,2014-02-03,no,no,
SUCEAVA,SCHEIA,https://N/A,,comuna,unknown,no,no,,,no,no,site mort
SUCEAVA,SERBAUTI,https://N/A,,comuna,unknown,no,no,,,no,no,site mort
SUCEAVA,SIMINICEA,https://N/A,,comuna,unknown,no,no,,,no,no,site mort
SUCEAVA,STRAJA,http://www.primariastrajasv.ro,https://primariastrajasv.ro/feed/,comuna,wordpress,yes,yes,0,,no,no,
SUCEAVA,STULPICANI,http://www.comunastulpicani.ro,,comuna,other,yes,no,,,no,no,feed nu raspunde
SUCEAVA,VALEA MOLDOVEI,http://www.comunavaleamoldovei.ro,https://www.comunavaleamoldovei.ro/feed/,comuna,wordpress,yes,yes,7,2026-08-14,yes,yes,
SUCEAVA,VULTURESTI,https://vulturesti-suceava.ro,https://vulturesti-suceava.ro/feed/,comuna,wordpress,yes,yes,10,2026-08-28,yes,yes,
SUCEAVA,FANTANELE,http://primariafintinele.ro,http://primariafintinele.ro/feed/,comuna,wordpress,yes,yes,10,2026-09-02,yes,yes,
SUCEAVA,SLATINA,https://www.comunaslatina.ro,https://www.comunaslatina.ro/feed/,comuna,wordpress,yes,yes,10,2026-06-30,yes,no,
SUCEAVA,VADU MOLDOVEI,https://www.comunavadumoldovei.ro,https://www.comunavadumoldovei.ro/feed/,comuna,wordpress,yes,yes,12,2026-06-30,yes,no,
TELEORMAN,ORAS VIDELE,http://www.primariavidele.ro,,oras,joomla,yes,no,,,no,no,feed nu raspunde
SUCEAVA,IZVOARELE SUCEVEI,https://primariaizvoarelesucevei.ro,https://www.primariaizvoarelesucevei.ro/feed/,comuna,wordpress,yes,yes,12,2026-08-19,yes,yes,
SUCEAVA,PUTNA,https://primariaputna.ro,https://primariaputna.ro/feed/,comuna,wordpress,yes,yes,10,2026-09-03,yes,yes,
SUCEAVA,RADASENI,https://www.comunaradaseni.ro,https://www.comunaradaseni.ro/feed/,comuna,wordpress,yes,yes,10,2025-06-02,no,no,
SUCEAVA,RASCA,https://www.comunarasca.ro,https://www.comunarasca.ro/feed/,comuna,wordpress,yes,yes,10,2026-06-23,yes,no,
SUCEAVA,PANACI,http://www.panaci.ro,https://www.panaci.ro/feed/,comuna,wordpress,yes,yes,12,2026-08-28,yes,yes,
SUCEAVA,GRANICESTI,https://comunagranicesti.ro,https://comunagranicesti.ro/feed/,comuna,wordpress,yes,yes,10,2026-08-19,yes,yes,
SUCEAVA,HORODNIC DE SUS,http://horodnicdesus.ro,,comuna,wordpress,yes,no,,,no,no,feed nu raspunde
TELEORMAN,BRANCENI,http://www.primariabrinceni.ro,,comuna,unknown,no,no,,,no,no,site mort
TELEORMAN,ORAS ZIMNICEA,https://orasulzimnicea.ro,https://orasulzimnicea.ro/feed/,oras,wordpress,yes,yes,10,2026-09-02,yes,yes,
TELEORMAN,BUJORU,http://www.bujoru.ro,,comuna,unknown,no,no,,,no,no,site mort
TELEORMAN,BEUCA,https://N/A,,comuna,unknown,no,no,,,no,no,site mort
SUCEAVA,POIENI-SOLCA,http://comunapoienisolca.ro,https://comunapoienisolca.ro/feed/,comuna,wordpress,yes,yes,10,2026-06-03,yes,no,
SUCEAVA,ORAS SALCEA,http://www.primariasalcea.ro,,oras,unknown,yes,no,,,no,no,feed nu raspunde
TELEORMAN,BABAITA,http://www.primariababaitatr.ro,,comuna,unknown,no,no,,,no,no,site mort
SUCEAVA,POIANA STAMPEI,http://www.poianastampei.ro,https://poianastampei.ro/feed/,comuna,wordpress,yes,yes,10,2026-08-31,yes,yes,
TELEORMAN,MUNICIPIUL TURNU MAGURELE,http://www.municipiulturnumagurele.ro,https://www.municipiulturnumagurele.ro/feed/,municipiu,wordpress,yes,yes,10,2026-09-04,yes,yes,
TELEORMAN,BOGDANA,https://www.comuna-bogdana.ro,,comuna,other,yes,no,,,no,no,feed nu raspunde
TELEORMAN,BRAGADIRU,https://N/A,,comuna,unknown,no,no,,,no,no,site mort
TELEORMAN,BALACI,http://www.comunabalaci.ro,https://www.comunabalaci.ro/index.php?format=feed&type=rss,comuna,joomla,yes,yes,1,2023-04-10,no,no,
TELEORMAN,MUNICIPIUL ROSIORI DE VEDE,https://www.primariarosioriidevede.ro/index.php/ro,,municipiu,wordpress,yes,no,,,no,no,feed nu raspunde
SUCEAVA,SADOVA,http://comunasadova.ro,https://comunasadova.ro/feed/,comuna,wordpress,yes,yes,10,2026-09-01,yes,yes,
TELEORMAN,BOTOROAGA,http://www.botoroaga.ro,https://www.botoroaga.ro/feed/,comuna,wordpress,yes,yes,12,2026-07-10,yes,no,
SUCEAVA,TODIRESTI,http://www.comunatodiresti.ro,,comuna,unknown,no,no,,,no,no,site mort
SUCEAVA,VATRA MOLDOVITEI,http://www.primariavatramoldovitei.ro,,comuna,unknown,yes,no,,,no,no,feed nu raspunde
SUCEAVA,VICOVU DE JOS,https://www.primariavicovudejos.ro,,comuna,unknown,yes,no,,,no,no,feed nu raspunde
SUCEAVA,VERESTI,http://www.eprimarii.ro/veresti,,comuna,unknown,yes,no,,,no,no,feed nu raspunde
SUCEAVA,ZAMOSTEA,http://www.eprimarii.ro/zamostea,,comuna,unknown,yes,no,,,no,no,feed nu raspunde
TELEORMAN,BECIU,http://primariabeciu.ro,,comuna,other,yes,no,,,no,no,feed nu raspunde
TELEORMAN,CALMATUIU DE SUS,http://www.primariacalmatuiudesus.ro,,comuna,other,yes,no,,,no,no,feed nu raspunde
TELEORMAN,CRANGENI,http://www.comunacringeni.ro,,comuna,unknown,no,no,,,no,no,site mort
TELEORMAN,MUNICIPIUL ALEXANDRIA,https://www.alexandria.ro,,municipiu,unknown,yes,no,,,no,no,feed nu raspunde
SUCEAVA,VAMA,https://www.comuna-vama.info,,comuna,unknown,yes,no,,,no,no,feed nu raspunde
SUCEAVA,SUCEVITA,https://www.primariasucevita.ro,https://www.primariasucevita.ro/feed/,comuna,wordpress,yes,yes,12,2026-09-02,yes,yes,
TELEORMAN,DIDESTI,https://N/A,,comuna,unknown,no,no,,,no,no,site mort
TELEORMAN,CALMATUIU,https://N/A,,comuna,unknown,no,no,,,no,no,site mort
TELEORMAN,CIOLANESTI,https://N/A,,comuna,unknown,no,no,,,no,no,site mort
TELEORMAN,CONTESTI,https://N/A,,comuna,unknown,no,no,,,no,no,site mort
TELEORMAN,CREVENICU,https://N/A,,comuna,unknown,no,no,,,no,no,site mort
TELEORMAN,COSMESTI,https://N/A,,comuna,unknown,no,no,,,no,no,site mort
TELEORMAN,CERVENIA,https://N/A,,comuna,unknown,no,no,,,no,no,site mort
TELEORMAN,FRUMOASA,https://www.comunafrumoasa.ro,https://www.comunafrumoasa.ro/feed/,comuna,wordpress,yes,yes,10,2026-06-16,yes,no,
TELEORMAN,BUJORENI,http://www.comunabujoreni.ro,,comuna,unknown,no,no,,,no,no,site mort
TELEORMAN,DRAGANESTI-VLASCA,https://www.draganestivlasca.ro,,comuna,joomla,yes,no,,,no,no,feed nu raspunde
TELEORMAN,FRASINET,https://www.primariafrasinettr.ro,https://www.primariafrasinettr.ro/feed/,comuna,wordpress,yes,yes,10,2026-08-31,yes,yes,
TELEORMAN,DRACSENEI,https://primaria-comunei-dracsenei.webnode.ro,https://primaria-comunei-dracsenei.webnode.ro/rss/all.xml,comuna,other,yes,yes,2,2014-06-04,no,no,
SUCEAVA,PATRAUTI,https://primariapatrautisv.ro,https://primariapatrautisv.ro/feed,comuna,wordpress,yes,yes,10,2026-09-03,yes,yes,
TELEORMAN,DOBROTESTI,http://www.primaria-dobrotesti.ro,,comuna,unknown,no,no,,,no,no,site mort
TELEORMAN,NASTURELU,http://www.primarianasturelu.ro,,comuna,unknown,no,no,,,no,no,site mort
TELEORMAN,CALINESTI,http://www.calinestitr.ro,,comuna,unknown,yes,no,,,no,no,feed nu raspunde
TELEORMAN,NANOV,https://www.primaria-nanov.ro,https://www.primaria-nanov.ro/feed/,comuna,wordpress,yes,yes,10,2026-08-25,yes,yes,
SUCEAVA,IPOTESTI,https://primariaipotesti.ro,https://primariaipotesti.ro/feed/,comuna,wordpress,yes,yes,10,2026-09-04,yes,yes,
TELEORMAN,PERETU,https://primariaperetu.ro,,comuna,unknown,no,no,,,no,no,site mort
TELEORMAN,GRATIA,http://primaria-gratia.ro,https://primaria-gratia.ro/anunturi/feed/,comuna,wordpress,yes,yes,10,2026-06-10,yes,no,
TELEORMAN,MOSTENI,https://www.comunamosteni.ro,https://www.comunamosteni.ro/feed/,comuna,wordpress,yes,yes,10,2026-08-28,yes,yes,
TELEORMAN,PIETROSANI,http://primariapietrosani.ro,,comuna,unknown,no,no,,,no,no,site mort
TELEORMAN,BLEJESTI,https://www.primariablejesti.ro,https://www.primariablejesti.ro/feed/,comuna,wordpress,yes,yes,10,2026-08-14,yes,yes,
TELEORMAN,POENI,http://primaria-poeni.ro,,comuna,unknown,no,no,,,no,no,site mort
TELEORMAN,CIUPERCENI,http://www.primariaciuperceni.eu,,comuna,other,yes,no,,,no,no,feed nu raspunde
TELEORMAN,MARZANESTI,http://www.primariamarzanesti.ro,,comuna,unknown,no,no,,,no,no,site mort
TELEORMAN,ORBEASCA,http://primariaorbeasca.ro,,comuna,unknown,yes,no,,,no,no,feed nu raspunde
TELEORMAN,DRACEA,http://primariadracea.blogspot.com,https://primariadracea.blogspot.com/feeds/posts/default,comuna,other,yes,yes,1,2024-09-07,no,no,
TELEORMAN,PLOPII-SLAVITESTI,https://www.primariaplopiislavitesti.ro,https://www.primariaplopiislavitesti.ro/feed/,comuna,wordpress,yes,yes,10,2026-07-09,yes,no,
TELEORMAN,NENCIULESTI,https://primaria-nenciulesti.weebly.com,,comuna,other,yes,no,,,no,no,feed nu raspunde
TELEORMAN,PUTINEIU,http://www.putineiu.ro,https://www.putineiu.ro/index.php?format=feed&type=rss,comuna,joomla,yes,yes,1,2023-04-10,no,no,
TELEORMAN,SALCIA,http://www.primariasalciatr.ro,,comuna,unknown,no,no,,,no,no,site mort
TELEORMAN,CRANGU,https://www.primariacrangu.ro,,comuna,other,yes,no,,,no,no,feed nu raspunde
SUCEAVA,ZVORISTEA,http://primaria-zvoristea.ro,http://primaria-zvoristea.ro/feed/,comuna,wordpress,yes,yes,10,2026-08-25,yes,yes,
TELEORMAN,FANTANELE,https://primariafantanele.ro,https://primariafantanele.ro/feed/,comuna,wordpress,yes,yes,10,2021-07-13,no,no,
TELEORMAN,PIATRA,https://primariapiatra.ro,https://primariapiatra.ro/feed/,comuna,wordpress,yes,yes,10,2026-08-25,yes,yes,
TELEORMAN,POROSCHIA,https://primariaporoschia.ro,https://www.primariaporoschia.ro/feed/,comuna,wordpress,yes,yes,3,2026-07-27,yes,no,
TELEORMAN,SACENI,http://www.primariasaceni.ro,https://www.primariasaceni.ro/feed,comuna,wordpress,yes,yes,1,2020-03-20,no,no,
TELEORMAN,SILISTEA,http://primariasilistea-tr.ro,,comuna,unknown,no,no,,,no,no,site mort
TELEORMAN,IZVOARELE,https://www.comunaizvoareletr.ro,https://www.comunaizvoareletr.ro/feed/,comuna,wordpress,yes,yes,0,,no,no,
TELEORMAN,MERENI,https://comunamereni.ro,https://comunamereni.ro/index.php/feed/,comuna,wordpress,yes,no,0,,no,no,feed nu raspunde
TELEORMAN,SCRIOASTEA,http://www.scrioastea.ro,https://www.scrioastea.ro/?format=feed&type=rss,comuna,joomla,yes,yes,1,2022-01-12,no,no,
TELEORMAN,BUZESCU,https://primariabuzescu.weebly.com,,comuna,other,yes,no,,,no,no,feed nu raspunde
TELEORMAN,ISLAZ,http://islaztr.ro,,comuna,unknown,no,no,,,no,no,site mort
SUCEAVA,VOLOVAT,https://www.comunavolovat.ro,,comuna,unknown,yes,no,,,no,no,feed nu raspunde
TELEORMAN,PURANI,https://primariapurani.ro,https://primariapurani.ro/feed,comuna,wordpress,yes,yes,0,,no,no,
TELEORMAN,LUNCA,http://www.primariaonline.ro/judet-Teleorman/primarie-LUNCA,,comuna,unknown,yes,no,,,no,no,feed nu raspunde
TELEORMAN,TATARASTII DE SUS,https://www.primariatatarastiidesus.ro,,comuna,unknown,no,no,,,no,no,site mort
TELEORMAN,SEACA,http://www.comuna-seaca.ro,https://comuna-seaca.ro/feed/,comuna,wordpress,yes,yes,0,,no,no,
TELEORMAN,MAVRODIN,https://www.primariamavrodin.ro,https://www.primariamavrodin.ro/feed/,comuna,wordpress,yes,yes,10,2026-08-25,yes,yes,
TELEORMAN,SMARDIOASA,https://primariasmardioasa.ro,https://primariasmardioasa.ro/feed/,comuna,wordpress,yes,yes,10,2026-07-27,yes,no,
TELEORMAN,STEJARU,https://primariastejaru.ro,https://primariastejaru.ro/feed/,comuna,wordpress,yes,yes,10,2025-04-14,no,no,
TELEORMAN,FURCULESTI,http://www.primaria-furculesti.ro,https://primaria-furculesti.ro/feed/,comuna,wordpress,yes,yes,10,2026-08-31,yes,yes,
TELEORMAN,LITA,http://primaria-lita.ro,,comuna,unknown,yes,no,,,no,no,feed nu raspunde
TELEORMAN,SILISTEA-GUMESTI,http://primariasilisteagumesti.ro,https://primariasilisteagumesti.ro/feed/,comuna,wordpress,yes,yes,10,2026-09-01,yes,yes,
TELEORMAN,TRAIAN,http://primariatraiantr.freewb.ro,,comuna,other,yes,no,,,no,no,feed nu raspunde
TELEORMAN,TIGANESTI,http://www.comunatiganesti.ro,,comuna,other,yes,no,,,no,no,feed nu raspunde
TELEORMAN,NECSESTI,https://N/A,,comuna,unknown,no,no,,,no,no,site mort
TELEORMAN,OLTENI,https://N/A,,comuna,unknown,no,no,,,no,no,site mort
TELEORMAN,LISA,https://N/A,,comuna,unknown,no,no,,,no,no,site mort
TELEORMAN,GALATENI,https://N/A,,comuna,unknown,no,no,,,no,no,site mort
TELEORMAN,SCURTU MARE,https://N/A,,comuna,unknown,no,no,,,no,no,site mort
TELEORMAN,SARBENI,https://N/A,,comuna,unknown,no,no,,,no,no,site mort
TELEORMAN,SEGARCEA-VALE,https://N/A,,comuna,unknown,no,no,,,no,no,site mort
TELEORMAN,RASMIRESTI,https://N/A,,comuna,unknown,no,no,,,no,no,site mort
TELEORMAN,RADOIESTI,https://N/A,,comuna,unknown,no,no,,,no,no,site mort
TELEORMAN,PLOSCA,https://N/A,,comuna,unknown,no,no,,,no,no,site mort
TELEORMAN,DRAGANESTI DE VEDE,http://www.primariadraganestidevede.ro,http://www.primariadraganestidevede.ro/?format=feed&type=rss,comuna,joomla,yes,yes,1,2022-01-12,no,no,
TELEORMAN,TROIANUL,http://www.comunatroianul.ro,https://www.comunatroianul.ro/index.php?format=feed&type=rss,comuna,joomla,yes,yes,1,2023-04-10,no,no,
TELEORMAN,SFINTESTI,https://N/A,,comuna,unknown,no,no,,,no,no,site mort
TELEORMAN,MALDAENI,https://www.primariamaldaeni.ro,https://www.primariamaldaeni.ro/feed/,comuna,wordpress,yes,yes,10,2026-07-30,yes,no,
TELEORMAN,SLOBOZIA MANDRA,https://N/A,,comuna,unknown,no,no,,,no,no,site mort
TELEORMAN,SUHAIA,https://primariasuhaia.ro,https://primariasuhaia.ro/index.php/feed/,comuna,wordpress,yes,yes,0,,no,no,
TELEORMAN,STOROBANEASA,https://N/A,,comuna,unknown,no,no,,,no,no,site mort
TELEORMAN,SAELELE,https://primariasaelele.ro,https://primariasaelele.ro/feed/,comuna,wordpress,yes,yes,100,2026-07-27,yes,no,
SUCEAVA,MITOCU DRAGOMIRNEI,https://mitocudragomirnei.ro,https://mitocudragomirnei.ro/feed/,comuna,wordpress,yes,yes,10,2026-08-19,yes,yes,
TELEORMAN,TALPA,https://N/A,,comuna,unknown,no,no,,,no,no,site mort
TELEORMAN,TATARASTII DE JOS,https://N/A,,comuna,unknown,no,no,,,no,no,site mort
TELEORMAN,TRIVALEA-MOSTENI,http://www.trivaleamosteni.ro,https://www.trivaleamosteni.ro/feed/,comuna,wordpress,yes,yes,10,2026-04-17,yes,no,
TIMIS,BECICHERECU MIC,http://becicherecu-mic.ro,,comuna,unknown,yes,no,,,no,no,feed nu raspunde
TELEORMAN,UDA-CLOCOCIOV,https://N/A,,comuna,unknown,no,no,,,no,no,site mort
TIMIS,BRESTOVAT,http://www.brestovat.ro,,comuna,unknown,no,no,,,no,no,site mort
TELEORMAN,VARTOAPE,https://N/A,,comuna,unknown,no,no,,,no,no,site mort
TIMIS,CARPINIS,http://primariacarpinis.ro,,comuna,unknown,no,no,,,no,no,site mort
TELEORMAN,MAGURA,http://www.primariemagura.ro,,comuna,unknown,no,no,,,no,no,site mort
TIMIS,BOLDUR,http://www.primariaboldur.ro,,comuna,other,yes,no,,,no,no,feed nu raspunde
TIMIS,CENAD,https://www.cenad.ro,,comuna,other,yes,no,,,no,no,feed nu raspunde
TELEORMAN,VEDEA,http://www.primariavedea.ro,https://primariavedea.ro/feed/,comuna,wordpress,yes,yes,0,,no,no,
TIMIS,BEBA VECHE,https://www.primariabebaveche.ro,https://primariabebaveche.ro/feed/,comuna,wordpress,yes,yes,20,2026-07-24,yes,no,
TELEORMAN,VIISOARA,https://www.primaria-viisoara.ro,https://www.primaria-viisoara.ro/feed/,comuna,wordpress,yes,yes,10,2026-06-16,yes,no,
TIMIS,CRICIOVA,https://www.primariacriciova.ro,,comuna,unknown,yes,no,,,no,no,feed nu raspunde
TIMIS,CHEVERESU MARE,http://primaria.cheveresumare.ro,,comuna,unknown,no,no,,,no,no,site mort
TIMIS,BUCOVAT,https://www.comunabucovat.ro,https://www.comunabucovat.ro/feed/,comuna,wordpress,yes,yes,10,2026-09-01,yes,yes,
TELEORMAN,ZAMBREASCA,https://N/A,,comuna,unknown,no,no,,,no,no,site mort
TIMIS,BETHAUSEN,https://www.primariabethausen.ro,,comuna,unknown,yes,no,,,no,no,feed nu raspunde
TELEORMAN,VITANESTI,http://primariavitanesti.ro,https://primariavitanesti.ro/feed/,comuna,wordpress,yes,yes,2,2026-05-18,yes,no,
TIMIS,CENEI,https://primariacenei.ro,https://primariacenei.ro/feed/,comuna,wordpress,yes,yes,96,2026-08-03,yes,yes,
TIMIS,DUMBRAVA,https://www.e-comune.ro/primaria-dumbrava-tm,,comuna,other,yes,no,,,no,no,feed nu raspunde
TIMIS,COSTEIU,https://costeiu.ro,https://costeiu.ro/feed/,comuna,wordpress,yes,yes,5,2020-08-26,no,no,
TIMIS,CHECEA,https://primariachecea.ro,https://primariachecea.ro/feed/,comuna,wordpress,yes,yes,0,,no,no,
TIMIS,COMLOSU MARE,http://www.comlosumare.ro,,comuna,unknown,yes,no,,,no,no,feed nu raspunde
TIMIS,DUDESTII NOI,https://pcdn.ro,https://pcdn.ro/feed/,comuna,wordpress,yes,yes,10,2026-09-01,yes,yes,
SUCEAVA,VOITINEL,http://www.comunavoitinel.ro,https://www.comunavoitinel.ro/feed/,comuna,wordpress,yes,yes,0,,no,no,
TIMIS,BELINT,https://comunabelint.ro,https://comunabelint.ro/feed/,comuna,wordpress,yes,yes,1,2026-08-05,yes,yes,
TIMIS,ORAS GATAIA,https://www.primariaorasgataia.ro,https://www.primariaorasgataia.ro/feed/,oras,wordpress,yes,yes,0,,no,no,
TIMIS,ORAS CIACOVA,http://www.primariaciacova.ro,https://www.primariaciacova.ro/feed/,oras,wordpress,yes,yes,10,2026-07-23,yes,no,
TIMIS,FOENI,https://www.primariafoenitm.ro,,comuna,unknown,yes,no,,,no,no,feed nu raspunde
TIMIS,ORAS JIMBOLIA,http://jimbolia.ro,https://jimbolia.ro/feed/,oras,wordpress,yes,yes,10,2026-09-02,yes,yes,
TIMIS,GIARMATA,https://primariagiarmata.ro,https://primariagiarmata.ro/feed/,comuna,wordpress,yes,yes,10,2026-09-02,yes,yes,
TIMIS,DUDESTII VECHI,https://dudestii-vechi.ro,https://dudestii-vechi.ro/feed/,comuna,wordpress,yes,yes,10,2026-08-28,yes,yes,
TIMIS,GIULVAZ,https://www.primariagiulvaz.ro,,comuna,unknown,yes,no,,,no,no,feed nu raspunde
TIMIS,GIROC,https://www.giroc.ro,https://www.giroc.ro/?format=feed&type=rss,comuna,joomla,yes,yes,4,2023-06-21,no,no,
TIMIS,CURTEA,https://primariacurtea.ro,,comuna,other,yes,no,,,no,no,feed nu raspunde
TIMIS,DENTA,http://www.primaria-denta.ro,https://www.primaria-denta.ro/feed/,comuna,wordpress,yes,yes,10,2026-07-16,yes,no,
TIMIS,ORAS RECAS,https://primariarecas.ro,https://primariarecas.ro/feed/,oras,wordpress,yes,yes,10,2026-01-16,yes,no,
TIMIS,ORAS DETA,https://www.detatm.ro,https://www.detatm.ro/feed/,oras,wordpress,yes,yes,10,2026-09-02,yes,yes,
TIMIS,BALINT,https://www.primariabalint.ro,,comuna,unknown,yes,no,,,no,no,feed nu raspunde
TIMIS,BANLOC,https://www.primaria-banloc.ro,,comuna,unknown,yes,no,,,no,no,feed nu raspunde
TIMIS,BARA,https://www.comunabara.ro,,comuna,unknown,yes,no,,,no,no,feed nu raspunde
TIMIS,BARNA,https://www.primariabirna.ro,,comuna,unknown,no,no,,,no,no,site mort
TIMIS,BIRDA,https://www.birda.ro,,comuna,unknown,yes,no,,,no,no,feed nu raspunde
TIMIS,BOGDA,https://www.primariabogda.ro,,comuna,unknown,yes,no,,,no,no,feed nu raspunde
TIMIS,IECEA MARE,https://www.primariaieceamare.ro,,comuna,unknown,yes,no,,,no,no,feed nu raspunde
TIMIS,LIEBLING,https://primarialiebling.ro,https://primarialiebling.ro/feed/,comuna,wordpress,yes,yes,2,2022-08-22,no,no,
TIMIS,DUMBRAVITA,https://primaria-dumbravita.ro,,comuna,unknown,yes,no,,,no,no,feed nu raspunde
TIMIS,FARDEA,https://www.primariafirdea.ro,,comuna,unknown,no,no,,,no,no,site mort
TIMIS,LIVEZILE,https://comunalivezile.ro,https://comunalivezile.ro/feed/,comuna,wordpress,yes,yes,10,2026-08-20,yes,yes,
TIMIS,NITCHIDORF,http://primarianitchidorf.ro,https://primarianitchidorf.ro/feed/,comuna,wordpress,yes,yes,10,2024-04-17,no,no,
TIMIS,GHILAD,https://www.comunaghilad.ro,,comuna,unknown,yes,no,,,no,no,feed nu raspunde
TIMIS,GAVOJDIA,https://www.comunagavojdia.ro,,comuna,unknown,yes,no,,,no,no,feed nu raspunde
TIMIS,ORAS FAGET,https://www.primariafaget.ro,https://primariafaget.ro/feed/,oras,wordpress,yes,yes,10,2026-07-16,yes,no,
TIMIS,GIERA,http://www.comunagiera.ro,,comuna,unknown,yes,no,,,no,no,feed nu raspunde
TIMIS,MANASTIUR,https://www.primariamanastiur.ro,,comuna,unknown,yes,no,,,no,no,feed nu raspunde
TIMIS,FIBIS,https://www.comunafibis.ro,https://comunafibis.ro/feed/,comuna,wordpress,yes,yes,10,2026-09-02,yes,yes,
TIMIS,PARTA,http://www.comunaparta.ro,,comuna,unknown,no,no,,,no,no,site mort
TIMIS,REMETEA MARE,https://www.remeteamaretimis.ro,,comuna,unknown,yes,no,,,no,no,feed nu raspunde
TIMIS,DAROVA,https://primariadarova.ro,https://primariadarova.ro/feed/,comuna,wordpress,yes,yes,0,,no,no,
TIMIS,GOTTLOB,https://www.primariagottlob.ro,https://www.primariagottlob.ro/feed/,comuna,wordpress,yes,yes,0,,no,no,
TIMIS,MUNICIPIUL LUGOJ,https://www.primarialugoj.ro,,municipiu,unknown,yes,no,,,no,no,feed nu raspunde
TIMIS,MORAVITA,https://comunamoravita.ro,,comuna,unknown,yes,no,,,no,no,feed nu raspunde
TIMIS,MOSNITA NOUA,https://mosnita.ro,,comuna,unknown,yes,no,,,no,no,feed nu raspunde
TIMIS,BILED,http://www.primariabiled.ro,,comuna,other,yes,no,,,no,no,feed nu raspunde
TIMIS,JAMU MARE,https://www.primariajamumare.ro,https://primariajamumare.ro/feed/,comuna,wordpress,yes,yes,5,2024-09-22,no,no,
TIMIS,ORAS SANNICOLAU MARE,https://www.sannicolau-mare.ro,https://www.sannicolau-mare.ro/feed/,oras,wordpress,yes,yes,10,2026-09-04,yes,yes,
TIMIS,MUNICIPIUL TIMISOARA,https://www.primariatm.ro,,municipiu,other,yes,no,,,no,no,feed nu raspunde
TIMIS,RACOVITA,https://www.primariaracovita.ro,,comuna,other,yes,no,,,no,no,feed nu raspunde
TIMIS,PERIAM,https://primatimperiam.ro,,comuna,unknown,no,no,,,no,no,site mort
TIMIS,SAG,http://www.primariasag.ro,,comuna,e-adm,yes,no,,,no,no,feed nu raspunde
TIMIS,TOMNATIC,http://www.primariatomnatic.ro,,comuna,unknown,no,no,,,no,no,site mort
TIMIS,STIUCA,https://www.primariastiuca.ro,,comuna,unknown,yes,no,,,no,no,feed nu raspunde
TIMIS,SACALAZ,https://primariasacalaz.ro,https://primariasacalaz.ro/feed/,comuna,wordpress,yes,yes,10,2026-09-03,yes,yes,
TIMIS,TEREMIA MARE,http://www.primariateremiamare.ro,,comuna,unknown,yes,no,,,no,no,feed nu raspunde
TIMIS,TRAIAN VUIA,http://comunatraianvuia.ro,,comuna,unknown,no,no,,,no,no,site mort
TIMIS,ORTISOARA,http://www.primariaortisoara.ro,https://primariaortisoara.ro/feed/,comuna,wordpress,yes,yes,10,2026-08-06,yes,yes,
TIMIS,SANANDREI,https://www.primaria-sinandrei.ro,,comuna,unknown,no,no,,,no,no,site mort
TIMIS,OHABA LUNGA,http://www.comunaohabalunga.ro,https://www.comunaohabalunga.ro/feed,comuna,wordpress,yes,yes,1,2020-03-20,no,no,
TIMIS,LOVRIN,https://www.primarialovrin.ro,https://primaria-lovrin.ro/feed/,comuna,wordpress,yes,yes,10,2026-08-27,yes,yes,
TIMIS,SARAVALE,https://www.saravale.ro,,comuna,joomla,yes,no,,,no,no,feed nu raspunde
TIMIS,GHIRODA,http://www.primariaghiroda.ro,https://primariaghiroda.ro/feed/,comuna,wordpress,yes,yes,10,2026-08-31,yes,yes,
TIMIS,LENAUHEIM,https://www.lenauheim.ro,https://www.lenauheim.ro/feed/,comuna,wordpress,yes,yes,10,2026-08-14,yes,yes,
TIMIS,PADURENI,https://www.comunapadureni.ro,,comuna,unknown,no,no,,,no,no,site mort
TULCEA,ORAS SULINA,https://www.primaria-sulina.ro,,oras,wordpress,yes,no,,,no,no,feed nu raspunde
TIMIS,SECAS,https://www.primariasecas.ro,,comuna,unknown,yes,no,,,no,no,feed nu raspunde
TIMIS,GHIZELA,https://www.primariaghizela.ro,https://primariaghizela.ro/feed/,comuna,wordpress,yes,yes,0,,no,no,
TIMIS,PISCHIA,https://www.comunapischia.ro,https://www.comunapischia.ro/feed/,comuna,wordpress,yes,yes,30,2026-03-06,yes,no,
TIMIS,PESAC,https://www.primariapesac.ro,,comuna,unknown,yes,no,,,no,no,feed nu raspunde
TIMIS,SATCHINEZ,https://www.satchinez.ro,https://www.satchinez.ro/feed/,comuna,wordpress,yes,yes,10,2026-09-01,yes,yes,
TULCEA,BAIA,https://www.primarie-comuna-baia.ro/?p=,,comuna,e-adm,yes,no,,,no,no,feed nu raspunde
TIMIS,PIETROASA,http://www.primariapietroasa.ro,https://primariapietroasa.ro/feed/,comuna,wordpress,yes,yes,0,,no,no,
TIMIS,MARGINA,https://www.primariamargina.ro,,comuna,other,yes,no,,,no,no,feed nu raspunde
TULCEA,BEIDAUD,https://www.primariabeidaud.ro,,comuna,e-adm,yes,no,,,no,no,feed nu raspunde
TIMIS,PECIU NOU,https://www.primariapeciunou.ro,https://primariapeciunou.ro/feed,comuna,wordpress,yes,yes,3,2024-04-19,no,no,
TULCEA,ORAS ISACCEA,https://www.isaccea.ro,https://isaccea.ro/feed/,oras,wordpress,yes,yes,10,2026-08-26,yes,yes,
TULCEA,CIUCUROVA,https://www.primariaciucurova.ro,,comuna,e-adm,yes,no,,,no,no,feed nu raspunde
TIMIS,TOPOLOVATU MARE,https://www.primariatopolovatumare.ro,https://primariatopolovatumare.ro/feed/,comuna,wordpress,yes,yes,10,2026-06-15,yes,no,
TULCEA,ORAS BABADAG,https://www.primariababadag.ro,https://primariababadag.ro/feed/,oras,wordpress,yes,yes,10,2022-09-24,no,no,
TULCEA,BESTEPE,https://www.primariabestepe.ro,,comuna,e-adm,yes,no,,,no,no,feed nu raspunde
TULCEA,CRISAN,https://www.primariacrisan.ro,,comuna,other,yes,no,,,no,no,feed nu raspunde
TULCEA,ORAS MACIN,https://www.macin.ro,https://www.macin.ro/feed/,oras,wordpress,yes,yes,10,2026-09-02,yes,yes,
TIMIS,OTELEC,https://www.comunaotelec.ro,https://comunaotelec.ro/feed/,comuna,wordpress,yes,yes,10,2026-06-14,yes,no,
TIMIS,TOMESTI,http://tomesti.ro,https://tomesti.ro/feed/,comuna,wordpress,yes,yes,10,2026-08-06,yes,yes,
TIMIS,UIVAR,https://www.primariauivar.ro,https://primariauivar.ro/feed/,comuna,wordpress,yes,yes,0,,no,no,
TIMIS,TORMAC,https://www.tormac.ro,https://tormac.ro/feed/,comuna,wordpress,yes,yes,0,,no,no,
TULCEA,CEATALCHIOI,https://www.primariaceatalchioi.ro,,comuna,unknown,no,no,,,no,no,site mort
TULCEA,HORIA,https://www.primariahoria.ro,,comuna,e-adm,yes,no,,,no,no,feed nu raspunde
TIMIS,SACOSU TURCESC,http://www.sacosuturcesc.ro,https://sacosuturcesc.ro/?feed=rss2,comuna,wordpress,yes,no,,,no,no,feed nu raspunde
TULCEA,FRECATEI,http://www.primariafrecatei.ro,,comuna,e-adm,yes,no,,,no,no,feed nu raspunde
TULCEA,IZVOARELE,https://www.primaria-izvoarele.ro,,comuna,e-adm,yes,no,,,no,no,feed nu raspunde
TULCEA,CEAMURLIA DE JOS,https://www.primariaceamurliadejos.ro,,comuna,e-adm,yes,no,,,no,no,feed nu raspunde
TIMIS,ORAS BUZIAS,https://www.primariabuzias.ro,https://primariabuzias.ro/feed/,oras,wordpress,yes,yes,10,2022-07-23,no,no,
TIMIS,SANPETRU MARE,https://www.primariasanpetrumare.ro,,comuna,unknown,yes,no,,,no,no,feed nu raspunde
TULCEA,MIHAI BRAVU,https://www.primaria-mihaibravu.ro,,comuna,e-adm,yes,no,,,no,no,feed nu raspunde
TIMIS,VICTOR VLAD DELAMARINA,http://www.primariavvdelamarina.ro,https://primariavvdelamarina.ro/feed/,comuna,wordpress,yes,yes,0,,no,no,
TULCEA,MURIGHIOL,https://www.primaria-murighiol.ro,,comuna,e-adm,yes,no,,,no,no,feed nu raspunde
TULCEA,I.C.BRATIANU,http://www.icbratianu.ro,,comuna,other,yes,no,,,no,no,feed nu raspunde
TIMIS,SANDRA,https://primariasandra.ro,https://primariasandra.ro/feed/,comuna,wordpress,yes,yes,1,2021-10-13,no,no,
TULCEA,JURILOVCA,http://primariajurilovca.ro,https://primariajurilovca.ro/feed/,comuna,wordpress,yes,yes,0,,no,no,
TIMIS,VALCANI,https://www.valcani.ro,https://www.valcani.ro/index.php?format=feed&type=rss,comuna,joomla,yes,yes,1,2016-12-04,no,no,
TIMIS,NADRAG,http://primarianadrag.ro,,comuna,unknown,yes,no,,,no,no,feed nu raspunde
TIMIS,JEBEL,https://www.primariajebel.ro,,comuna,unknown,yes,no,,,no,no,feed nu raspunde
TULCEA,NICULITEL,https://www.primaria-niculitel.ro,,comuna,e-adm,yes,no,,,no,no,feed nu raspunde
TULCEA,PECENEAGA,http://www.primariapeceneaga.paginadestart.com,,comuna,unknown,yes,no,,,no,no,feed nu raspunde
TULCEA,SOMOVA,https://www.comunasomova.ro,,comuna,unknown,no,no,,,no,no,site mort
TULCEA,JIJILA,https://comunajijila.ro,https://comunajijila.ro/feed/,comuna,wordpress,yes,yes,10,2026-04-02,yes,no,
TULCEA,HAMCEARCA,https://www.primariahamcearca.ro,https://primariahamcearca.ro/feed/,comuna,wordpress,yes,yes,12,2026-07-24,yes,no,
TIMIS,VARIAS,http://primaria-varias.ro,https://primaria-varias.ro/feed/,comuna,wordpress,yes,yes,10,2023-05-04,no,no,
TULCEA,NALBANT,http://primarianalbant.ro,https://primarianalbant.ro/feed/,comuna,wordpress,yes,yes,0,,no,no,
TULCEA,VACARENI,https://www.comunavacareni.ro,,comuna,other,yes,no,,,no,no,feed nu raspunde
TULCEA,DAENI,https://www.comuna-daeni.ro,https://comuna-daeni.ro/feed/,comuna,wordpress,yes,yes,12,2026-08-28,yes,yes,
TULCEA,OSTROV,http://primariaostrovtulcea.ro,https://primariaostrovtulcea.ro/feed/,comuna,wordpress,yes,yes,12,2026-08-27,yes,yes,
TULCEA,DOROBANTU,https://www.primaria-dorobantu.ro,https://primaria-dorobantu.ro/feed/,comuna,wordpress,yes,yes,12,2026-08-13,yes,yes,
TULCEA,VALEA NUCARILOR,https://www.valeanucarilor.ro,,comuna,e-adm,yes,no,,,no,no,feed nu raspunde
TULCEA,SMARDAN,https://primariasmirdan.ro,,comuna,unknown,no,no,,,no,no,site mort
TULCEA,SLAVA CERCHEZA,https://www.primariaslavacercheza.ro,,comuna,unknown,no,no,,,no,no,site mort
TULCEA,CHILIA VECHE,https://www.primariachilia.ro,,comuna,other,yes,no,,,no,no,feed nu raspunde
TULCEA,SARICHIOI,https://primariasarichioi.ro,https://primariasarichioi.ro/feed/,comuna,wordpress,yes,yes,2,2025-11-03,no,no,
TULCEA,GRECI,https://www.primariagreci.ro,,comuna,e-adm,yes,no,,,no,no,feed nu raspunde
TULCEA,PARDINA,https://www.primariapardina.ro,,comuna,other,yes,no,,,no,no,feed nu raspunde
TULCEA,NUFARU,https://primarianufaru.ro,,comuna,e-adm,yes,no,,,no,no,feed nu raspunde
TULCEA,GRINDU,http://comunagrindutl.ro,,comuna,e-adm,yes,no,,,no,no,feed nu raspunde
TULCEA,SFANTU GHEORGHE,https://www.primariasfantugheorghetulcea.ro,https://www.primariasfantugheorghetulcea.ro/feed/,comuna,wordpress,yes,yes,12,2026-08-05,yes,yes,
VASLUI,BLAGESTI,http://www.comuna-blagesti.ro,,comuna,unknown,no,no,,,no,no,site mort
TIMIS,MASLOC,https://www.comunamasloc.ro,https://comunamasloc.ro/feed/,comuna,wordpress,yes,yes,2,2026-07-19,yes,no,
VASLUI,ORAS MURGENI,https://www.primaria-murgeni.ro,https://primaria-murgeni.ro/feed/,oras,wordpress,yes,yes,10,2026-04-27,yes,no,
VASLUI,MUNICIPIUL BARLAD,http://www.primariabarlad.ro,,municipiu,unknown,yes,no,,,no,no,feed nu raspunde
VASLUI,ALEXANDRU VLAHUTA,https://www.alexandruvlahuta.ro,https://alexandruvlahuta.ro/feed/,comuna,wordpress,yes,yes,0,,no,no,
TULCEA,MUNICIPIUL TULCEA,https://www.primariatulcea.ro,https://www.primariatulcea.ro/feed/,municipiu,wordpress,yes,yes,10,2026-09-04,yes,yes,
TULCEA,MALIUC,https://www.comuna-maliuc.ro,,comuna,unknown,yes,no,,,no,no,feed nu raspunde
TULCEA,MIHAIL KOGALNICEANU,https://www.primariakogalniceanu.ro,,comuna,e-adm,yes,no,,,no,no,feed nu raspunde
TIMIS,SANMIHAIU ROMAN,https://www.sinmihaiuroman.ro,,comuna,other,yes,no,,,no,no,feed nu raspunde
TULCEA,TURCOAIA,https://www.primaria-turcoaia.ro,,comuna,unknown,yes,no,,,no,no,feed nu raspunde
TIMIS,VOITEG,https://www.primariavoiteg.ro,,comuna,other,yes,no,,,no,no,feed nu raspunde
TULCEA,CERNA,https://www.primariacerna.ro,https://primariacerna.ro/feed/,comuna,wordpress,yes,yes,12,2026-09-04,yes,yes,
TULCEA,C.A. ROSETTI,http://www.primariarosetti.paginadestart.com,https://www.primariarosettitl.ro/feed/,comuna,wordpress,yes,yes,8,2026-07-24,yes,no,
VASLUI,CIOCANI,https://www.primariaciocani.ro,https://www.primariaciocani.ro/index.php?format=feed&type=rss,comuna,joomla,yes,yes,3,2026-03-16,yes,no,
VASLUI,ARSURA,https://www.comuna-arsura.ro,,comuna,unknown,yes,no,,,no,no,feed nu raspunde
VASLUI,BACESTI,http://www.comunabacesti.ro,,comuna,unknown,yes,no,,,no,no,feed nu raspunde
VASLUI,BALTENI,https://www.comunabaltenivs.ro,,comuna,unknown,yes,no,,,no,no,feed nu raspunde
TULCEA,MAHMUDIA,https://www.mahmudia.ro,,comuna,other,yes,no,,,no,no,feed nu raspunde
VASLUI,DRANCENI,https://primariadrinceni.ro,,comuna,unknown,no,no,,,no,no,site mort
VASLUI,BOGDANITA,https://www.bogdanita.ro,,comuna,unknown,yes,no,,,no,no,feed nu raspunde
TULCEA,LUNCAVITA,https://www.comunaluncavita.ro,https://www.comunaluncavita.ro/rss.xml,comuna,other,yes,yes,20,2026-09-05,yes,yes,
VASLUI,CRETESTI,https://www.primariacretesti.ro,,comuna,joomla,yes,no,,,no,no,feed nu raspunde
VASLUI,ALBESTI,https://www.primariaalbestivs.ro,https://www.primariaalbestivs.ro/feed/,comuna,wordpress,yes,yes,12,2026-06-22,yes,no,
VASLUI,DANESTI,http://danesti.ro,,comuna,joomla,yes,no,,,no,no,feed nu raspunde
VASLUI,CODAESTI,https://www.primariacodaesti.ro,,comuna,unknown,yes,no,,,no,no,feed nu raspunde
VASLUI,DELESTI,http://delesti.ro,http://delesti.ro/wp/feed/,comuna,wordpress,yes,yes,0,,no,no,
VASLUI,GARCENI,https://www.primariagirceni.ro,,comuna,unknown,no,no,,,no,no,site mort
VASLUI,BOGDANESTI,https://www.primariabogdanesti.ro,https://primariabogdanesti.ro/feed/,comuna,wordpress,yes,yes,2,2026-07-15,yes,no,
VASLUI,DUDA-EPURENI,https://duda-epureni.ro,https://duda-epureni.ro/index.php?format=feed&type=rss,comuna,joomla,yes,yes,4,2025-05-22,no,no,
VASLUI,BOTESTI,https://www.primariabotesti.ro,,comuna,joomla,yes,no,,,no,no,feed nu raspunde
VASLUI,COSTESTI,http://www.comunacostestivs.ro,,comuna,unknown,no,no,,,no,no,site mort
VASLUI,BACANI,https://www.comunabacani.ro,,comuna,other,yes,no,,,no,no,feed nu raspunde
VASLUI,FRUNTISENI,http://fruntiseni.blogspot.com,https://fruntiseni.blogspot.com/feeds/posts/default,comuna,other,yes,yes,25,2024-09-11,no,no,
VASLUI,DIMITRIE CANTEMIR,https://primariadimitriecantemir.ro,https://primariadimitriecantemir.ro/feed/,comuna,wordpress,yes,yes,4,2026-09-03,yes,yes,
TULCEA,CARCALIU,https://www.primariacarcaliu.ro,https://primariacarcaliu.ro/feed/,comuna,wordpress,yes,yes,10,2026-08-28,yes,yes,
VASLUI,IANA,https://www.primariaiana.ro,,comuna,joomla,yes,no,,,no,no,feed nu raspunde
VASLUI,EPURENI,https://www.primariaepureni.ro,https://www.primariaepureni.ro/?format=feed&type=rss,comuna,joomla,yes,yes,5,2026-08-06,yes,yes,
VASLUI,BOGDANA,https://www.comuna-bogdana-vaslui.ro,,comuna,e-adm,yes,no,,,no,no,feed nu raspunde
VASLUI,HOCENI,https://www.comunahoceni.ro,,comuna,joomla,yes,no,,,no,no,feed nu raspunde
VASLUI,BUNESTI-AVERESTI,https://www.averesti.ro,https://averesti.ro/feed/,comuna,wordpress,yes,yes,4,2026-08-30,yes,yes,
VASLUI,FALCIU,https://www.primariafalciu.ro,https://www.primariafalciu.ro/feed/,comuna,wordpress,yes,yes,12,2026-09-03,yes,yes,
VASLUI,GHERGHESTI,http://www.comunagherghesti.ro,https://www.comunagherghesti.ro/feed/,comuna,wordpress,yes,yes,12,2026-09-02,yes,yes,
TULCEA,CASIMCEA,https://www.primariacasimcea.ro,https://primariacasimcea.ro/feed/,comuna,wordpress,yes,yes,12,2026-08-31,yes,yes,
VASLUI,COROIESTI,https://www.primariacoroiesti.ro,https://primariacoroiesti.ro/feed/,comuna,wordpress,yes,yes,2,2026-07-07,yes,no,
VASLUI,PADURENI,https://www.comuna-padureni.ro,,comuna,unknown,no,no,,,no,no,site mort
TULCEA,TOPOLOG,https://primariatopolog.ro,,comuna,other,yes,no,,,no,no,feed nu raspunde
VASLUI,GAGESTI,https://www.primaria-gagesti-vaslui.ro,,comuna,other,yes,no,,,no,no,feed nu raspunde
VASLUI,OLTENESTI,https://www.primariaoltenesti.ro,https://www.primariaoltenesti.ro/index.php?format=feed&type=rss,comuna,joomla,yes,yes,3,2026-05-26,yes,no,
VASLUI,COZMESTI,https://www.primariacozmesti.ro,,comuna,other,yes,no,,,no,no,feed nu raspunde
VASLUI,PUIESTI,https://www.comuna-puiesti-vaslui.ro,,comuna,unknown,no,no,,,no,no,site mort
TULCEA,STEJARU,https://www.primaria-stejaru.ro,,comuna,unknown,yes,no,,,no,no,feed nu raspunde
VASLUI,BANCA,http://comunabanca.ro,,comuna,unknown,yes,no,,,no,no,feed nu raspunde
VASLUI,LIPOVAT,https://comuna-lipovat.ro,https://comuna-lipovat.ro/feed/,comuna,wordpress,yes,yes,10,2026-08-12,yes,yes,
VASLUI,LAZA,http://www.primarialazavs.ro,https://primarialazavs.ro/feed/,comuna,wordpress,yes,yes,0,,no,no,
VASLUI,ORAS NEGRESTI,https://www.negresti.ro,https://negresti.ro/feed/,oras,wordpress,yes,yes,10,2026-08-12,yes,yes,
VASLUI,OSESTI,https://www.comunaosesti.ro,https://www.comunaosesti.ro/feed/,comuna,wordpress,yes,yes,12,2026-01-08,yes,no,
VASLUI,MUNICIPIUL VASLUI,https://www.primariavs.ro,,municipiu,unknown,yes,no,,,no,no,feed nu raspunde
TULCEA,VALEA TEILOR,https://www.primaria-valea-teilor.ro,,comuna,unknown,yes,no,,,no,no,feed nu raspunde
VASLUI,DELENI,https://www.delenivaslui.ro,https://www.delenivaslui.ro/?format=feed&type=rss,comuna,joomla,yes,yes,5,2026-06-29,yes,no,
VASLUI,IBANESTI,http://ibanesti.3x.ro,,comuna,other,yes,no,,,no,no,feed nu raspunde
VASLUI,PUSCASI,https://primariapuscasi.ro,https://primariapuscasi.ro/feed/,comuna,wordpress,yes,yes,10,2026-09-01,yes,yes,
VASLUI,POIENESTI,https://comuna-poienesti.ro,https://www.comuna-poienesti.ro/feed/,comuna,wordpress,yes,yes,12,2026-08-31,yes,yes,
VASLUI,DODESTI,https://www.comunadodesti.ro,https://www.comunadodesti.ro/index.php?format=feed&type=rss,comuna,joomla,yes,yes,4,2026-08-27,yes,yes,
VASLUI,POGANA,http://www.comunapogana.ro,http://www.comunapogana.ro/?feed=rss2,comuna,wordpress,yes,yes,1,2014-02-15,no,no,
VASLUI,SOLESTI,https://comuna-solesti.ro,https://comuna-solesti.ro/feed/,comuna,wordpress,yes,yes,3,2026-08-31,yes,yes,
VASLUI,LUNCA BANULUI,https://www.primarialuncabanului.ro,,comuna,other,yes,no,,,no,no,feed nu raspunde
VASLUI,MUNTENII DE SUS,https://munteniidesus.ro,https://munteniidesus.ro/feed/,comuna,wordpress,yes,yes,7,2024-10-28,no,no,
VASLUI,POCHIDIA,http://www.pochidia.ro,https://pochidia.ro/feed/,comuna,wordpress,yes,yes,0,,no,no,
VASLUI,MUNTENII DE JOS,https://www.munteniidejos.ro,https://primariamdj.ro/feed/,comuna,wordpress,yes,yes,10,2026-07-17,yes,no,
VASLUI,PUNGESTI,http://www.pungesti.ro,,comuna,joomla,yes,no,,,no,no,feed nu raspunde
VASLUI,TODIRESTI,https://comuna-todiresti.ro,,comuna,joomla,yes,no,,,no,no,feed nu raspunde
VASLUI,GRIVITA,http://www.grivitavs.ro,https://grivitavs.ro/feed/,comuna,wordpress,yes,yes,0,,no,no,
VASLUI,TATARANI,https://comuna-tatarani.ro,https://comuna-tatarani.ro/index.php?format=feed&type=rss,comuna,joomla,yes,yes,3,2026-04-08,yes,no,
VASLUI,TANACU,https://primariatanacu.ro,,comuna,joomla,yes,no,,,no,no,feed nu raspunde
VASLUI,STANILESTI,https://www.primariastanilesti.ro,https://primariastanilesti.ro/feed/,comuna,wordpress,yes,yes,2,2026-08-03,yes,yes,
VASLUI,POGONESTI,http://www.pogonesti.ro,https://pogonesti.ro/index.php/feed/,comuna,wordpress,yes,yes,0,,no,no,
VASLUI,DUMESTI,https://www.primariadumesti.ro,https://www.primariadumesti.ro/feed/,comuna,wordpress,yes,yes,6,2025-08-06,no,no,
VASLUI,STEFAN CEL MARE,https://stefancelmarevaslui.ro,https://stefancelmarevaslui.ro/feed/,comuna,wordpress,yes,yes,6,2025-02-10,no,no,
VASLUI,SULETEA,https://www.suletea.ro,,comuna,unknown,no,no,,,no,no,site mort
VASLUI,VUTCANI,https://comunavutcani.ro,https://comunavutcani.ro/index.php?format=feed&type=rss,comuna,joomla,yes,yes,1,2012-09-11,no,no,
VALCEA,MUNICIPIUL RAMNICU VALCEA,http://www.primariavl.ro,,municipiu,joomla,yes,no,,,no,no,feed nu raspunde
VASLUI,VINDEREI,https://www.primariavinderei.ro,https://primariavinderei.ro/feed/,comuna,wordpress,yes,yes,4,2023-12-29,no,no,
VASLUI,TUTOVA,https://www.primariatutova.ro,https://primariatutova.ro/feed/,comuna,wordpress,yes,yes,4,2023-09-27,no,no,
VASLUI,ROSIESTI,https://www.primariarosiesti.ro,https://www.primariarosiesti.ro/index.php?format=feed&type=rss,comuna,joomla,yes,yes,5,2026-02-02,yes,no,
VASLUI,IVANESTI,https://www.comunaivanesti.ro,https://comunaivanesti.ro/feed/,comuna,wordpress,yes,yes,0,,no,no,
VASLUI,MALUSTENI,https://www.malusteni.ro,https://www.malusteni.ro/index.php?format=feed&type=rss,comuna,joomla,yes,yes,5,2026-08-17,yes,yes,
VASLUI,VULTURESTI,https://www.vulturesti-vaslui.ro,https://vulturesti-vaslui.ro/feed/,comuna,wordpress,yes,yes,3,2026-01-28,yes,no,
VASLUI,FERESTI,https://www.primariaferesti.ro,,comuna,joomla,yes,no,,,no,no,feed nu raspunde
VASLUI,RAFAILA,https://www.rafaila.ro,https://rafaila.ro/feed/,comuna,wordpress,yes,yes,2,2026-08-26,yes,yes,
VASLUI,ZAPODENI,https://www.primariazapodeni.ro,https://primariazapodeni.ro/feed/,comuna,wordpress,yes,yes,2,2026-08-04,yes,yes,
VALCEA,MUNICIPIUL DRAGASANI,http://www.primariadragasani.ro,,municipiu,e-adm,yes,no,,,no,no,feed nu raspunde
VASLUI,VALENI,https://www.comuna-valeni.ro,,comuna,other,yes,no,,,no,no,feed nu raspunde
VASLUI,IVESTI,http://www.comunaivesti.ro,https://comunaivesti.ro/feed/,comuna,wordpress,yes,yes,2,2026-09-01,yes,yes,
VASLUI,ZORLENI,http://www.zorleni.ro,http://www.zorleni.ro/?feed=rss2,comuna,wordpress,yes,yes,10,2026-09-03,yes,yes,
VALCEA,BERISLAVESTI,https://primariaberislavesti.ro,https://primariaberislavesti.ro/index.php?format=feed&type=rss,comuna,joomla,yes,yes,2,2024-04-18,no,no,
VASLUI,REBRICEA,https://www.comunarebricea.ro,,comuna,other,yes,no,,,no,no,feed nu raspunde
VASLUI,MUNICIPIUL HUSI,http://www.primariahusi.ro,https://www.primariahusi.ro/feed/,municipiu,wordpress,yes,yes,10,2026-08-31,yes,yes,
VALCEA,CRETENI,https://primaria-creteni.ro,https://primaria-creteni.ro/feed/,comuna,wordpress,yes,yes,0,,no,no,
VALCEA,CERNISOARA,http://www.primaria-cernisoara.ro,,comuna,other,yes,no,,,no,no,feed nu raspunde
VALCEA,COPACENI,https://primaria-copaceni.ro/contact,https://primaria-copaceni.ro/feed/,comuna,wordpress,yes,yes,0,,no,no,
VASLUI,MICLESTI,http://www.primariamiclesti.ro,https://primariamiclesti.ro/feed/,comuna,wordpress,yes,yes,10,2026-07-21,yes,no,
VASLUI,DRAGOMIRESTI,https://www.primariadragomirestivs.ro,https://primariadragomirestivs.ro/feed/,comuna,wordpress,yes,yes,7,2026-04-27,yes,no,
VALCEA,DICULESTI,http://www.comunadiculesti.ro,,comuna,joomla,yes,no,,,no,no,feed nu raspunde
VALCEA,ORAS HOREZU,http://www.orasul-horezu.ro/home,,oras,unknown,yes,no,,,no,no,feed nu raspunde
VASLUI,BEREZENI,https://www.primariaberezeni.ro,https://primariaberezeni.ro/feed/,comuna,wordpress,yes,yes,10,2026-03-06,yes,no,
VALCEA,COSTESTI,https://www.comuna-costesti.ro,https://comuna-costesti.ro/feed/,comuna,wordpress,yes,yes,10,2025-04-12,no,no,
VASLUI,VOINESTI,https://primariavoinesti.ro,https://www.primariavoinesti.ro/feed/,comuna,wordpress,yes,yes,10,2026-07-01,yes,no,
VALCEA,BUJORENI,https://primariabujoreni.ro,https://primariabujoreni.ro/feed/,comuna,wordpress,yes,yes,10,2026-09-02,yes,yes,
VALCEA,DAESTI,http://www.daesti.ro,,comuna,other,yes,no,,,no,no,feed nu raspunde
VALCEA,ORAS BERBESTI,http://primaria-berbesti.ro,https://primaria-berbesti.ro/feed/,oras,wordpress,yes,yes,10,2025-08-09,no,no,
VASLUI,VETRISOAIA,https://www.primariavetrisoaia.ro,https://primariavetrisoaia.ro/feed/,comuna,wordpress,yes,yes,10,2026-06-05,yes,no,
VALCEA,ORAS BALCESTI,https://balcesti.senap.ro,,oras,e-adm,yes,no,,,no,no,feed nu raspunde
VASLUI,TACUTA,https://primariatacuta.ro,https://primariatacuta.ro/feed/,comuna,wordpress,yes,yes,3,2026-04-03,yes,no,
VALCEA,ORAS BAILE GOVORA,https://www.primaria-baile-govora.ro,https://www.primaria-govora.ro/feed/,oras,wordpress,yes,yes,10,2026-08-28,yes,yes,
VALCEA,ORAS CALIMANESTI,https://www.primaria-calimanesti.ro,,oras,joomla,yes,no,,,no,no,feed nu raspunde
VALCEA,ORAS BABENI,http://orasbabeni.ro,https://www.orasbabeni.ro/feed/,oras,wordpress,yes,yes,0,,no,no,
VALCEA,LALOSU,https://N/A,,comuna,unknown,no,no,,,no,no,site mort
VALCEA,ORAS BAILE OLANESTI,http://www.primariabaileolanesti.ro,https://primariabaileolanesti.ro/feed/,oras,wordpress,yes,yes,20,2025-08-06,no,no,
VALCEA,DANICEI,https://primaria-danicei.ro,,comuna,wordpress,yes,no,,,no,no,feed nu raspunde
VALCEA,BOISOARA,http://primaria-boisoara.ro,,comuna,other,yes,no,,,no,no,feed nu raspunde
VALCEA,ORAS BREZOI,https://www.primariabrezoi.ro,,oras,joomla,yes,no,,,no,no,feed nu raspunde
VALCEA,BUNESTI,https://www.primaria-bunesti.ro,https://www.primaria-bunesti.ro/feed/,comuna,wordpress,yes,yes,1,2018-01-23,no,no,
VASLUI,PERIENI,https://www.primariaperieni.ro,https://primariaperieni.ro/feed/,comuna,wordpress,yes,yes,6,2026-03-10,yes,no,
VALCEA,FARTATESTI,http://comuna-fartatesti.ro,,comuna,unknown,yes,no,,,no,no,feed nu raspunde
VALCEA,GALICEA,https://primariagalicea-valcea.ro,,comuna,unknown,yes,no,,,no,no,feed nu raspunde
VALCEA,GHIOROIU,http://www.ghioroiu.ro,,comuna,unknown,yes,no,,,no,no,feed nu raspunde
VALCEA,GLAVILE,https://www.glavile.ro,,comuna,unknown,yes,no,,,no,no,feed nu raspunde
VALCEA,GOLESTI,http://www.comunagolesti.ro,,comuna,unknown,yes,no,,,no,no,feed nu raspunde
VALCEA,GUSOENI,http://www.gusoeni.ro,,comuna,unknown,yes,no,,,no,no,feed nu raspunde
VALCEA,MILCOIU,http://milcoiu.ro,,comuna,other,yes,no,,,no,no,feed nu raspunde
VALCEA,IONESTI,https://comunaionestivalcea.ro,,comuna,unknown,yes,no,,,no,no,feed nu raspunde
VALCEA,OTESANI,http://www.primariaotesani.ro,,comuna,unknown,no,no,,,no,no,site mort
VALCEA,LACUSTENI,https://lacusteni.ro,,comuna,unknown,yes,no,,,no,no,feed nu raspunde
VALCEA,CAINENI,https://comunacaineni.ro,,comuna,wordpress,yes,no,,,no,no,feed nu raspunde
VALCEA,MITROFANI,https://primariamitrofani.ro,https://primariamitrofani.ro/feed/,comuna,wordpress,yes,yes,1,2020-02-12,no,no,
VALCEA,LADESTI,https://primaria-ladesti.ro,,comuna,unknown,yes,no,,,no,no,feed nu raspunde
VALCEA,OLANU,https://N/A,,comuna,unknown,no,no,,,no,no,site mort
VALCEA,MUEREASCA,https://primaria-muereasca.ro,https://primaria-muereasca.ro/feed/,comuna,wordpress,yes,yes,0,,no,no,
VALCEA,AMARASTI,https://primariaamarasti.ro,https://www.primariaamarasti.ro/feed/,comuna,wordpress,yes,yes,0,,no,no,
VALCEA,BUDESTI,http://primaria-budesti.ro,,comuna,other,yes,no,,,no,no,feed nu raspunde
VALCEA,RUNCU,http://primariaruncu-vl.ro,,comuna,unknown,no,no,,,no,no,site mort
VALCEA,NICOLAE BALCESCU,http://nicolae-balcescu.ro,,comuna,other,yes,no,,,no,no,feed nu raspunde
VALCEA,SCUNDU,https://www.primariascundu.ro,,comuna,unknown,no,no,,,no,no,site mort
VALCEA,MACIUCA,https://www.primaria-maciuca.ro,,comuna,unknown,yes,no,,,no,no,feed nu raspunde
VALCEA,ROESTI,https://comunaroesti.ro,https://comunaroesti.ro/feed/,comuna,wordpress,yes,yes,0,,no,no,
VALCEA,LIVEZI,http://primarialivezivalcea.ro,,comuna,joomla,yes,no,,,no,no,feed nu raspunde
VALCEA,SALATRUCEL,http://www.salatrucel.ro,,comuna,other,yes,no,,,no,no,feed nu raspunde
VALCEA,PERISANI,http://www.perisani.ro,,comuna,other,yes,no,,,no,no,feed nu raspunde
VALCEA,MIHAESTI,https://www.primaria-mihaesti.ro,,comuna,wordpress,yes,no,,,no,no,feed nu raspunde
VALCEA,SIRINEASA,http://primariasirineasa.ro,https://primariasirineasa.ro/index.php?format=feed&type=rss,comuna,joomla,yes,yes,2,2015-11-24,no,no,
VALCEA,ROSIILE,https://primariarosiile.ro,https://www.primariarosiile.ro/feed/,comuna,wordpress,yes,yes,0,,no,no,
VALCEA,SINESTI,https://N/A,,comuna,unknown,no,no,,,no,no,site mort
VALCEA,STANESTI,https://N/A,,comuna,unknown,no,no,,,no,no,site mort
VALCEA,LUNGESTI,https://primaria-lungesti-vl.ro,https://primaria-lungesti-vl.ro/feed/,comuna,wordpress,yes,yes,10,2024-08-01,no,no,
VALCEA,ORAS OCNELE MARI,https://ocne.ro,,oras,unknown,yes,no,,,no,no,feed nu raspunde
VALCEA,STOILESTI,http://stoilesti.ro,,comuna,other,yes,no,,,no,no,feed nu raspunde
VALCEA,MADULARI,http://www.primaria-madulari.ro,,comuna,wordpress,yes,no,,,no,no,feed nu raspunde
VALCEA,TETOIU,http://www.primariatetoiu.ro,https://primariatetoiu.ro/feed/,comuna,wordpress,yes,yes,0,,no,no,
VALCEA,STROESTI,http://comunastroesti.ro,,comuna,joomla,yes,no,,,no,no,feed nu raspunde
VALCEA,RACOVITA,http://primaria-racovita.ro,,comuna,other,yes,no,,,no,no,feed nu raspunde
VALCEA,VAIDEENI,http://primaria-vaideeni.ro,,comuna,wordpress,yes,no,,,no,no,feed nu raspunde
VALCEA,SLATIOARA,http://www.comunaslatioara.ro,https://comunaslatioara.ro/feed/,comuna,wordpress,yes,yes,0,,no,no,
VALCEA,TITESTI,http://www.titesti.ro,,comuna,other,yes,no,,,no,no,feed nu raspunde
VALCEA,PESCEANA,http://primariapesceana-valcea.ro,https://primariapesceana-valcea.ro/index.php?format=feed&type=rss,comuna,joomla,yes,yes,2,2017-01-06,no,no,
VASLUI,VIISOARA,https://www.primariaviisoara.ro,,comuna,joomla,yes,no,,,no,no,feed nu raspunde
VALCEA,PRUNDENI,https://primariaprundeni.ro,https://www.primariaprundeni.ro/feed/,comuna,wordpress,yes,yes,0,,no,no,
VALCEA,ALUNU,https://www.alunu.ro,,comuna,unknown,yes,no,,,no,no,feed nu raspunde
VALCEA,STEFANESTI,https://primaria-stefanestivalcea.ro,https://primaria-stefanestivalcea.ro/feed/,comuna,wordpress,yes,yes,10,2026-09-04,yes,yes,
VALCEA,SUTESTI,https://primaria-sutesti-valcea.ro,https://www.primaria-sutesti-valcea.ro/feed/,comuna,wordpress,yes,yes,0,,no,no,
VALCEA,BARBATESTI,https://primariabarbatesti.ro/2018/primaria,,comuna,unknown,yes,no,,,no,no,feed nu raspunde
VALCEA,FRANCESTI,http://primariafrancesti-valcea.ro,,comuna,unknown,yes,no,,,no,no,feed nu raspunde
VALCEA,ORLESTI,http://primariaorlesti.ro,,comuna,unknown,yes,no,,,no,no,feed nu raspunde
VALCEA,STOENESTI,http://www.primaria-stoenesti.ro,https://www.primaria-stoenesti.ro/feed/,comuna,wordpress,yes,yes,1,2019-12-30,no,no,
VALCEA,LAPUSATA,http://www.primaria-lapusata.ro,https://primaria-lapusata.ro/feed/,comuna,wordpress,yes,yes,0,,no,no,
VALCEA,PAUSESTI,https://www.comunapausesti-otasau.ro,,comuna,unknown,yes,no,,,no,no,feed nu raspunde
VALCEA,DRAGOESTI,http://www.primariadragoesti-valcea.ro,,comuna,unknown,yes,no,,,no,no,feed nu raspunde
VALCEA,MALAIA,http://www.primaria-malaia.ro,,comuna,other,yes,no,,,no,no,feed nu raspunde
VRANCEA,CAMPURI,https://www.primariacimpurivn.ro,https://www.primariacimpurivn.ro/feed/,comuna,wordpress,yes,yes,10,2026-08-31,yes,yes,
VALCEA,MALDARESTI,http://www.primariamaldaresti.ro,https://www.primariamaldaresti.ro/feed/,comuna,wordpress,yes,yes,0,,no,no,
VALCEA,VALEA MARE,http://www.primariavaleamare-valcea.ro,,comuna,unknown,no,no,,,no,no,site mort
VRANCEA,CAMPINEANCA,https://www.campineanca.primarievn.ro,,comuna,e-adm,yes,no,,,no,no,feed nu raspunde
VRANCEA,BROSTENI,https://www.brosteni.primarievn.ro,,comuna,other,yes,no,,,no,no,feed nu raspunde
VALCEA,SUSANI,https://comuna-susani.ro,https://comuna-susani.ro/feed,comuna,wordpress,yes,yes,3,2026-07-01,yes,no,
VALCEA,VOINEASA,http://primariavoineasa.ro,https://primariavoineasa.ro/feed/,comuna,wordpress,yes,yes,10,2026-02-25,yes,no,
VRANCEA,CARLIGELE,https://www.primariacirligele.ro,,comuna,joomla,yes,no,,,no,no,feed nu raspunde
VRANCEA,CORBITA,http://www.primariacorbita.ro,,comuna,other,yes,no,,,no,no,feed nu raspunde
VRANCEA,BILIESTI,https://www.primariabiliesti.ro,,comuna,other,yes,no,,,no,no,feed nu raspunde
VRANCEA,MUNICIPIUL FOCSANI,https://www.focsani.info,https://www.focsani.info/rss,municipiu,e-adm,yes,yes,10,2026-09-02,yes,yes,
VRANCEA,ORAS MARASESTI,https://primariamarasesti.ro,https://primariamarasesti.ro/feed/,oras,wordpress,yes,yes,12,2026-09-02,yes,yes,
VRANCEA,CIORASTI,http://comunaciorasti.ro,https://comunaciorasti.ro/feed,comuna,wordpress,yes,yes,10,2026-09-03,yes,yes,
VRANCEA,CHIOJDENI,https://www.chiojdeni.primarievn.ro,,comuna,other,yes,no,,,no,no,feed nu raspunde
VALCEA,VOICESTI,https://voicesti.ro,,comuna,other,yes,no,,,no,no,feed nu raspunde
VRANCEA,GOLOGANU,https://www.primariagologanu.ro,https://www.primariagologanu.ro/feed/,comuna,drupal,yes,yes,5,2025-03-18,no,no,
VRANCEA,JITIA,http://jitia.infoprimarie.ro,,comuna,unknown,no,no,,,no,no,site mort
VALCEA,VLADESTI,https://www.vladesti-valcea.ro,,comuna,other,yes,no,,,no,no,feed nu raspunde
VALCEA,FAURESTI,https://comuna-fauresti.ro/primaria,https://comuna-fauresti.ro/feed,comuna,e-adm,yes,yes,9,2026-08-26,yes,yes,
VRANCEA,DUMBRAVENI,https://www.dumbraveni.primarievn.ro,,comuna,other,yes,no,,,no,no,feed nu raspunde
VRANCEA,FITIONESTI,https://www.fitionesti.ro,,comuna,other,yes,no,,,no,no,feed nu raspunde
VRANCEA,GAROAFA,https://www.garoafa.primarievn.ro,,comuna,other,yes,no,,,no,no,feed nu raspunde
VRANCEA,NARUJA,http://www.naruja.primarievn.ro,,comuna,unknown,no,no,,,no,no,site mort
VRANCEA,MAICANESTI,https://www.maicanesti.primarievn.ro,,comuna,other,yes,no,,,no,no,feed nu raspunde
VRANCEA,BOGHESTI,http://www.boghesti.ro,https://boghesti.ro/feed/,comuna,wordpress,yes,yes,10,2022-11-15,no,no,
VRANCEA,ANDREIASU DE JOS,https://www.andreiasu.primarievn.ro,,comuna,other,yes,no,,,no,no,feed nu raspunde
VRANCEA,DUMITRESTI,https://www.primaria-dumitresti.ro,https://www.primaria-dumitresti.ro/feed/,comuna,wordpress,yes,yes,10,2026-04-21,yes,no,
VRANCEA,BARSESTI,https://www.birsesti.primarievn.ro,,comuna,other,yes,no,,,no,no,feed nu raspunde
VRANCEA,GURA CALITEI,https://www.gura-calitei.primarievn.ro,,comuna,other,yes,no,,,no,no,feed nu raspunde
VALCEA,PAUSESTI-MAGLASI,http://www.primariapausesti-maglasi.ro,,comuna,e-adm,yes,no,,,no,no,feed nu raspunde
VRANCEA,PLOSCUTENI,http://primariaploscuteni.ro,,comuna,unknown,no,no,,,no,no,site mort
VALCEA,ZATRENI,https://primariazatreni.ro,,comuna,e-adm,yes,no,,,no,no,feed nu raspunde
VRANCEA,BORDESTI,http://www.comunabordesti.ro,https://www.comunabordesti.ro/feed,comuna,wordpress,yes,yes,10,2026-08-10,yes,yes,
VRANCEA,HOMOCEA,https://www.homocea.primarievn.ro,,comuna,other,yes,no,,,no,no,feed nu raspunde
VRANCEA,JARISTEA,https://primariajaristea.ro,,comuna,other,yes,no,,,no,no,feed nu raspunde
VRANCEA,MERA,https://www.mera.primarievn.ro,,comuna,other,yes,no,,,no,no,feed nu raspunde
VRANCEA,BALESTI,https://www.primariabalesti.ro,,comuna,other,yes,no,,,no,no,feed nu raspunde
VRANCEA,MILCOVUL,https://www.primariamilcovul.ro,https://www.primariamilcovul.ro/feed,comuna,drupal,yes,yes,8,2025-08-20,no,no,
VRANCEA,GOLESTI,https://comunagolesti-vrancea.ro,https://comunagolesti-vrancea.ro/?feed=rss2,comuna,wordpress,yes,yes,10,2025-01-15,no,no,
VRANCEA,MOVILITA,https://www.movilita.primarievn.ro,,comuna,other,yes,no,,,no,no,feed nu raspunde
VRANCEA,OBREJITA,http://obrejita.ro,https://obrejita.ro/?feed=rss2,comuna,wordpress,yes,no,,,no,no,feed nu raspunde
VRANCEA,NANESTI,https://www.primariananesti.ro,,comuna,other,yes,no,,,no,no,feed nu raspunde
VRANCEA,BOLOTESTI,https://www.bolotesti.primarievn.ro,,comuna,other,yes,no,,,no,no,feed nu raspunde
VRANCEA,NEREJU,https://www.primarianereju.ro,,comuna,other,yes,no,,,no,no,feed nu raspunde
VALCEA,MATEESTI,http://www.primaria-mateesti.ro,https://primaria-mateesti.ro/feed,comuna,wordpress,yes,yes,6,2025-02-17,no,no,
VRANCEA,PAULESTI,https://www.paulesti.primarievn.ro,,comuna,other,yes,no,,,no,no,feed nu raspunde
VRANCEA,GUGESTI,http://www.primariagugesti.ro,https://primariagugesti.ro/feed/,comuna,wordpress,yes,yes,10,2026-05-21,yes,no,
VRANCEA,TIFESTI,http://www.primariatifesti.ro,https://www.primariatifesti.ro/?feed=rss2,comuna,wordpress,yes,yes,1,2026-04-22,yes,no,
VRANCEA,SPULBER,https://www.spulber.primarievn.ro,,comuna,other,yes,no,,,no,no,feed nu raspunde
VRANCEA,PALTIN,https://www.primariapaltin.ro,,comuna,other,yes,no,,,no,no,feed nu raspunde
VRANCEA,SOVEJA,http://www.comunasoveja.ro,https://comunasoveja.ro/feed,comuna,wordpress,yes,yes,10,2026-09-01,yes,yes,
VRANCEA,TAMBOESTI,https://tamboesti.primarievn.ro,,comuna,other,yes,no,,,no,no,feed nu raspunde
VALCEA,GRADISTEA,http://www.primariagradisteavalcea.ro,https://primariagradisteavalcea.ro/feed/,comuna,wordpress,yes,yes,8,2023-10-27,no,no,
VRANCEA,URECHESTI,https://www.primariaurechesti.ro,https://www.primariaurechesti.ro/feed/,comuna,wordpress,yes,yes,0,,no,no,
VRANCEA,TATARANU,https://www.tataranu.primarievn.ro,,comuna,other,yes,no,,,no,no,feed nu raspunde
VRANCEA,STRAOANE,https://www.comunastraoane.ro,https://www.comunastraoane.ro/feed/,comuna,wordpress,yes,yes,10,2026-08-18,yes,yes,
VRANCEA,NISTORESTI,http://primarianistoresti.ro,https://www.primarianistoresti.ro/feed/,comuna,wordpress,yes,yes,0,,no,no,
VRANCEA,NEGRILESTI,https://www.primarianegrilesti.ro,,comuna,other,yes,no,,,no,no,feed nu raspunde
VRANCEA,RACOASA,https://www.primariaracoasa.ro,https://www.primariaracoasa.ro/feed/,comuna,drupal,yes,yes,9,2018-10-25,no,no,
VRANCEA,ORAS PANCIU,http://www.primaria-panciu.ro,,oras,wordpress,yes,no,,,no,no,feed nu raspunde
VRANCEA,VALEA SARII,http://primaria-valea-sarii.ro,,comuna,other,yes,no,,,no,no,feed nu raspunde
VRANCEA,SURAIA,https://www.suraia.primarievn.ro,,comuna,other,yes,no,,,no,no,feed nu raspunde
VRANCEA,ORAS ODOBESTI,https://www.primariaodobesti.ro,https://www.primariaodobesti.ro/rss/,oras,e-adm,yes,yes,58,,no,no,
VRANCEA,TULNICI,https://www.tulnici.primarievn.ro,,comuna,other,yes,no,,,no,no,feed nu raspunde
VRANCEA,VARTESCOIU,https://www.virtescoiu.ro,,comuna,other,yes,no,,,no,no,feed nu raspunde
VRANCEA,VINTILEASCA,https://www.vintileasca.primarievn.ro,,comuna,other,yes,no,,,no,no,feed nu raspunde
VRANCEA,VIDRA,http://www.primariavidravn.ro,https://www.primariavidravn.ro/feed/,comuna,wordpress,yes,yes,12,2026-09-04,yes,yes,
VRANCEA,POPESTI,https://www.primariapopestivn.ro,https://www.primariapopestivn.ro/feed/,comuna,drupal,yes,yes,0,,no,no,
VRANCEA,POIANA CRISTEI,https://www.primariapoianacristeivn.ro,https://www.primariapoianacristeivn.ro/feed/,comuna,drupal,yes,yes,1,2017-02-15,no,no,
VALCEA,PIETRARI,http://comunapietrari.ro,,comuna,wordpress,yes,no,,,no,no,feed nu raspunde
VRANCEA,PAUNESTI,http://www.paunesti.ro,https://www.paunesti.ro/feed/,comuna,wordpress,yes,yes,1,2023-09-20,no,no,
VRANCEA,VIZANTEA-LIVEZI,https://www.vizantealivezi.ro,https://www.vizantealivezi.ro/feed/,comuna,wordpress,yes,yes,10,2026-09-03,yes,yes,
VRANCEA,VANATORI,https://www.vinatori.primarievn.ro,https://vanatorivrancea.ro/feed/,comuna,wordpress,yes,yes,10,2026-08-24,yes,yes,
VRANCEA,REGHIU,https://www.reghiu.primarievn.ro,,comuna,other,yes,no,,,no,no,feed nu raspunde
VRANCEA,MUNICIPIUL ADJUD,https://www.adjud.ro,,municipiu,e-adm,yes,no,,,no,no,feed nu raspunde
VRANCEA,VULTURU,https://www.vulturu.primarievn.ro,https://www.primariavulturu.ro/feed/,comuna,wordpress,yes,yes,12,2026-09-02,yes,yes,
VRANCEA,RUGINESTI,https://www.ruginesti.ro,,comuna,unknown,yes,no,,,no,no,feed nu raspunde
VRANCEA,SLOBOZIA CIORASTI,http://www.primariasloboziaciorasti.ro,,comuna,unknown,yes,no,,,no,no,feed nu raspunde
VRANCEA,SLOBOZIA BRADULUI,https://www.slobozia-bradului.primarievrancea.ro,,comuna,unknown,yes,no,,,no,no,feed nu raspunde
VALCEA,POPESTI,http://www.comunapopesti.ro,,comuna,other,yes,no,,,no,no,feed nu raspunde
BUCURESTI,BUCURESTI SECTORUL 4,https://ps4.ro,https://ps4.ro/feed,comuna,wordpress,yes,yes,10,2026-09-04,yes,yes,
VRANCEA,SIHLEA,https://www.sihlea.primarievn.ro,,comuna,other,yes,no,,,no,no,feed nu raspunde
VALCEA,TOMSANI,https://comuna-tomsani.ro,,comuna,wordpress,yes,no,,,no,no,feed nu raspunde
BUCURESTI,BUCURESTI SECTORUL 6,https://www.primarie6.ro,https://www.primarie6.ro/rss.xml,comuna,wordpress,yes,yes,10,2026-09-03,yes,yes,
BUCURESTI,BUCURESTI,https://www.pmb.ro,,comuna,other,yes,no,,,no,no,feed nu raspunde
BUCURESTI,BUCURESTI SECTORUL 1,https://www.primariasector1.ro,,comuna,unknown,yes,no,,,no,no,feed nu raspunde
BUCURESTI,BUCURESTI SECTORUL 3,https://www.primarie3.ro,,comuna,unknown,yes,no,,,no,no,feed nu raspunde
VRANCEA,VRANCIOAIA,http://www.vrincioaia.ro,,comuna,unknown,yes,no,,,no,no,feed nu raspunde
BUCURESTI,BUCURESTI SECTORUL 5,http://www.sector5.ro,,comuna,unknown,yes,no,,,no,no,feed nu raspunde
VRANCEA,PUFESTI,https://www.primariapufesti.ro,https://primariapufesti.ro/feed/,comuna,wordpress,yes,yes,10,2026-08-31,yes,yes,
VRANCEA,TANASOAIA,http://www.primariatanasoaia.ro,https://primariatanasoaia.ro/feed/,comuna,wordpress,yes,yes,2,2024-07-11,no,no,
VRANCEA,COTESTI,https://www.primariacotesti.ro,,comuna,e-adm,yes,no,,,no,no,feed nu raspunde
VRANCEA,RASTOACA,https://www.rastoaca.primarievn.ro,,comuna,e-adm,yes,no,,,no,no,feed nu raspunde
BUCURESTI,BUCURESTI SECTORUL 2,https://www.ps2.ro,,comuna,joomla,yes,no,,,no,no,feed nu raspunde
