judet,localitate,url,dns_ok,http_status,final_url,https_ok,is_primarie,cms,rss_url,rss_ok,last_signal_date,copyright_year,error
ALBA,CIURULEASA,https://primariaciuruleasa.ro,yes,200,https://primariaciuruleasa.ro,,yes,wordpress,https://primariaciuruleasa.ro/index.php/feed/,yes,2026-07-27,,
ALBA,FARAU,https://www.primariafarau.ro,yes,200,https://www.primariafarau.ro,,yes,wordpress,https://www.primariafarau.ro/feed/,yes,2026-09-04,,
ALBA,GARBOVA,https://primaria-garbova.ro,yes,200,https://primaria-garbova.ro,,yes,wordpress,https://primaria-garbova.ro/feed/,yes,2026-08-24,,
ALBA,HOPARTA,https://www.primariahopirta.ro,yes,200,https://www.primariahopirta.ro,,yes,wordpress,https://www.primariahopirta.ro/feed/,yes,2026-09-03,,
ALBA,MIRASLAU,https://www.primariamiraslau.ro,yes,200,https://www.primariamiraslau.ro,,yes,wordpress,https://www.primariamiraslau.ro/feed/,yes,2026-09-04,,
ALBA,ORAS TEIUS,http://primariateius.ro,yes,200,http://primariateius.ro,,yes,wordpress,https://primariateius.ro/?feed=rss2,yes,2026-08-07,,
ALBA,ORAS OCNA MURES,https://www.primariaocnamures.ro,yes,200,https://www.primariaocnamures.ro,,yes,wordpress,https://www.primariaocnamures.ro/feed/,yes,2026-09-03,,
ALBA,JIDVEI,https://primariajidvei.ro,yes,200,https://primariajidvei.ro,,yes,wordpress,https://primariajidvei.ro/feed/,yes,2026-07-28,,
ALBA,NOSLAC,https://www.primarianoslac.ro,yes,200,https://www.primarianoslac.ro,,yes,wordpress,https://www.primarianoslac.ro/feed/,yes,2026-08-03,,
ALBA,MUNICIPIUL SEBES,https://www.primariasebes.ro,yes,200,https://www.primariasebes.ro,,yes,wordpress,https://www.primariasebes.ro/feed/,yes,2026-09-02,,
ALBA,METES,https://www.primariametes.ro,yes,200,https://www.primariametes.ro,,yes,wordpress,https://www.primariametes.ro/feed/,yes,2026-08-13,,
ALBA,LUPSA,https://www.primarialupsa.ro,yes,200,https://www.primarialupsa.ro,,yes,wordpress,https://primarialupsa.ro/feed/,yes,2026-06-22,,
ALBA,CETATEA DE BALTA,https://cetateadebalta.ro,yes,200,https://cetateadebalta.ro,,yes,wordpress,https://cetateadebalta.ro/feed/,yes,2026-08-06,,
ALBA,GALDA DE JOS,https://galda.ro,yes,200,https://galda.ro,,yes,wordpress,https://galda.ro/feed/,yes,2026-08-14,,
ALBA,ORAS ZLATNA,http://www.primaria-zlatna.ro/nou,yes,200,http://www.primaria-zlatna.ro/nou,,yes,wordpress,https://primaria-zlatna.ro/feed/,yes,2026-09-04,,
ALBA,CENADE,http://www.primariacenade.ro,yes,200,http://www.primariacenade.ro,,yes,wordpress,https://comunacenade.ro/feed/,yes,2026-09-01,,
ALBA,POIANA VADULUI,https://poianavadului.ro,yes,200,https://poianavadului.ro,,yes,wordpress,https://poianavadului.ro/feed/,yes,2026-04-29,,
ALBA,SALCIUA,https://comunasalciua.ro,yes,200,https://comunasalciua.ro,,yes,wordpress,https://comunasalciua.ro/feed/,yes,2026-08-26,,
ALBA,OCOLIS,https://ocolis-ab.ro,yes,200,https://ocolis-ab.ro,,yes,wordpress,https://ocolis-ab.ro/feed/,yes,2026-07-14,,
ARAD,APATEU,http://www.apateu.ro,yes,200,http://www.apateu.ro,,yes,wordpress,https://www.apateu.ro/feed/,yes,2026-07-07,,
ARAD,ORAS PANCOTA,https://primariapancota.ro,yes,200,https://primariapancota.ro,,yes,wordpress,https://primariapancota.ro/feed/,yes,2026-08-21,,
ARAD,BARSA,http://www.comunabirsa.ro,yes,200,http://www.comunabirsa.ro,,yes,wordpress,https://www.comunabirsa.ro/feed/,yes,2026-07-14,,
ARAD,ORAS NADLAC,http://primaria-nadlac.ro,yes,200,http://primaria-nadlac.ro,,yes,wordpress,https://primaria-nadlac.ro/feed/,yes,2026-09-03,,
ALBA,SONA,https://comunasona.ro,yes,200,https://comunasona.ro,,yes,wordpress,https://comunasona.ro/feed/,yes,2026-04-28,,
ARAD,ORAS INEU,http://primariaineu.ro,yes,200,http://primariaineu.ro,,yes,wordpress,https://primariaineu.ro/feed/,yes,2026-09-04,,
ARAD,ORAS CURTICI,https://primariacurtici.ro,yes,200,https://primariacurtici.ro,,yes,wordpress,https://primariacurtici.ro/feed/,yes,2026-08-31,,
ALBA,RAMETEA,https://www.primariarimetea.ro,yes,200,https://www.primariarimetea.ro,,yes,wordpress,https://primariarimetea.ro/feed/,yes,2026-07-01,,
ALBA,SUGAG,https://primariasugag.ro,yes,200,https://primariasugag.ro,,yes,wordpress,https://primariasugag.ro/feed/,yes,2026-08-06,,
ALBA,VADU MOTILOR,https://vadumotilor.ro,yes,200,https://vadumotilor.ro,,yes,wordpress,https://vadu-motilor.ro/feed/,yes,2026-09-01,,
ARAD,CERMEI,http://comuna-cermei.ro,yes,200,http://comuna-cermei.ro,,yes,wordpress,https://comuna-cermei.ro/feed/,yes,2026-09-03,,
ARAD,ORAS PECICA,https://www.pecica.ro,yes,200,https://www.pecica.ro,,yes,wordpress,https://www.pecica.ro/feed/,yes,2026-09-04,,
ALBA,STREMT,https://www.primariastremt.ro,yes,200,https://www.primariastremt.ro,,yes,wordpress,https://primariastremt.ro/feed/,yes,2026-08-19,,
ALBA,VALEA LUNGA,https://comunavalealunga.ro,yes,200,https://comunavalealunga.ro,,yes,wordpress,https://comunavalealunga.ro/feed/,yes,2026-07-27,,
ARAD,CARAND,http://comuna-carand.ro,yes,200,http://comuna-carand.ro,,yes,wordpress,https://comuna-carand.ro/feed/,yes,2026-08-10,,
ARAD,ORAS SEBIS,http://primariasebis.ro,yes,200,http://primariasebis.ro,,yes,wordpress,https://primariasebis.ro/feed/,yes,2026-06-03,,
ARAD,IRATOSU,https://iratosu.ro,yes,200,https://iratosu.ro,,yes,wordpress,https://iratosu.ro/feed/,yes,2026-08-26,,
ARAD,IGNESTI,https://primariaignesti.ro,yes,200,https://primariaignesti.ro,,yes,wordpress,https://primariaignesti.ro/feed/,yes,2026-09-02,,
ALBA,SALISTEA,https://comuna-salistea.ro,yes,200,https://comuna-salistea.ro,,yes,wordpress,https://comuna-salistea.ro/feed/,yes,2026-06-11,,
ARAD,FELNAC,http://primaria-felnac.ro,yes,200,http://primaria-felnac.ro,,yes,wordpress,https://primaria-felnac.ro/feed/,yes,2026-08-25,,
ARAD,SELEUS,https://comuna-seleus.ro,yes,200,https://comuna-seleus.ro,,yes,wordpress,https://comuna-seleus.ro/feed/,yes,2026-08-31,,
ARAD,PILU,http://www.comunapilu.ro,yes,200,http://www.comunapilu.ro,,yes,wordpress,https://comunapilu.ro/feed/,yes,2026-08-26,,
ARAD,SEMLAC,https://www.semlac.ro,yes,200,https://www.semlac.ro,,yes,wordpress,https://www.semlac.ro/feed/,yes,2026-01-15,,
ALBA,DOSTAT,https://comuna-dostat.ro,yes,200,https://comuna-dostat.ro,,yes,wordpress,https://comuna-dostat.ro/feed/,yes,2026-07-06,,
ARGES,ORAS COSTESTI,https://primariacostestiag.ro,yes,200,https://primariacostestiag.ro,,yes,wordpress,https://primariacostestiag.ro/feed,yes,2026-08-31,,
ARAD,ZARAND,https://primariazarand.ro,yes,200,https://primariazarand.ro,,yes,wordpress,https://primariazarand.ro/feed/,yes,2026-07-28,,
ARGES,ORAS STEFANESTI,https://www.stefanesti-arges.ro,yes,200,https://www.stefanesti-arges.ro,,yes,wordpress,https://stefanesti-arges.ro/feed/,yes,2026-07-21,,
ARGES,BOTENI,https://comunaboteni.ro,yes,200,https://comunaboteni.ro,,yes,wordpress,https://comunaboteni.ro/feed/,yes,2026-06-03,,
ARGES,CORBI,http://www.primariacorbi.com,yes,200,http://www.primariacorbi.com,,yes,wordpress,https://www.primariacorbi.com/?feed=rss2,yes,2026-08-11,,
ARGES,HARSESTI,https://www.comunaharsesti.ro,yes,200,https://www.comunaharsesti.ro,,yes,wordpress,https://www.comunaharsesti.ro/feed/,yes,2026-01-26,,
ARAD,BOCSIG,http://www.bocsig.ro,yes,200,http://www.bocsig.ro,,yes,wordpress,https://bocsig.ro/feed/,yes,2026-09-04,,
ARGES,MARACINENI,https://www.comunamaracineni.ro,yes,200,https://www.comunamaracineni.ro,,yes,wordpress,https://www.comunamaracineni.ro/feed/,yes,2026-08-12,,
ARGES,MICESTI,https://www.comunamicesti.ro,yes,200,https://www.comunamicesti.ro,,yes,wordpress,https://comunamicesti.ro/feed,yes,2026-09-03,,
ARGES,OARJA,http://oarjaprimarie.ro,yes,200,http://oarjaprimarie.ro,,yes,wordpress,https://oarjaprimarie.ro/feed/,yes,2026-06-10,,
ARGES,PRIBOIENI,http://www.priboieni.ro/ag,yes,200,http://www.priboieni.ro/ag,,yes,wordpress,https://www.priboieni.ro/feed/,yes,2026-06-25,,
ARGES,POIENARII DE MUSCEL,http://www.poienariidemuscel.ro,yes,200,http://www.poienariidemuscel.ro,,yes,wordpress,https://poienariidemuscel.ro/feed/,yes,2026-07-02,,
ARGES,PIETROSANI,https://www.primariacomuneipietrosani.ro,yes,200,https://www.primariacomuneipietrosani.ro,,yes,wordpress,https://www.primariacomuneipietrosani.ro/feed/,yes,2026-06-16,,
ARGES,STEFAN CEL MARE,https://www.comunastefancelmare.ro,yes,200,https://www.comunastefancelmare.ro,,yes,wordpress,https://www.comunastefancelmare.ro/feed,yes,2026-08-28,,
ARGES,VALEA DANULUI,https://valeadanului.ro,yes,200,https://valeadanului.ro,,yes,wordpress,https://valeadanului.ro/feed/,yes,2026-09-01,,
ARGES,VALEA IASULUI,https://www.comunavaleaiasului.ro,yes,200,https://www.comunavaleaiasului.ro,,yes,wordpress,https://comunavaleaiasului.ro/feed/,yes,2026-08-25,,
ARGES,STOENESTI,https://primariastoenestiag.ro,yes,200,https://primariastoenestiag.ro,,yes,wordpress,https://primariastoenestiag.ro/feed/,yes,2026-08-27,,
BACAU,MUNICIPIUL BACAU,https://municipiulbacau.ro,yes,200,https://municipiulbacau.ro,,yes,wordpress,https://municipiulbacau.ro/feed/,yes,2026-09-03,,
BACAU,AGAS,http://primaria-agas.ro,yes,200,http://primaria-agas.ro,,yes,wordpress,https://primaria-agas.ro/feed/,yes,2026-09-03,,
BACAU,ORAS DARMANESTI,https://orasuldarmanesti.ro,yes,200,https://orasuldarmanesti.ro,,yes,other,https://orasuldarmanesti.ro/feed/,yes,2026-09-03,,
BACAU,ORAS BUHUSI,https://www.primariabuhusi.ro,yes,200,https://www.primariabuhusi.ro,,yes,wordpress,https://primariabuhusi.ro/feed/,yes,2026-09-04,,
BACAU,BERZUNTI,http://comunaberzunti.ro,yes,200,http://comunaberzunti.ro,,yes,other,https://comunaberzunti.ro/feed/,yes,2026-09-03,,
BACAU,ARDEOANI,https://comunaardeoani.ro,yes,200,https://comunaardeoani.ro,,yes,wordpress,https://comunaardeoani.ro/feed/,yes,2026-08-03,,
BACAU,BUHOCI,https://comunabuhoci.ro,yes,200,https://comunabuhoci.ro,,yes,wordpress,https://comunabuhoci.ro/feed/,yes,2026-09-01,,
ARGES,STALPENI,https://stalpeni.ro,yes,200,https://stalpeni.ro,,yes,wordpress,https://stalpeni.ro/feed/,yes,2026-05-11,,
BACAU,ORAS TARGU OCNA,https://orasul-targuocna.ro,yes,200,https://orasul-targuocna.ro,,yes,wordpress,https://www.orasul-targuocna.ro/feed/,yes,2026-08-28,,
BACAU,BARSANESTI,https://comunabirsanesti.ro,yes,200,https://comunabirsanesti.ro,,yes,wordpress,https://comunabirsanesti.ro/feed/,yes,2026-09-01,,
BACAU,BOGDANESTI,https://www.primariabogdanestibacau.ro,yes,200,https://www.primariabogdanestibacau.ro,,yes,other,https://www.primariabogdanestibacau.ro/feed/,yes,2026-08-20,,
BACAU,CORBASCA,https://www.primariacorbasca.ro,yes,200,https://www.primariacorbasca.ro,,yes,wordpress,https://www.primariacorbasca.ro/feed/,yes,2026-02-02,,
BACAU,GARLENI,https://primariagarleni.ro,yes,200,https://primariagarleni.ro,,yes,wordpress,https://primariagarleni.ro/feed/,yes,2026-09-03,,
BACAU,CASIN,https://comunacasin.ro,yes,200,https://comunacasin.ro,,yes,wordpress,https://comunacasin.ro/feed/,yes,2026-08-19,,
BACAU,COLONESTI,https://primaria-colonesti.ro,yes,200,https://primaria-colonesti.ro,,yes,other,https://primaria-colonesti.ro/feed/,yes,2026-09-03,,
BACAU,FILIPENI,https://www.primariafilipeni.ro,yes,200,https://www.primariafilipeni.ro,,yes,wordpress,https://www.primariafilipeni.ro/feed/,yes,2026-08-24,,
BACAU,CLEJA,https://www.primariacleja.ro,yes,200,https://www.primariacleja.ro,,yes,other,https://primariacleja.ro/feed/,yes,2026-08-25,,
BACAU,GAICEANA,https://comunagaiceana.ro,yes,200,https://comunagaiceana.ro,,yes,wordpress,https://comunagaiceana.ro/feed/,yes,2026-09-02,,
BACAU,GURA VAII,https://uatcomunaguravaii.ro,yes,200,https://uatcomunaguravaii.ro,,yes,wordpress,https://uatcomunaguravaii.ro/feed/,yes,2026-01-27,,
BACAU,DEALU MORII,http://www.dealumorii.ro,yes,200,http://www.dealumorii.ro,,yes,wordpress,https://dealumorii.ro/feed/,yes,2026-09-04,,
BACAU,FILIPESTI,https://www.primaria-filipesti.ro,yes,200,https://www.primaria-filipesti.ro,,yes,other,https://primaria-filipesti.ro/feed/,yes,2026-09-01,,
BACAU,LETEA VECHE,https://primarialeteaveche.ro,yes,200,https://primarialeteaveche.ro,,yes,other,https://primarialeteaveche.ro/feed/,yes,2026-08-31,,
BACAU,HURUIESTI,http://huruiesti.ro,yes,200,http://huruiesti.ro,,yes,other,https://huruiesti.ro/feed/,yes,2026-08-28,,
BACAU,GIOSENI,https://comunagioseni.ro,yes,200,https://comunagioseni.ro,,yes,wordpress,https://comunagioseni.ro/feed/,yes,2026-08-27,,
BACAU,FARAOANI,http://www.comunafaraoani.ro,yes,200,http://www.comunafaraoani.ro,,yes,wordpress,https://comunafaraoani.ro/feed/,yes,2026-09-01,,
BACAU,HEMEIUS,https://www.primariahemeius.ro,yes,200,https://www.primariahemeius.ro,,yes,wordpress,https://primariahemeius.ro/feed/,yes,2026-09-02,,
BACAU,GLAVANESTI,https://glavanesti.ro,yes,200,https://glavanesti.ro,,yes,wordpress,https://glavanesti.ro/feed/,yes,2026-08-27,,
BACAU,MANASTIREA CASIN,https://www.manastireacasin.ro,yes,200,https://www.manastireacasin.ro,,yes,wordpress,https://manastireacasin.ro/feed/,yes,2026-09-03,,
BACAU,LIPOVA,https://www.comunalipova.ro,yes,200,https://www.comunalipova.ro,,yes,wordpress,https://www.comunalipova.ro/feed/,yes,2026-08-24,,
BACAU,MAGURA,http://www.primaria-magura.ro,yes,200,http://www.primaria-magura.ro,,yes,e-adm,https://primaria-magura.ro/feed/,yes,2026-09-04,,
BACAU,LIVEZI,https://comunalivezi.ro,yes,200,https://comunalivezi.ro,,yes,wordpress,https://comunalivezi.ro/feed/,yes,2026-09-04,,
BACAU,MOTOSENI,http://www.comunamotoseni.ro,yes,200,http://www.comunamotoseni.ro,,yes,wordpress,https://www.comunamotoseni.ro/feed/,yes,2026-07-23,,
BACAU,MARGINENI,https://primaria-margineni.ro,yes,200,https://primaria-margineni.ro,,yes,wordpress,https://primaria-margineni.ro/feed/,yes,2026-09-04,,
ARAD,DOROBANTI,https://comuna-dorobanti.ro/ro/bine-ati-venit,yes,200,https://comuna-dorobanti.ro/ro/bine-ati-venit,,yes,wordpress,https://comuna-dorobanti.ro/ro/feed/,yes,2026-08-11,,
BACAU,LUIZI-CALUGARA,https://www.comunaluizicalugara.ro,yes,200,https://www.comunaluizicalugara.ro,,yes,other,https://comunaluizicalugara.ro/feed/,yes,2026-09-03,,
BACAU,PARINCEA,https://www.parincea.ro,yes,200,https://www.parincea.ro,,yes,wordpress,https://www.parincea.ro/feed/,yes,2026-04-20,,
BACAU,PARGARESTI,https://comunapargaresti.ro,yes,200,https://comunapargaresti.ro,,yes,e-adm,https://comunapargaresti.ro/feed/,yes,2026-09-02,,
BACAU,NICOLAE BALCESCU,https://www.primaria-nicolae-balcescu.ro,yes,200,https://www.primaria-nicolae-balcescu.ro,,yes,other,https://primaria-nicolae-balcescu.ro/feed/,yes,2026-08-31,,
BACAU,PARJOL,https://primaria-pirjol.ro,yes,200,https://primaria-pirjol.ro,,yes,wordpress,https://primaria-pirjol.ro/feed/,yes,2026-09-03,,
BACAU,PODURI,http://www.primariapoduri.ro,yes,200,http://www.primariapoduri.ro,,yes,other,https://primariapoduri.ro/feed/,yes,2026-09-01,,
BACAU,PALANCA,http://comunapalanca.ro,yes,200,http://comunapalanca.ro,,yes,wordpress,https://comunapalanca.ro/feed/,yes,2026-08-06,,
BACAU,PARAVA,http://www.primariaparava.ro,yes,200,http://www.primariaparava.ro,,yes,wordpress,https://primariaparava.ro/feed/,yes,2026-08-17,,
BACAU,ONCESTI,https://comunaoncesti.ro,yes,200,https://comunaoncesti.ro,,yes,wordpress,https://comunaoncesti.ro/feed/,yes,2026-09-04,,
BACAU,OITUZ,https://primariaoituz.ro,yes,200,https://primariaoituz.ro,,yes,wordpress,https://primariaoituz.ro/feed/,yes,2026-09-03,,
BACAU,STEFAN CEL MARE,https://www.comunastefancelmare.ro,yes,200,https://www.comunastefancelmare.ro,,yes,wordpress,https://www.comunastefancelmare.ro/feed,yes,2026-08-28,,
BACAU,MAGIRESTI,https://magiresti.ro,yes,200,https://magiresti.ro,,yes,wordpress,https://magiresti.ro/feed/,yes,2026-08-10,,
BACAU,RACHITOASA,http://www.primariarachitoasa.ro,yes,200,http://www.primariarachitoasa.ro,,yes,wordpress,https://www.primariarachitoasa.ro/feed/,yes,2026-08-18,,
BACAU,STRUGARI,http://www.primariastrugari.ro,yes,200,http://www.primariastrugari.ro,,yes,wordpress,https://primariastrugari.ro/feed/,yes,2026-07-09,,
BACAU,SAUCESTI,https://www.primariasaucesti.ro,yes,200,https://www.primariasaucesti.ro,,yes,other,https://primariasaucesti.ro/feed/,yes,2026-07-03,,
BACAU,RACOVA,http://primariaracova.ro,yes,200,http://primariaracova.ro,,yes,wordpress,https://primariaracova.ro/feed/,yes,2026-07-27,,
BACAU,SARATA,https://www.comuna-sarata.ro,yes,200,https://www.comuna-sarata.ro,,yes,e-adm,https://comuna-sarata.ro/feed/,yes,2026-09-04,,
BACAU,SANDULENI,https://www.primariasanduleni.ro,yes,200,https://www.primariasanduleni.ro,,yes,other,https://primariasanduleni.ro/feed/,yes,2026-09-04,,
BACAU,SOLONT,https://www.comunasolont.ro,yes,200,https://www.comunasolont.ro,,yes,other,https://comunasolont.ro/feed/,yes,2026-08-31,,
BACAU,PANCESTI,http://www.comunapincesti.ro,yes,200,http://www.comunapincesti.ro,,yes,other,https://comunapincesti.ro/feed/,yes,2026-08-28,,
BACAU,TRAIAN,http://www.primariatraianbacau.ro,yes,200,http://www.primariatraianbacau.ro,,yes,other,https://primariatraianbacau.ro/feed/,yes,2026-08-07,,
BACAU,URECHESTI,https://primaria-urechesti.ro,yes,200,https://primaria-urechesti.ro,,yes,wordpress,https://primaria-urechesti.ro/feed/,yes,2026-08-19,,
BACAU,COTOFANESTI,https://comunacotofanesti.ro,yes,200,https://comunacotofanesti.ro,,yes,other,https://comunacotofanesti.ro/feed/,yes,2026-08-12,,
BACAU,TAMASI,https://www.comunatamasi.ro,yes,200,https://www.comunatamasi.ro,,yes,wordpress,https://comunatamasi.ro/feed/,yes,2026-09-02,,
BACAU,HELEGIU,https://helegiu.ro,yes,200,https://helegiu.ro,,yes,wordpress,https://helegiu.ro/feed/,yes,2026-09-04,,
BIHOR,MUNICIPIUL MARGHITA,https://marghita.ro,yes,200,https://marghita.ro,,yes,wordpress,https://marghita.ro/feed/,yes,2026-09-01,,
BIHOR,ASTILEU,http://www.primaria-astileu.ro,yes,200,http://www.primaria-astileu.ro,,yes,wordpress,https://www.primaria-astileu.ro/feed/,yes,2026-07-29,,
BIHOR,BORS,https://primariabors.ro,yes,200,https://primariabors.ro,,yes,wordpress,https://primariabors.ro/feed/,yes,2026-03-19,,
BIHOR,MUNICIPIUL SALONTA,https://salonta.net,yes,200,https://salonta.net,,yes,wordpress,https://salonta.net/ro/feed/,yes,2026-08-31,,
BACAU,VALEA SEACA,https://primaria-valeaseaca.ro,yes,200,https://primaria-valeaseaca.ro,,yes,wordpress,https://primaria-valeaseaca.ro/feed/,yes,2026-07-17,,
BACAU,SCORTENI,https://comunascorteni.ro,yes,200,https://comunascorteni.ro,,yes,wordpress,https://comunascorteni.ro/feed/,yes,2026-09-02,,
BACAU,TARGU TROTUS,http://www.primariatgtrotus.ro,yes,200,http://www.primariatgtrotus.ro,,yes,wordpress,https://primariatgtrotus.ro/feed/,yes,2026-07-31,,
BIHOR,BRATCA,https://www.primaria-bratca.ro,yes,200,https://www.primaria-bratca.ro,,yes,wordpress,https://www.primaria-bratca.ro/feed/,yes,2026-09-02,,
BIHOR,AVRAM IANCU,http://www.primaria-avram-iancu.ro,yes,200,http://www.primaria-avram-iancu.ro,,yes,wordpress,https://primaria-avram-iancu.ro/feed/,yes,2026-07-21,,
BIHOR,ORAS STEI,https://www.primariastei.ro,yes,200,https://www.primariastei.ro,,yes,drupal,https://primariastei.ro/rss.xml,yes,2026-09-04,,
BIHOR,BALC,https://comunabalc.ro,yes,200,https://comunabalc.ro,,yes,wordpress,https://comunabalc.ro/feed/,yes,2026-09-04,,
BACAU,TATARASTI,http://www.comunatatarasti.ro,yes,200,http://www.comunatatarasti.ro,,yes,e-adm,https://comunatatarasti.ro/feed/,yes,2026-08-27,,
BIHOR,SALACEA,https://www.salacea.ro,yes,200,https://www.salacea.ro,,yes,wordpress,https://salacea.ro/feed/,yes,2026-08-28,,
BIHOR,SANMARTIN,https://sanmartin.ro,yes,200,https://sanmartin.ro,,yes,wordpress,https://sanmartin.ro/feed/,yes,2026-06-25,,
BISTRITA-NASAUD,BRANISTEA,http://branisteabn.ro,yes,200,http://branisteabn.ro,,yes,wordpress,https://branisteabn.ro/feed/,yes,2026-07-24,,
BIHOR,SOIMI,http://www.comunasoimi.ro,yes,200,http://www.comunasoimi.ro,,yes,wordpress,https://www.comunasoimi.ro/?feed=rss2,yes,2026-04-23,,
BISTRITA-NASAUD,MUNICIPIUL BISTRITA,https://www.primariabistrita.ro,yes,200,https://www.primariabistrita.ro,,yes,wordpress,https://primariabistrita.ro/feed/,yes,2026-09-03,,
BIHOR,MAGESTI,https://www.primariamagesti.ro,yes,200,https://www.primariamagesti.ro,,yes,wordpress,https://primariamagesti.ro/feed/,yes,2026-08-05,,
BISTRITA-NASAUD,CHIUZA,https://chiuza.ro,yes,200,https://chiuza.ro,,yes,wordpress,https://chiuza.ro/feed/,yes,2026-08-25,,
BISTRITA-NASAUD,ORAS BECLEAN,http://primariabeclean.ro/web,yes,200,http://primariabeclean.ro/web,,yes,wordpress,https://primariabeclean.ro/web/feed/,yes,2026-09-04,,
BISTRITA-NASAUD,COSBUC,https://primariacosbuc.ro,yes,200,https://primariacosbuc.ro,,yes,wordpress,https://primariacosbuc.ro/feed/,yes,2026-02-18,,
BISTRITA-NASAUD,NEGRILESTI,http://www.primariacomuneinegrilesti.ro,yes,200,http://www.primariacomuneinegrilesti.ro,,yes,wordpress,https://www.primariacomuneinegrilesti.ro/feed/,yes,2026-06-25,,
BISTRITA-NASAUD,SALVA,https://primariasalva.ro,yes,200,https://primariasalva.ro,,yes,wordpress,https://primariasalva.ro/feed/,yes,2026-06-17,,
BISTRITA-NASAUD,PRUNDU BARGAULUI,http://www.prundubargaului.ro,yes,200,http://www.prundubargaului.ro,,yes,wordpress,https://www.prundubargaului.ro/feed/,yes,2026-08-31,,
BOTOSANI,MUNICIPIUL DOROHOI,http://www.primariadorohoi.ro,yes,200,http://www.primariadorohoi.ro,,yes,joomla,https://www.primariadorohoi.ro/index.php?format=feed&type=rss,yes,2026-09-04,,
BOTOSANI,ORAS BUCECEA,http://www.primariabucecea.ro,yes,200,http://www.primariabucecea.ro,,yes,wordpress,https://primariabucecea.ro/feed,yes,2026-09-03,,
BOTOSANI,DOBARCENI,http://comunadobarceni.ro,yes,200,http://comunadobarceni.ro,,yes,wordpress,https://comunadobarceni.ro/feed/,yes,2026-08-24,,
BOTOSANI,IBANESTI,http://consiliulibanesti.ro,yes,200,http://consiliulibanesti.ro,,yes,wordpress,https://consiliulibanesti.ro/feed/,yes,2026-09-01,,
BOTOSANI,ORAS STEFANESTI,https://orasulstefanesti-bt.ro,yes,200,https://orasulstefanesti-bt.ro,,yes,wordpress,https://orasulstefanesti-bt.ro/feed/,yes,2026-09-02,,
BOTOSANI,HLIPICENI,http://hlipiceni.botosani.ro,yes,200,http://hlipiceni.botosani.ro,,yes,wordpress,https://hlipiceni.botosani.ro/feed,yes,2026-05-05,,
BOTOSANI,MIHALASENI,https://www.mihalaseni.ro,yes,200,https://www.mihalaseni.ro,,yes,wordpress,https://mihalaseni.ro/nou/feed/,yes,2026-08-14,,
BOTOSANI,POMARLA,https://www.pomarla.ro,yes,200,https://www.pomarla.ro,,yes,wordpress,https://www.pomarla.ro/?feed=rss2,yes,2026-08-03,,
BOTOSANI,STIUBIENI,https://comunastiubieni.ro,yes,200,https://comunastiubieni.ro,,yes,wordpress,https://comunastiubieni.ro/feed/,yes,2026-07-27,,
BOTOSANI,TODIRENI,https://comunatodireni.ro,yes,200,https://comunatodireni.ro,,yes,wordpress,https://www.comunatodireni.ro/feed/,yes,2026-09-02,,
BRASOV,ORAS PREDEAL,https://www.primaria-predeal.ro,yes,200,https://www.primaria-predeal.ro,,yes,wordpress,https://www.primaria-predeal.ro/feed/,yes,2026-08-07,,
BOTOSANI,MILEANCA,https://www.primariamileanca.ro,yes,200,https://www.primariamileanca.ro,,yes,wordpress,https://primariamileanca.ro/feed/,yes,2026-07-30,,
BRASOV,ORAS RUPEA,https://www.primariarupea.ro,yes,200,https://www.primariarupea.ro,,yes,wordpress,https://www.primariarupea.ro/feed/,yes,2026-03-20,,
BOTOSANI,CURTESTI,https://www.primariacurtestibt.ro,yes,200,https://www.primariacurtestibt.ro,,yes,wordpress,https://primariacurtestibt.ro/feed/,yes,2026-09-04,,
BOTOSANI,SUHARAU,http://www.primariasuharau.ro,yes,200,http://www.primariasuharau.ro,,yes,wordpress,https://primariasuharau.ro/feed/,yes,2026-08-28,,
BOTOSANI,COTUSCA,http://www.primariacotusca.ro,yes,200,http://www.primariacotusca.ro,,yes,wordpress,https://primariacotusca.ro/feed/,yes,2026-08-26,,
BRASOV,MUNICIPIUL SACELE,https://www.municipiulsacele.ro,yes,200,https://www.municipiulsacele.ro,,yes,wordpress,https://www.municipiulsacele.ro/feed/,yes,2026-09-03,,
BRASOV,ORAS ZARNESTI,http://primaria-zarnesti.ro,yes,200,http://primaria-zarnesti.ro,,yes,wordpress,https://www.primaria-zarnesti.ro/feed,yes,2026-09-03,,
BRASOV,BOD,http://www.primariabod.ro,yes,200,http://www.primariabod.ro,,yes,wordpress,https://www.primariabod.ro/feed/,yes,2026-08-14,,
BRASOV,BECLEAN,http://comunabeclean.ro,yes,200,http://comunabeclean.ro,,yes,wordpress,https://comunabeclean.ro/feed/,yes,2026-09-01,,
BOTOSANI,VARFU CAMPULUI,https://primariavarfucampului.ro,yes,200,https://primariavarfucampului.ro,,yes,wordpress,https://primariavarfucampului.ro/feed/,yes,2026-09-01,,
BRASOV,DUMBRAVITA,https://primariadumbravita.ro,yes,200,https://primariadumbravita.ro,,yes,wordpress,https://primariadumbravita.ro/feed/,yes,2026-08-31,,
BOTOSANI,GORBANESTI,http://primariagorbanesti.ro,yes,200,http://primariagorbanesti.ro,,yes,wordpress,https://primariagorbanesti.ro/feed/,yes,2026-08-19,,
BRASOV,ORAS GHIMBAV,http://www.primaria-ghimbav.ro,yes,200,http://www.primaria-ghimbav.ro,,yes,wordpress,https://primaria-ghimbav.ro/feed/,yes,2026-08-25,,
BRASOV,MANDRA,https://www.comunamandra.ro,yes,200,https://www.comunamandra.ro,,yes,wordpress,https://www.comunamandra.ro/feed/,yes,2026-08-19,,
BRASOV,UCEA,https://primariaucea.ro,yes,200,https://primariaucea.ro,,yes,wordpress,https://primariaucea.ro/feed/,yes,2026-08-27,,
BRASOV,CRISTIAN,https://primariacristian.ro,yes,200,https://primariacristian.ro,,yes,wordpress,https://primariacristian.ro/feed/,yes,2026-07-24,,
BRAILA,ORAS FAUREI,https://orasulfaurei.ro,yes,200,https://orasulfaurei.ro,,yes,wordpress,https://orasulfaurei.ro/feed/,yes,2026-08-19,,
BRASOV,ORMENIS,http://www.primariaormenis.ro,yes,200,http://www.primariaormenis.ro,,yes,joomla,https://www.primariaormenis.ro/index.php?format=feed&type=rss,yes,2026-09-02,,
BRASOV,TARLUNGENI,https://www.comunatarlungeni.ro,yes,200,https://www.comunatarlungeni.ro,,yes,wordpress,https://comunatarlungeni.ro/feed/,yes,2026-09-01,,
BRASOV,SOARS,http://www.primariasoars.ro,yes,200,http://www.primariasoars.ro,,yes,wordpress,https://www.primariasoars.ro/feed/,yes,2026-08-28,,
BRASOV,CINCU,http://www.comunacincu.ro,yes,200,http://www.comunacincu.ro,,yes,wordpress,https://comunacincu.ro/?feed=rss2,yes,2026-08-27,,
BRAILA,MAXINENI,https://primariamaxineni.ro,yes,200,https://primariamaxineni.ro,,yes,wordpress,https://primariamaxineni.ro/feed/,yes,2026-09-04,,
BRASOV,SANPETRU,https://www.primaria-sanpetru.ro,yes,200,https://www.primaria-sanpetru.ro,,yes,wordpress,https://primaria-sanpetru.ro/feed/,yes,2026-09-03,,
BRASOV,FELDIOARA,https://www.primaria-feldioara.ro,yes,200,https://www.primaria-feldioara.ro,,yes,wordpress,https://primaria-feldioara.ro/feed/,yes,2026-09-04,,
BRAILA,ORAS IANCA,http://primaria-ianca.ro,yes,200,http://primaria-ianca.ro,,yes,wordpress,https://primaria-ianca.ro/feed/,yes,2026-06-11,,
BRAILA,ROSIORI,https://www.rosiori-br.ro,yes,200,https://www.rosiori-br.ro,,yes,wordpress,https://rosiori-br.ro/feed/,yes,2026-08-28,,
BRAILA,CHISCANI,http://primariachiscani.ro,yes,200,http://primariachiscani.ro,,yes,wordpress,https://www.primariachiscani.ro/feed/,yes,2026-07-31,,
BRAILA,SALCIA TUDOR,https://www.salciatudor.ro,yes,200,https://www.salciatudor.ro,,yes,wordpress,https://www.salciatudor.ro/feed,yes,2026-09-03,,
BRAILA,TICHILESTI,https://www.primariatichilesti.ro,yes,200,https://www.primariatichilesti.ro,,yes,wordpress,https://www.primariatichilesti.ro/feed/,yes,2026-08-20,,
BRAILA,TRAIAN,https://www.uat-traian.ro,yes,200,https://www.uat-traian.ro,,yes,wordpress,https://www.uat-traian.ro/feed/,yes,2026-08-25,,
BRAILA,UNIREA,https://www.unirea-braila.ro,yes,200,https://www.unirea-braila.ro,,yes,wordpress,https://www.unirea-braila.ro/feed/,yes,2026-08-28,,
BRAILA,ULMU,https://www.primariaulmu.ro,yes,200,https://www.primariaulmu.ro,,yes,wordpress,https://www.primariaulmu.ro/feed/,yes,2026-09-04,,
BUZAU,MUNICIPIUL BUZAU,https://primariabuzau.ro,yes,200,https://primariabuzau.ro,,yes,wordpress,https://primariabuzau.ro/feed/,yes,2026-09-04,,
BOTOSANI,BRAESTI,https://www.comunabraesti.ro,yes,200,https://www.comunabraesti.ro,,yes,wordpress,https://comunabraesti.ro/feed/,yes,2026-08-19,,
BRAILA,CAZASU,https://www.cazasu.ro,yes,200,https://www.cazasu.ro,,yes,wordpress,https://cazasu.ro/feed/,yes,2026-08-05,,
BUZAU,BRADEANU,https://www.comuna-bradeanu.ro,yes,200,https://www.comuna-bradeanu.ro,,yes,wordpress,https://www.comuna-bradeanu.ro/feed/,yes,2026-08-25,,
BRAILA,TUFESTI,http://www.primariatufesti.ro,yes,200,http://www.primariatufesti.ro,,yes,wordpress,https://www.primariatufesti.ro/feed/,yes,2026-08-24,,
BUZAU,BREAZA,https://primariabreazabz.ro,yes,200,https://primariabreazabz.ro,,yes,wordpress,https://www.primariabreazabz.ro/feed/,yes,2026-08-31,,
BRASOV,RECEA,http://www.comunarecea.ro,yes,200,http://www.comunarecea.ro,,yes,wordpress,https://comunarecea.ro/feed/,yes,2026-04-02,,
BRAILA,VIZIRU,https://www.primaria-viziru.ro,yes,200,https://www.primaria-viziru.ro,,yes,wordpress,https://www.primaria-viziru.ro/feed/,yes,2026-08-17,,
BUZAU,CHILIILE,https://www.primariachiliile.ro,yes,200,https://www.primariachiliile.ro,,yes,wordpress,https://www.primariachiliile.ro/feed/,yes,2026-02-13,,
BUZAU,MUNICIPIUL RAMNICU SARAT,http://www.primariermsarat.ro,yes,200,http://www.primariermsarat.ro,,yes,wordpress,https://www.primariermsarat.ro/feed/,yes,2026-09-04,,
BUZAU,CERNATESTI,https://cernatesti.ro,yes,200,https://cernatesti.ro,,yes,wordpress,https://cernatesti.ro/feed,yes,2026-08-24,,
BUZAU,BOZIORU,https://www.comunabozioru.ro,yes,200,https://www.comunabozioru.ro,,yes,wordpress,https://comunabozioru.ro/feed/,yes,2026-08-25,,
BUZAU,GREBANU,https://grebanu.ro,yes,200,https://grebanu.ro,,yes,wordpress,https://grebanu.ro/feed/,yes,2026-08-20,,
BUZAU,LOPATARI,https://www.comunalopatari.ro,yes,200,https://www.comunalopatari.ro,,yes,wordpress,https://comunalopatari.ro/feed/,yes,2026-06-03,,
BUZAU,LARGU,http://primarialargu.ro/2019,yes,200,http://primarialargu.ro/2019,,yes,joomla,https://primarialargu.ro/2019/?format=feed&type=rss,yes,2026-09-04,,
BUZAU,FLORICA,https://www.comunaflorica.ro,yes,200,https://www.comunaflorica.ro,,yes,wordpress,https://www.comunaflorica.ro/feed/,yes,2026-08-27,,
BUZAU,CILIBIA,http://comunacilibia.ro,yes,200,http://comunacilibia.ro,,yes,wordpress,https://www.comunacilibia.ro/feed/,yes,2026-08-27,,
BUZAU,MARACINENI,https://primariamaracineni.ro,yes,200,https://primariamaracineni.ro,,yes,wordpress,https://primariamaracineni.ro/feed/,yes,2026-08-31,,
BUZAU,GLODEANU SARAT,https://www.primariaglodeanusarat.ro,yes,200,https://www.primariaglodeanusarat.ro,,yes,wordpress,https://primariaglodeanusarat.ro/feed/,yes,2026-08-28,,
BUZAU,BISOCA,https://www.primariabisoca.ro,yes,200,https://www.primariabisoca.ro,,yes,wordpress,https://www.primariabisoca.ro/feed/,yes,2026-08-20,,
BUZAU,MIHAILESTI,https://www.comunamihailesti.ro,yes,200,https://www.comunamihailesti.ro,,yes,wordpress,https://www.comunamihailesti.ro/feed/,yes,2026-06-30,,
BUZAU,GURA TEGHII,https://www.comunagurateghii.ro,yes,200,https://www.comunagurateghii.ro,,yes,wordpress,https://www.comunagurateghii.ro/feed/,yes,2026-08-30,,
BUZAU,CANESTI,https://www.comunacanesti.ro,yes,200,https://www.comunacanesti.ro,,yes,wordpress,https://www.comunacanesti.ro/feed/,yes,2026-07-28,,
BUZAU,MOVILA BANULUI,https://www.comunamovilabanului.ro,yes,200,https://www.comunamovilabanului.ro,,yes,wordpress,https://www.comunamovilabanului.ro/feed/,yes,2026-08-25,,
BUZAU,CHIOJDU,https://www.comunachiojdu.ro,yes,200,https://www.comunachiojdu.ro,,yes,wordpress,https://comunachiojdu.ro/feed/,yes,2026-08-23,,
BUZAU,GALBINASI,https://comunagalbinasi.ro,yes,200,https://comunagalbinasi.ro,,yes,wordpress,https://comunagalbinasi.ro/feed/,yes,2026-09-04,,
BUZAU,GLODEANU-SILISTEA,https://www.glodeanu-silistea.ro,yes,200,https://www.glodeanu-silistea.ro,,yes,wordpress,https://www.glodeanu-silistea.ro/feed/,yes,2026-08-25,,
BUZAU,PARDOSI,https://www.pardosi.ro,yes,200,https://www.pardosi.ro,,yes,wordpress,https://www.pardosi.ro/feed/,yes,2026-08-25,,
BUZAU,ODAILE,https://www.primariaodaile.ro,yes,200,https://www.primariaodaile.ro,,yes,wordpress,https://www.primariaodaile.ro/feed/,yes,2026-08-25,,
BUZAU,COCHIRLEANCA,https://www.comunacochirleanca.ro,yes,200,https://www.comunacochirleanca.ro,,yes,wordpress,https://comunacochirleanca.ro/feed/,yes,2026-09-02,,
BUZAU,COZIENI,https://www.primariacozieni.ro,yes,200,https://www.primariacozieni.ro,,yes,wordpress,https://www.primariacozieni.ro/feed/,yes,2026-09-04,,
BUZAU,BLAJANI,https://www.blajani.ro,yes,200,https://www.blajani.ro,,yes,wordpress,https://www.blajani.ro/feed/,yes,2026-08-27,,
BUZAU,PODGORIA,https://comunapodgoria.ro,yes,200,https://comunapodgoria.ro,,yes,wordpress,https://comunapodgoria.ro/feed,yes,2026-04-08,,
BUZAU,SAPOCA,http://primariasapoca.ro,yes,200,http://primariasapoca.ro,,yes,wordpress,https://primariasapoca.ro/feed/,yes,2026-09-03,,
BUZAU,BOLDU,https://primariaboldu.ro,yes,200,https://primariaboldu.ro,,yes,wordpress,https://primariaboldu.ro/feed/,yes,2026-08-28,,
BUZAU,RACOVITENI,http://racoviteni.ro,yes,200,http://racoviteni.ro,,yes,wordpress,https://racoviteni.ro/feed,yes,2026-08-26,,
BUZAU,PARSCOV,https://www.pirscov.ro,yes,200,https://www.pirscov.ro,,yes,wordpress,https://www.pirscov.ro/feed/,yes,2026-08-26,,
BUZAU,POSTA CALNAU,https://www.comunapostacilnau.ro,yes,200,https://www.comunapostacilnau.ro,,yes,wordpress,https://www.comunapostacilnau.ro/feed/,yes,2026-09-01,,
BUZAU,BRAESTI,https://www.braesti-buzau.ro,yes,200,https://www.braesti-buzau.ro,,yes,wordpress,https://braesti-buzau.ro/feed/,yes,2026-09-02,,
BUZAU,VADU PASII,https://www.comunavadupasii.ro,yes,200,https://www.comunavadupasii.ro,,yes,wordpress,https://comunavadupasii.ro/feed/,yes,2026-08-31,,
BUZAU,VIPERESTI,https://www.comunaviperesti.ro,yes,200,https://www.comunaviperesti.ro,,yes,wordpress,https://comunaviperesti.ro/feed/,yes,2026-07-29,,
BUZAU,RAMNICELU,https://www.rimnicelu.ro,yes,200,https://www.rimnicelu.ro,,yes,wordpress,https://rimnicelu.ro/feed/,yes,2026-08-25,,
BUZAU,TINTESTI,https://www.tintesti.ro,yes,200,https://www.tintesti.ro,,yes,wordpress,https://www.tintesti.ro/feed/,yes,2026-09-01,,
CARAS-SEVERIN,BUCHIN,https://primariabuchin.ro,yes,200,https://primariabuchin.ro,,yes,wordpress,https://primariabuchin.ro/feed/,yes,2026-08-04,,
BUZAU,ZIDURI,http://primariaziduribz.ro,yes,200,http://primariaziduribz.ro,,yes,wordpress,https://primariaziduribz.ro/feed/,yes,2026-07-20,,
CARAS-SEVERIN,BERLISTE,http://primariaberliste.ro,yes,200,http://primariaberliste.ro,,yes,wordpress,https://www.primariaberliste.ro/feed/,yes,2026-06-08,,
BUZAU,ORAS NEHOIU,http://www.primaria-nehoiu.ro,yes,200,http://www.primaria-nehoiu.ro,,yes,wordpress,https://www.primaria-nehoiu.ro/feed/,yes,2026-06-30,,
BUZAU,VALEA SALCIEI,https://www.comuna-valeasalciei.ro,yes,200,https://www.comuna-valeasalciei.ro,,yes,wordpress,https://www.comuna-valeasalciei.ro/feed/,yes,2026-07-20,,
BUZAU,VALEA RAMNICULUI,https://www.comunavalearimnicului.ro,yes,200,https://www.comunavalearimnicului.ro,,yes,wordpress,https://comunavalearimnicului.ro/feed/,yes,2026-08-25,,
BUZAU,MANZALESTI,http://primariaminzalesti.ro,yes,200,http://primariaminzalesti.ro,,yes,wordpress,https://primariamanzalesti.ro/feed/,yes,2026-04-21,,
CARAS-SEVERIN,DOGNECEA,https://comunadognecea.ro,yes,200,https://comunadognecea.ro,,yes,wordpress,https://comunadognecea.ro/feed/,yes,2026-05-26,,
CARAS-SEVERIN,CONSTANTIN DAICOVICIU,http://www.primariaconstantindaicoviciu.ro,yes,200,http://www.primariaconstantindaicoviciu.ro,,yes,wordpress,https://primariaconstantindaicoviciu.ro/feed,yes,2026-08-28,,
BUZAU,SMEENI,https://www.comunasmeeni.ro,yes,200,https://www.comunasmeeni.ro,,yes,wordpress,https://www.comunasmeeni.ro/feed/,yes,2026-08-25,,
BUZAU,VALCELELE,http://primariavilcelelebuzau.ro,yes,200,http://primariavilcelelebuzau.ro,,yes,wordpress,https://www.primariavilcelelebuzau.ro/feed/,yes,2026-07-23,,
CARAS-SEVERIN,DOMASNEA,https://www.primaria-domasnea.ro,yes,200,https://www.primaria-domasnea.ro,,yes,wordpress,https://primaria-domasnea.ro/feed/,yes,2026-09-03,,
CARAS-SEVERIN,CARBUNARI,https://comuna-carbunari.ro,yes,200,https://comuna-carbunari.ro,,yes,wordpress,https://comuna-carbunari.ro/feed/,yes,2026-04-09,,
CARAS-SEVERIN,CORONINI,http://www.primariacoronini.ro,yes,200,http://www.primariacoronini.ro,,yes,wordpress,https://primariacoronini.ro/feed,yes,2026-09-02,,
CARAS-SEVERIN,BOLVASNITA,http://www.primaria-bolvasnita.ro,yes,200,http://www.primaria-bolvasnita.ro,,yes,wordpress,https://primaria-bolvasnita.ro/feed/,yes,2026-06-28,,
CARAS-SEVERIN,CIUDANOVITA,https://www.primariaciudanovita.ro,yes,200,https://www.primariaciudanovita.ro,,yes,wordpress,https://primariaciudanovita.ro/feed/,yes,2026-03-09,,
CARAS-SEVERIN,MAURENI,http://www.comunamaureni.ro,yes,200,http://www.comunamaureni.ro,,yes,wordpress,https://www.comunamaureni.ro/feed/,yes,2026-07-30,,
CARAS-SEVERIN,OCNA DE FIER,https://www.ocnadefier.ro,yes,200,https://www.ocnadefier.ro,,yes,wordpress,https://www.ocnadefier.ro/feed/,yes,2026-08-26,,
BUZAU,UNGURIU,http://primariaunguriu.ro,yes,200,http://primariaunguriu.ro,,yes,wordpress,https://www.primariaunguriu.ro/feed/,yes,2026-01-14,,
CARAS-SEVERIN,SOPOTU NOU,http://primaria-sopotunou.ro,yes,200,http://primaria-sopotunou.ro,,yes,wordpress,https://primaria-sopotunou.ro/feed/,yes,2026-08-17,,
CARAS-SEVERIN,LUPAC,https://comunalupac.ro,yes,200,https://comunalupac.ro,,yes,wordpress,https://comunalupac.ro/feed/,yes,2026-08-12,,
CALARASI,ORAS BUDESTI,http://www.primariebudesti.ro,yes,200,http://www.primariebudesti.ro,,yes,wordpress,https://www.primariebudesti.ro/feed/,yes,2026-09-04,,
CARAS-SEVERIN,RAMNA,http://www.ramna.ro,yes,200,http://www.ramna.ro,,yes,wordpress,https://ramna.ro/feed/,yes,2026-06-26,,
CALARASI,DOR MARUNT,http://www.comunadormarunt.ro,yes,200,http://www.comunadormarunt.ro,,yes,e-adm,https://comunadormarunt.ro/rss.xml,yes,2026-08-31,,
CARAS-SEVERIN,TARNOVA,https://www.tarnova.ro,yes,200,https://www.tarnova.ro,,yes,wordpress,https://tarnova.ro/feed/,yes,2026-08-20,,
CALARASI,MUNICIPIUL CALARASI,https://www.primariacalarasi.ro,yes,200,https://www.primariacalarasi.ro,,yes,wordpress,https://primariacalarasi.ro/feed/,yes,2026-09-01,,
CALARASI,LUPSANU,https://primarialupsanu.ro,yes,200,https://primarialupsanu.ro,,yes,wordpress,https://primarialupsanu.ro/feed/,yes,2026-09-04,,
CALARASI,SOHATU,http://primariasohatu.ro,yes,200,http://primariasohatu.ro,,yes,wordpress,https://primariasohatu.ro/feed/,yes,2026-08-04,,
CLUJ,ORAS HUEDIN,https://primariahuedin.ro,yes,200,https://primariahuedin.ro,,yes,wordpress,https://primariahuedin.ro/feed/,yes,2026-08-31,,
CALARASI,STEFAN CEL MARE,https://www.stefancelmarecl.ro,yes,200,https://www.stefancelmarecl.ro,,yes,wordpress,https://www.stefancelmarecl.ro/feed/,yes,2026-09-01,,
CLUJ,APAHIDA,http://www.primaria-apahida.ro,yes,200,http://www.primaria-apahida.ro,,yes,wordpress,https://primaria-apahida.ro/feed/,yes,2026-09-03,,
CLUJ,CAMARASU,https://www.primariacamarasu.ro,yes,200,https://www.primariacamarasu.ro,,yes,wordpress,https://www.primariacamarasu.ro/feed/,yes,2026-08-24,,
CLUJ,BORSA,https://www.primariaborsa.ro,yes,200,https://www.primariaborsa.ro,,yes,wordpress,https://primariaborsa.ro/feed/,yes,2026-09-02,,
CLUJ,CALARASI,https://primariacalarasi-cluj.ro,yes,200,https://primariacalarasi-cluj.ro,,yes,wordpress,https://primariacalarasi-cluj.ro/feed/,yes,2026-06-10,,
CLUJ,CALATELE,http://www.primariacalatele.ro,yes,200,http://www.primariacalatele.ro,,yes,wordpress,https://primariacalatele.ro/feed/,yes,2026-08-21,,
CLUJ,FLORESTI,https://www.floresticluj.ro,yes,200,https://www.floresticluj.ro,,yes,wordpress,https://floresticluj.ro/feed/,yes,2026-09-04,,
CLUJ,GILAU,https://comunagilau.ro,yes,200,https://comunagilau.ro,,yes,wordpress,https://comunagilau.ro/feed/,yes,2026-09-04,,
CLUJ,CEANU MARE,http://www.ceanu-mare.ro,yes,200,http://www.ceanu-mare.ro,,yes,wordpress,https://ceanu-mare.ro/feed/,yes,2026-09-04,,
CLUJ,COJOCNA,https://comunacojocna.ro,yes,200,https://comunacojocna.ro,,yes,wordpress,https://comunacojocna.ro/feed/,yes,2026-09-03,,
CLUJ,MANASTIRENI,https://primariamanastireni.ro,yes,200,https://primariamanastireni.ro,,yes,wordpress,https://primariamanastireni.ro/feed/,yes,2026-08-26,,
CLUJ,LUNA,https://www.primarialuna.ro,yes,200,https://www.primarialuna.ro,,yes,wordpress,https://www.primarialuna.ro/feed/,yes,2026-09-03,,
CLUJ,DABACA,https://primaria-dabaca.ro,yes,200,https://primaria-dabaca.ro,,yes,wordpress,https://primaria-dabaca.ro/feed/,yes,2026-09-04,,
CLUJ,MOLDOVENESTI,https://www.primariamoldovenesti.ro,yes,200,https://www.primariamoldovenesti.ro,,yes,wordpress,https://www.primariamoldovenesti.ro/feed/,yes,2026-08-28,,
CLUJ,MIHAI VITEAZU,https://primariamihaiviteazu.ro,yes,200,https://primariamihaiviteazu.ro,,yes,wordpress,https://primariamihaiviteazu.ro/feed/,yes,2026-08-28,,
CLUJ,PETRESTII DE JOS,https://petrestiidejos.ro,yes,200,https://petrestiidejos.ro,,yes,wordpress,https://petrestiidejos.ro/feed/,yes,2026-09-01,,
CLUJ,SANDULESTI,https://comunasandulesti.ro,yes,200,https://comunasandulesti.ro,,yes,wordpress,https://comunasandulesti.ro/feed/,yes,2026-09-01,,
CONSTANTA,ORAS MURFATLAR,https://www.primaria-murfatlar.ro,yes,200,https://www.primaria-murfatlar.ro,,yes,joomla,https://www.primaria-murfatlar.ro/?format=feed&type=rss,yes,2026-08-30,,
CONSTANTA,ORAS CERNAVODA,http://www.primaria-cernavoda.ro,yes,200,http://www.primaria-cernavoda.ro,,yes,wordpress,https://primaria-cernavoda.ro/feed/,yes,2026-09-03,,
CONSTANTA,ORAS NAVODARI,https://www.primaria-navodari.ro,yes,200,https://www.primaria-navodari.ro,,yes,wordpress,https://www.primaria-navodari.ro/feed/,yes,2026-09-04,,
CONSTANTA,AGIGEA,https://www.primaria-agigea.ro,yes,200,https://www.primaria-agigea.ro,,yes,wordpress,https://primaria-agigea.ro/feed/,yes,2026-08-28,,
CLUJ,SAVADISLA,https://primariasavadisla.ro,yes,200,https://primariasavadisla.ro,,yes,wordpress,https://primariasavadisla.ro/feed/,yes,2026-09-01,,
CONSTANTA,MUNICIPIUL MEDGIDIA,https://primaria-medgidia.ro,yes,200,https://primaria-medgidia.ro,,yes,wordpress,https://primaria-medgidia.ro/feed/,yes,2026-09-03,,
CONSTANTA,ORAS OVIDIU,http://www.primariaovidiu.ro,yes,200,http://www.primariaovidiu.ro,,yes,wordpress,https://primariaovidiu.ro/feed/,yes,2026-08-26,,
CONSTANTA,MUNICIPIUL MANGALIA,https://mangalia.ro,yes,200,https://mangalia.ro,,yes,wordpress,https://mangalia.ro/feed/,yes,2026-09-04,,
CONSTANTA,ADAMCLISI,https://primaria-adamclisi.ro,yes,200,https://primaria-adamclisi.ro,,yes,wordpress,https://primaria-adamclisi.ro/feed/,yes,2026-09-02,,
CLUJ,TURENI,https://comunatureni.ro,yes,200,https://comunatureni.ro,,yes,wordpress,https://comunatureni.ro/feed/,yes,2026-09-03,,
CONSTANTA,COGEALAC,https://www.primariacogealac.ro,yes,200,https://www.primariacogealac.ro,,yes,wordpress,https://www.primariacogealac.ro/feed,yes,2026-06-17,,
CLUJ,NEGRENI,https://www.primarianegreni.ro,yes,200,https://www.primarianegreni.ro,,yes,wordpress,https://primarianegreni.ro/feed/,yes,2026-09-02,,
CONSTANTA,ISTRIA,https://primaria-istria.ro,yes,200,https://primaria-istria.ro,,yes,wordpress,https://primaria-istria.ro/feed/,yes,2026-08-12,,
CONSTANTA,CERCHEZU,https://primariacerchezu.ro,yes,200,https://primariacerchezu.ro,,yes,wordpress,https://primariacerchezu.ro/feed/,yes,2026-06-16,,
CONSTANTA,CRUCEA,http://www.crucea.judetul-constanta.ro,yes,200,http://www.crucea.judetul-constanta.ro,,yes,wordpress,https://primaria-crucea.ro/feed/,yes,2026-09-03,,
CONSTANTA,ION CORVIN,https://www.primariaioncorvin.ro,yes,200,https://www.primariaioncorvin.ro,,yes,wordpress,https://www.primariaioncorvin.ro/feed/,yes,2026-06-08,,
CONSTANTA,INDEPENDENTA,https://primariaindependenta-ct.ro,yes,200,https://primariaindependenta-ct.ro,,yes,wordpress,https://primariaindependenta-ct.ro/feed/,yes,2026-09-01,,
CONSTANTA,COMANA,http://www.primaria-comana.ro,yes,200,http://www.primaria-comana.ro,,yes,wordpress,https://primaria-comana.ro/feed/,yes,2026-08-20,,
CONSTANTA,BARAGANU,https://www.primariabaraganu.ro,yes,200,https://www.primariabaraganu.ro,,yes,wordpress,https://primariabaraganu.ro/feed/,yes,2026-08-17,,
CONSTANTA,AMZACEA,https://www.primaria-amzacea.ro,yes,200,https://www.primaria-amzacea.ro,,yes,wordpress,https://primaria-amzacea.ro/feed/,yes,2026-08-11,,
CONSTANTA,ALIMAN,https://www.primaria-aliman.ro,yes,200,https://www.primaria-aliman.ro,,yes,wordpress,https://primaria-aliman.ro/feed/,yes,2026-07-09,,
CONSTANTA,SEIMENI,https://www.primaria-seimeni.ro,yes,200,https://www.primaria-seimeni.ro,,yes,wordpress,https://www.primaria-seimeni.ro/feed/,yes,2026-08-12,,
CONSTANTA,OLTINA,https://comunaoltina.ro,yes,200,https://comunaoltina.ro,,yes,wordpress,https://comunaoltina.ro/feed/,yes,2026-08-27,,
CONSTANTA,MERENI,https://primariamereni.ro,yes,200,https://primariamereni.ro,,yes,wordpress,https://primariamereni.ro/feed/,yes,2026-09-03,,
COVASNA,MUNICIPIUL TARGU SECUIESC,https://www.kezdi.ro/ro,yes,200,https://www.kezdi.ro/ro,,yes,wordpress,https://www.kezdi.ro/feed,yes,2026-07-14,,
CONSTANTA,SALIGNY,http://www.primariasaligny.ro,yes,200,http://www.primariasaligny.ro,,yes,wordpress,https://www.primariasaligny.ro/feed/,yes,2026-08-31,,
CONSTANTA,MIRCEA VODA,http://www.primaria-mirceavoda.ro,yes,200,http://www.primaria-mirceavoda.ro,,yes,wordpress,https://primaria-mirceavoda.ro/feed/,yes,2026-08-21,,
CONSTANTA,SILISTEA,http://www.primaria-silistea.ro,yes,200,http://www.primaria-silistea.ro,,yes,wordpress,https://primaria-silistea.ro/feed/,yes,2026-08-20,,
CONSTANTA,DELENI,http://www.primariadeleniconstanta.ro,yes,200,http://www.primariadeleniconstanta.ro,,yes,wordpress,https://www.primariadeleniconstanta.ro/feed/,yes,2026-03-27,,
CONSTANTA,CHIRNOGENI,https://www.primaria-chirnogeni.ro,yes,200,https://www.primaria-chirnogeni.ro,,yes,wordpress,https://primaria-chirnogeni.ro/feed/,yes,2026-08-12,,
CONSTANTA,LUMINA,https://www.primaria-lumina.ro,yes,200,https://www.primaria-lumina.ro,,yes,wordpress,https://www.primaria-lumina.ro/feed/,yes,2026-09-04,,
CONSTANTA,GRADINA,https://www.primariagradina.ro,yes,200,https://www.primariagradina.ro,,yes,wordpress,https://www.primariagradina.ro/feed/,yes,2026-08-20,,
CONSTANTA,CIOCARLIA,http://www.primariaciocirlia.ro,yes,200,http://www.primariaciocirlia.ro,,yes,wordpress,https://primariaciocirlia.ro/feed/,yes,2026-09-01,,
CONSTANTA,VALU LUI TRAIAN,https://www.valu-lui-traian.ro,yes,200,https://www.valu-lui-traian.ro,,yes,wordpress,https://valu-lui-traian.ro/feed/,yes,2026-06-07,,
CONSTANTA,GHINDARESTI,https://www.comunaghindaresti.ro,yes,200,https://www.comunaghindaresti.ro,,yes,wordpress,https://www.comunaghindaresti.ro/feed/,yes,2026-08-27,,
CONSTANTA,RASOVA,https://primaria-rasova.ro,yes,200,https://primaria-rasova.ro,,yes,wordpress,https://primaria-rasova.ro/feed/,yes,2026-09-03,,
CONSTANTA,TORTOMAN,http://www.primaria-tortoman.ro,yes,200,http://www.primaria-tortoman.ro,,yes,wordpress,https://primaria-tortoman.ro/feed/,yes,2026-08-21,,
COVASNA,VALEA CRISULUI,https://www.primariavaleacrisului.ro/web,yes,200,https://www.primariavaleacrisului.ro/web,,yes,wordpress,https://www.primariavaleacrisului.ro/web/feed/,yes,2026-01-16,,
CONSTANTA,PECINEAGA,http://www.primaria-pecineaga.ro,yes,200,http://www.primaria-pecineaga.ro,,yes,wordpress,https://primaria-pecineaga.ro/feed/,yes,2026-09-03,,
COVASNA,VARGHIS,https://www.varghis.ro/web,yes,200,https://www.varghis.ro/web,,yes,wordpress,https://www.varghis.ro/web/feed/,yes,2026-02-13,,
DAMBOVITA,CANDESTI,https://primariacandesti.ro,yes,200,https://primariacandesti.ro,,yes,wordpress,https://primariacandesti.ro/feed/,yes,2026-08-28,,
DAMBOVITA,CONTESTI,https://primariacontesti.ro,yes,200,https://primariacontesti.ro,,yes,wordpress,https://primariacontesti.ro/?feed=rss2,yes,2026-09-04,,
DAMBOVITA,ORAS FIENI,http://www.fieni.ro,yes,200,http://www.fieni.ro,,yes,wordpress,https://www.fieni.ro/feed/,yes,2026-06-10,,
DAMBOVITA,CORNATELU,http://www.primariacornatelu.ro,yes,200,http://www.primariacornatelu.ro,,yes,wordpress,https://primariacornatelu.ro/feed/,yes,2026-09-04,,
DAMBOVITA,ORAS RACARI,https://primariaracari.ro,yes,200,https://primariaracari.ro,,yes,wordpress,https://primariaracari.ro/feed/,yes,2026-01-27,,
DAMBOVITA,COBIA,http://cobia.ro,yes,200,http://cobia.ro,,yes,wordpress,https://cobia.ro/feed/,yes,2026-07-10,,
DAMBOVITA,FINTA,https://primariacomuneifinta.ro,yes,200,https://primariacomuneifinta.ro,,yes,wordpress,https://primariacomuneifinta.ro/feed/,yes,2026-09-02,,
CONSTANTA,LIMANU,https://www.primarialimanu.ro,yes,200,https://www.primarialimanu.ro,,yes,wordpress,https://primarialimanu.ro/feed/,yes,2026-01-12,,
DAMBOVITA,BARBULETU,https://primariabarbuletu.ro,yes,200,https://primariabarbuletu.ro,,yes,wordpress,https://www.primariabarbuletu.ro/feed/,yes,2026-06-17,,
DAMBOVITA,ODOBESTI,http://www.primarieodobesti.ro,yes,200,http://www.primarieodobesti.ro,,yes,wordpress,https://www.primarieodobesti.ro/feed/,yes,2026-09-04,,
DAMBOVITA,CIOCANESTI,https://primariaciocanestidb.ro,yes,200,https://primariaciocanestidb.ro,,yes,wordpress,https://www.primariaciocanestidb.ro/feed/,yes,2026-07-31,,
DAMBOVITA,NICULESTI,https://www.niculesti.ro,yes,200,https://www.niculesti.ro,,yes,wordpress,https://niculesti.ro/feed/,yes,2026-08-18,,
DAMBOVITA,NUCET,https://www.comunanucet.ro,yes,200,https://www.comunanucet.ro,,yes,wordpress,https://www.comunanucet.ro/feed/,yes,2026-09-01,,
DOLJ,ORAS BECHET,https://primariabechet.ro,yes,200,https://primariabechet.ro,,yes,wordpress,https://primariabechet.ro/feed/,yes,2026-08-03,,
DAMBOVITA,VOINESTI,https://primarievoinesti.ro,yes,200,https://primarievoinesti.ro,,yes,wordpress,https://primarievoinesti.ro/feed/,yes,2026-03-26,,
DOLJ,APELE VII,http://primaria-apelevii.ro/wp,yes,200,http://primaria-apelevii.ro/wp,,yes,wordpress,https://primaria-apelevii.ro/wp/feed/,yes,2026-01-13,,
DOLJ,BREASTA,http://www.primariabreasta.ro,yes,200,http://www.primariabreasta.ro,,yes,wordpress,https://primariabreasta.ro/feed/,yes,2026-08-13,,
DOLJ,CARCEA,https://www.primariacarcea.ro,yes,200,https://www.primariacarcea.ro,,yes,wordpress,https://www.primariacarcea.ro/feed/,yes,2026-09-02,,
DOLJ,COSOVENI,https://cosoveni.ro,yes,200,https://cosoveni.ro,,yes,wordpress,https://cosoveni.ro/feed/,yes,2026-08-31,,
DOLJ,CERNATESTI,https://primariacernatesti.ro,yes,200,https://primariacernatesti.ro,,yes,wordpress,https://primariacernatesti.ro/feed/,yes,2026-08-31,,
DOLJ,MUNICIPIUL CALAFAT,https://municipiulcalafat.ro,yes,200,https://municipiulcalafat.ro,,yes,wordpress,https://municipiulcalafat.ro/feed/,yes,2026-08-28,,
DOLJ,CELARU,https://www.primariacelarudolj.ro,yes,200,https://www.primariacelarudolj.ro,,yes,wordpress,https://www.primariacelarudolj.ro/feed/,yes,2026-08-20,,
DOLJ,MACESU DE JOS,http://primariamacesudejos.ro,yes,200,http://primariamacesudejos.ro,,yes,wordpress,https://primariamacesudejos.ro/feed/,yes,2026-08-26,,
DOLJ,ORODEL,http://primariaorodel.ro,yes,200,http://primariaorodel.ro,,yes,wordpress,http://primariaorodel.ro/wp/feed/,yes,2026-05-08,,
DOLJ,ROBANESTI,https://primariarobanesti.ro,yes,200,https://primariarobanesti.ro,,yes,wordpress,https://primariarobanesti.ro/feed/,yes,2026-08-26,,
DOLJ,SEACA DE PADURE,https://primariacomuneiseacadepadure.ro,yes,200,https://primariacomuneiseacadepadure.ro,,yes,wordpress,https://primariacomuneiseacadepadure.ro/feed/,yes,2026-07-02,,
DOLJ,PERISOR,https://primariacomuneiperisor.ro,yes,200,https://primariacomuneiperisor.ro,,yes,wordpress,https://primariacomuneiperisor.ro/feed/,yes,2026-08-04,,
DOLJ,RADOVAN,https://primariacomuneiradovan.ro,yes,200,https://primariacomuneiradovan.ro,,yes,wordpress,https://primariacomuneiradovan.ro/feed/,yes,2026-08-25,,
DOLJ,SADOVA,https://www.primariasadova.ro,yes,200,https://www.primariasadova.ro,,yes,wordpress,https://www.primariasadova.ro/feed/,yes,2026-09-02,,
DOLJ,GOIESTI,https://primariagoiesti.ro,yes,200,https://primariagoiesti.ro,,yes,wordpress,https://primariagoiesti.ro/feed/,yes,2026-08-28,,
DOLJ,PLENITA,https://plenita.ro,yes,200,https://plenita.ro,,yes,wordpress,https://plenita.ro/feed,yes,2026-09-05,,
GALATI,MOVILENI,https://primaria-movileni.ro,yes,200,https://primaria-movileni.ro,,yes,wordpress,https://primaria-movileni.ro/feed/,yes,2026-08-28,,
GALATI,MASTACANI,http://www.comunamastacani.ro,yes,200,http://www.comunamastacani.ro,,yes,wordpress,https://www.comunamastacani.ro/feed/,yes,2026-07-30,,
GALATI,SENDRENI,http://www.comunasendreni.ro,yes,200,http://www.comunasendreni.ro,,yes,wordpress,https://comunasendreni.ro/feed/,yes,2026-08-25,,
GALATI,PRIPONESTI,http://www.comunapriponesti.ro,yes,200,http://www.comunapriponesti.ro,,yes,wordpress,https://www.comunapriponesti.ro/feed/,yes,2026-08-17,,
GALATI,SCANTEIESTI,http://scinteiesti.ro,yes,200,http://scinteiesti.ro,,yes,wordpress,https://www.scinteiesti.ro/feed/,yes,2026-09-01,,
GALATI,FRUMUSITA,http://primaria-frumusita.ro,yes,200,http://primaria-frumusita.ro,,yes,e-adm,https://primaria-frumusita.ro/feed/,yes,2026-08-21,,
GIURGIU,ADUNATII-COPACENI,http://www.primariaadunatiicopaceni.ro,yes,200,http://www.primariaadunatiicopaceni.ro,,yes,wordpress,https://www.primariaadunatiicopaceni.ro/feed/,yes,2026-01-15,,
GALATI,SMARDAN,http://www.primariasmardan.ro,yes,200,http://www.primariasmardan.ro,,yes,wordpress,https://primariasmardan.ro/feed/,yes,2026-09-02,,
GIURGIU,COMANA,http://primariecomana.ro,yes,200,http://primariecomana.ro,,yes,wordpress,https://primariecomana.ro/feed/,yes,2026-07-29,,
GALATI,FARTANESTI,https://www.primaria-firtanesti.ro,yes,200,https://www.primaria-firtanesti.ro,,yes,wordpress,https://primaria-firtanesti.ro/feed/,yes,2026-08-14,,
GALATI,GRIVITA,https://www.grivitagalati.ro,yes,200,https://www.grivitagalati.ro,,yes,wordpress,https://www.grivitagalati.ro/feed/,yes,2026-04-22,,
GIURGIU,SLOBOZIA,http://primariaslobozia.ro,yes,200,http://primariaslobozia.ro,,yes,drupal,https://primariaslobozia.ro/rss.xml,yes,2026-08-20,,
GALATI,BALENI,https://www.comunabaleni.ro/index.php,yes,200,https://www.comunabaleni.ro/index.php,,yes,wordpress,https://comunabaleni.ro/feed/,yes,2026-03-09,,
GALATI,TEPU,http://www.primaria-tepu.ro,yes,200,http://www.primaria-tepu.ro,,yes,wordpress,https://primaria-tepu.ro/feed/,yes,2026-05-30,,
GIURGIU,SCHITU,http://www.primariaschitugr.ro,yes,200,http://www.primariaschitugr.ro,,yes,wordpress,https://www.primariaschitugr.ro/feed/,yes,2026-08-13,,
GIURGIU,SABARENI,http://comunasabareni.ro,yes,200,http://comunasabareni.ro,,yes,e-adm,https://comunasabareni.ro/feed/,yes,2026-07-24,,
GIURGIU,CALUGARENI,http://primariacalugareni.ro,yes,200,http://primariacalugareni.ro,,yes,wordpress,https://primariacalugareni.ro/feed,yes,2026-09-04,,
GIURGIU,GAISENI,http://www.comunagaiseni.ro,yes,200,http://www.comunagaiseni.ro,,yes,wordpress,https://comunagaiseni.ro/feed/,yes,2026-07-14,,
GORJ,ORAS ROVINARI,https://www.primariarovinari.ro,yes,200,https://www.primariarovinari.ro,,yes,wordpress,https://primariarovinari.ro/feed/,yes,2026-09-02,,
GALATI,VANATORI,http://www.primariavinatori.ro,yes,200,http://www.primariavinatori.ro,,yes,wordpress,https://primariavanatorigalati.ro/feed/,yes,2026-06-08,,
GORJ,ORAS TICLENI,http://www.primarieticleni.ro,yes,200,http://www.primarieticleni.ro,,yes,wordpress,https://www.primarieticleni.ro/feed/,yes,2026-08-27,,
GORJ,CIUPERCENI,http://www.primariaciuperceni.ro,yes,200,http://www.primariaciuperceni.ro,,yes,wordpress,https://primariaciuperceni.ro/feed,yes,2026-08-04,,
GORJ,BUSTUCHIN,https://primaria-bustuchin.ro,yes,200,https://primaria-bustuchin.ro,,yes,wordpress,https://www.primaria-bustuchin.ro/feed/,yes,2026-08-25,,
GORJ,LOGRESTI,https://www.primaria-logresti.ro,yes,200,https://www.primaria-logresti.ro,,yes,joomla,https://www.primaria-logresti.ro/index.php?format=feed&type=rss,yes,2026-06-30,,
GORJ,POLOVRAGI,https://comunapolovragi.ro,yes,200,https://comunapolovragi.ro,,yes,wordpress,https://comunapolovragi.ro/feed/,yes,2026-07-17,,
GORJ,CAPRENI,http://primariacapreni.ro,yes,200,http://primariacapreni.ro,,yes,wordpress,https://www.primariacapreni.ro/feed/,yes,2026-08-14,,
GORJ,PRIGORIA,http://www.primariaprigoria.ro,yes,200,http://www.primariaprigoria.ro,,yes,wordpress,https://primariaprigoria.ro/feed/,yes,2026-09-04,,
GORJ,SCOARTA,https://primariascoarta.ro,yes,200,https://primariascoarta.ro,,yes,wordpress,https://primariascoarta.ro/feed/,yes,2026-08-21,,
GORJ,PESTISANI,http://www.pestisani.ro,yes,200,http://www.pestisani.ro,,yes,wordpress,https://www.pestisani.ro/feed/,yes,2026-09-04,,
GORJ,ORAS NOVACI,https://primarianovaci.ro,yes,200,https://primarianovaci.ro,,yes,wordpress,https://www.primarianovaci.ro/feed/,yes,2026-09-01,,
GORJ,TURBUREA,http://www.primariaturburea.ro,yes,200,http://www.primariaturburea.ro,,yes,wordpress,https://www.primariaturburea.ro/index.php/feed/,yes,2026-08-13,,
GORJ,DANESTI,https://comunadanesti.ro,yes,200,https://comunadanesti.ro,,yes,wordpress,https://www.comunadanesti.ro/feed/,yes,2026-09-01,,
GORJ,TANTARENI,http://www.primariatantareni.ro,yes,200,http://www.primariatantareni.ro,,yes,wordpress,https://primariatantareni.ro/feed/,yes,2026-06-18,,
HARGHITA,CORBU,https://www.primariacorbuhr.ro,yes,200,https://www.primariacorbuhr.ro,,yes,wordpress,https://www.primariacorbuhr.ro/feed/,yes,2026-07-22,,
HARGHITA,ORAS VLAHITA,https://szentegyhazavaros.ro/ro/contact,yes,200,https://szentegyhazavaros.ro/ro/contact,,yes,wordpress,https://www.primariavlahita.ro/ro/feed/,yes,2026-08-25,,
HARGHITA,GALAUTAS,https://www.primariagalautas.ro,yes,200,https://www.primariagalautas.ro,,yes,wordpress,https://www.primariagalautas.ro/feed/,yes,2026-09-02,,
HARGHITA,LELICENI,http://csikszentlelek.ro,yes,200,http://csikszentlelek.ro,,yes,wordpress,https://csikszentlelek.ro/web/feed/,yes,2026-06-04,,
GORJ,ROSIA DE AMARADIA,http://www.rosiadeamaradia.ro,yes,200,http://www.rosiadeamaradia.ro,,yes,wordpress,https://www.rosiadeamaradia.ro/feed/,yes,2026-08-25,,
HARGHITA,CICEU,https://www.csikcsicso.ro,yes,200,https://www.csikcsicso.ro,,yes,other,https://csikcsicso.ro/rss,yes,2026-08-30,,
HARGHITA,MUNICIPIUL TOPLITA,https://www.primariatoplita.ro,yes,200,https://www.primariatoplita.ro,,yes,wordpress,https://primariatoplita.ro/feed/,yes,2026-09-03,,
HARGHITA,DEALU,https://www.comunadealu.ro,yes,200,https://www.comunadealu.ro,,yes,wordpress,https://comunadealu.ro/feed/,yes,2026-06-02,,
HARGHITA,RACU,http://rakos.ro/ro,yes,200,http://rakos.ro/ro,,yes,other,https://rakos.ro/rss,yes,2026-08-06,,
HARGHITA,SANTIMBRU,https://santimbru.ro,yes,200,https://santimbru.ro,,yes,e-adm,https://santimbru.ro/rss,yes,2026-08-06,,
HUNEDOARA,MUNICIPIUL BRAD,http://primariabrad.ro,yes,200,http://primariabrad.ro,,yes,wordpress,https://primariabrad.ro/feed/,yes,2026-08-19,,
HUNEDOARA,BANITA,https://banita.ro,yes,200,https://banita.ro,,yes,wordpress,https://banita.ro/feed/,yes,2026-08-11,,
HUNEDOARA,ORAS URICANI,http://orasuluricani.ro,yes,200,http://orasuluricani.ro,,yes,wordpress,https://orasuluricani.ro/feed/,yes,2026-07-24,,
GIURGIU,MUNICIPIUL GIURGIU,http://www.primariagiurgiu.ro,yes,200,http://www.primariagiurgiu.ro,,yes,wordpress,https://primariagiurgiu.ro/feed/,yes,2026-09-04,,
HUNEDOARA,BAIA DE CRIS,https://www.baia-de-cris.ro,yes,200,https://www.baia-de-cris.ro,,yes,wordpress,https://www.baia-de-cris.ro/feed/,yes,2026-08-14,,
HARGHITA,PLAIESII DE JOS,https://ro.kaszon.ro,yes,200,https://ro.kaszon.ro,,yes,wordpress,https://ro.kaszon.ro/blog-feed.xml,yes,2026-07-06,,
HUNEDOARA,BRANISCA,https://www.primariabranisca.ro,yes,200,https://www.primariabranisca.ro,,yes,wordpress,https://primariabranisca.ro/feed/,yes,2026-08-25,,
HUNEDOARA,BOSOROD,https://www.comunabosorod.ro,yes,200,https://www.comunabosorod.ro,,yes,wordpress,https://comunabosorod.ro/feed/,yes,2026-09-03,,
HUNEDOARA,BUNILA,https://primariacomuneibunila.ro/bunila,yes,200,https://primariacomuneibunila.ro/bunila,,yes,joomla,https://primariacomuneibunila.ro/bunila/index.php?format=feed&type=rss,yes,2026-07-06,,
HUNEDOARA,PESTISU MIC,http://primariapestisumic.ro,yes,200,http://primariapestisumic.ro,,yes,wordpress,https://primariapestisumic.ro/feed/,yes,2026-09-03,,
HARGHITA,TUSNAD,https://www.primariatusnad.ro,yes,200,https://www.primariatusnad.ro,,yes,wordpress,https://primariatusnad.ro/ro/feed/,yes,2026-09-04,,
HUNEDOARA,RACHITOVA,http://www.primariarachitova.ro,yes,200,http://www.primariarachitova.ro,,yes,wordpress,https://primariarachitova.ro/feed/,yes,2026-01-29,,
HUNEDOARA,ORAS CALAN,http://www.primariacalan.ro,yes,200,http://www.primariacalan.ro,,yes,wordpress,https://www.primariacalan.ro/?feed=rss2,yes,2026-09-02,,
HARGHITA,MERESTI,https://homorodalmas.ro,yes,200,https://homorodalmas.ro,,yes,wordpress,https://homorodalmas.ro/language/ro/feed/,yes,2026-07-31,,
HUNEDOARA,BRETEA ROMANA,https://www.bretea-romana.ro,yes,200,https://www.bretea-romana.ro,,yes,wordpress,https://bretea-romana.ro/feed/,yes,2026-09-03,,
HUNEDOARA,SALASU DE SUS,https://comuna-salasudesus.ro,yes,200,https://comuna-salasudesus.ro,,yes,wordpress,https://comuna-salasudesus.ro/feed/,yes,2026-09-01,,
HUNEDOARA,VATA DE JOS,https://primariavatadejos.ro,yes,200,https://primariavatadejos.ro,,yes,wordpress,https://primariavatadejos.ro/feed/,yes,2026-07-09,,
HUNEDOARA,ROMOS,https://romos.ro,yes,200,https://romos.ro,,yes,wordpress,https://romos.ro/feed/,yes,2026-08-18,,
HUNEDOARA,PUI,https://www.primaria-pui.ro,yes,200,https://www.primaria-pui.ro,,yes,wordpress,https://primaria-pui.ro/feed/,yes,2026-06-18,,
IALOMITA,ORAS CAZANESTI,https://www.primariacazanestiil.ro,yes,200,https://www.primariacazanestiil.ro,,yes,joomla,https://www.primariacazanestiil.ro/index.php?format=feed&type=rss,yes,2026-08-20,,
HUNEDOARA,VETEL,https://primaria-vetel-hd.ro,yes,200,https://primaria-vetel-hd.ro,,yes,wordpress,https://primaria-vetel-hd.ro/feed/,yes,2026-05-14,,
HUNEDOARA,VALISOARA,https://www.primariavalisoara.ro,yes,200,https://www.primariavalisoara.ro,,yes,wordpress,https://primariavalisoara.ro/feed/,yes,2026-03-02,,
IALOMITA,ORAS TANDAREI,http://primaria-tandarei.ro,yes,200,http://primaria-tandarei.ro,,yes,drupal,https://primaria-tandarei.ro/rss.xml,yes,2026-09-04,,
IALOMITA,MUNICIPIUL SLOBOZIA,http://www.sloboziail.ro,yes,200,http://www.sloboziail.ro,,yes,wordpress,https://municipiulslobozia.ro/feed/,yes,2026-09-04,,
HUNEDOARA,TOTESTI,https://www.totesti.ro,yes,200,https://www.totesti.ro,,yes,wordpress,https://totesti.ro/feed/,yes,2026-08-27,,
HUNEDOARA,ORASTIOARA DE SUS,http://comuna-orastioaradesus.ro,yes,200,http://comuna-orastioaradesus.ro,,yes,wordpress,https://comuna-orastioaradesus.ro/feed/,yes,2026-08-17,,
IALOMITA,DRIDU,https://www.primariadridu.ro,yes,200,https://www.primariadridu.ro,,yes,wordpress,https://www.primariadridu.ro/feed/,yes,2026-09-02,,
IALOMITA,COLELIA,https://colelia.judetulialomita.ro,yes,200,https://colelia.judetulialomita.ro,,yes,wordpress,https://colelia.judetulialomita.ro/feed/,yes,2026-07-01,,
IALOMITA,ORAS AMARA,https://www.primaria-amara.ro,yes,200,https://www.primaria-amara.ro,,yes,wordpress,https://primaria-amara.ro/feed/,yes,2026-09-04,,
IALOMITA,CIULNITA,https://www.primariaciulnita.ro,yes,200,https://www.primariaciulnita.ro,,yes,wordpress,https://www.primariaciulnita.ro/feed/,yes,2026-09-02,,
IALOMITA,BUCU,http://www.primariabucu.ro,yes,200,http://www.primariabucu.ro,,yes,joomla,https://www.primariabucu.ro/index.php?format=feed&type=rss,yes,2026-08-26,,
HUNEDOARA,TELIUCU INFERIOR,http://www.comuna-teliucu-inferior.ro,yes,200,http://www.comuna-teliucu-inferior.ro,,yes,wordpress,https://www.comuna-teliucu-inferior.ro/feed/,yes,2026-08-27,,
IALOMITA,SCANTEIA,http://primariascanteia.ro,yes,200,http://primariascanteia.ro,,yes,wordpress,https://www.primariascanteia.ro/feed/,yes,2026-08-21,,
IALOMITA,MARCULESTI,http://primariamarculesti.ro,yes,200,http://primariamarculesti.ro,,yes,drupal,https://primariamarculesti.ro/rss.xml,yes,2026-06-17,,
HUNEDOARA,TOPLITA,https://toplita-hunedoara.ro,yes,200,https://toplita-hunedoara.ro,,yes,wordpress,https://toplita-hunedoara.ro/feed/,yes,2026-07-24,,
IASI,DELENI,https://comunadeleni.com,yes,200,https://comunadeleni.com,,yes,wordpress,https://comunadeleni.com/feed/,yes,2026-09-03,,
IASI,ORAS PODU ILOAIEI,https://poduiloaiei.ro,yes,200,https://poduiloaiei.ro,,yes,wordpress,https://poduiloaiei.ro/feed/,yes,2026-07-09,,
IASI,CIUREA,https://www.comunaciurea.ro,yes,200,https://www.comunaciurea.ro,,yes,wordpress,https://comunaciurea.ro/feed/,yes,2026-09-04,,
IASI,ALEXANDRU I. CUZA,https://primariaicuza.ro,yes,200,https://primariaicuza.ro,,yes,wordpress,https://primariaicuza.ro/feed/,yes,2026-08-27,,
IASI,LETCANI,http://comunaletcani.ro,yes,200,http://comunaletcani.ro,,yes,wordpress,https://comunaletcani.ro/feed/,yes,2026-09-04,,
IASI,ORAS TARGU FRUMOS,http://primariatgfrumos.ro,yes,200,http://primariatgfrumos.ro,,yes,wordpress,https://primariatgfrumos.ro/feed/,yes,2026-09-01,,
IASI,MIROSLAVA,https://www.primariamiroslava.ro,yes,200,https://www.primariamiroslava.ro,,yes,wordpress,https://www.primariamiroslava.ro/feed/,yes,2026-08-21,,
IASI,MIROSLOVESTI,https://comunamiroslovesti.ro,yes,200,https://comunamiroslovesti.ro,,yes,wordpress,https://comunamiroslovesti.ro/feed/,yes,2026-08-12,,
IASI,MOTCA,https://comunamotca.ro,yes,200,https://comunamotca.ro,,yes,wordpress,https://comunamotca.ro/feed/,yes,2026-09-04,,
IASI,MIRONEASA,http://www.primariamironeasa.ro,yes,200,http://www.primariamironeasa.ro,,yes,other,https://primariamironeasa.ro/feed/,yes,2026-09-01,,
IASI,HOLBOCA,https://www.comunaholboca.ro,yes,200,https://www.comunaholboca.ro,,yes,wordpress,https://comunaholboca.ro/feed/,yes,2026-09-04,,
IASI,OTELENI,http://primariaoteleni.ro,yes,200,http://primariaoteleni.ro,,yes,wordpress,https://primariaoteleni.ro/feed/,yes,2026-09-02,,
IASI,PLUGARI,http://comunaplugari.ro,yes,200,http://comunaplugari.ro,,yes,wordpress,https://comunaplugari.ro/feed/,yes,2026-07-01,,
IASI,ION NECULCE,https://primaria-ionneculce.ro,yes,200,https://primaria-ionneculce.ro,,yes,wordpress,https://primaria-ionneculce.ro/feed/,yes,2026-06-29,,
IASI,POPESTI,http://www.primariapopestiiasi.ro,yes,200,http://www.primariapopestiiasi.ro,,yes,wordpress,https://www.primariapopestiiasi.ro/feed/,yes,2026-08-17,,
IASI,PROBOTA,http://primariaprobota.ro,yes,200,http://primariaprobota.ro,,yes,wordpress,https://primariaprobota.ro/feed/,yes,2026-08-26,,
HUNEDOARA,SANTAMARIA-ORLEA,https://www.santamariaorlea.ro,yes,200,https://www.santamariaorlea.ro,,yes,wordpress,https://www.santamariaorlea.ro/feed/,yes,2026-09-01,,
IASI,POPRICANI,https://primariapopricani.ro,yes,200,https://primariapopricani.ro,,yes,wordpress,http://primariapopricani.ro/feed/,yes,2026-08-10,,
IASI,MADARJAC,http://www.comunamadarjac.ro,yes,200,http://www.comunamadarjac.ro,,yes,wordpress,https://www.comunamadarjac.ro/feed/,yes,2026-08-28,,
IASI,REDIU,https://www.primariarediu.ro,yes,200,https://www.primariarediu.ro,,yes,wordpress,https://www.primariarediu.ro/feed/,yes,2026-07-27,,
IASI,RACHITENI,https://primariarachiteni.ro,yes,200,https://primariarachiteni.ro,,yes,wordpress,https://primariarachiteni.ro/feed/,yes,2026-08-24,,
ILFOV,ORAS MAGURELE,https://primariamagurele.ro,yes,200,https://primariamagurele.ro,,yes,wordpress,https://primariamagurele.ro/feed,yes,2026-08-12,,
ILFOV,ORAS PANTELIMON,http://www.primariapantelimon.ro,yes,200,http://www.primariapantelimon.ro,,yes,wordpress,https://www.primariapantelimon.ro/feed/,yes,2026-08-31,,
ILFOV,ORAS BUFTEA,http://www.primariabuftea.ro,yes,200,http://www.primariabuftea.ro,,yes,wordpress,https://www.primariabuftea.ro/feed/,yes,2026-09-03,,
ILFOV,AFUMATI,https://www.primariaafumati.ro,yes,200,https://www.primariaafumati.ro,,yes,joomla,https://www.primariaafumati.ro/?format=feed&type=rss,yes,2026-08-03,,
ILFOV,1 DECEMBRIE,http://primaria1decembrie.ro,yes,200,http://primaria1decembrie.ro,,yes,wordpress,https://primaria1decembrie.ro/feed/,yes,2026-09-02,,
IASI,MOSNA,http://www.mosnaiasi.ro,yes,200,http://www.mosnaiasi.ro,,yes,wordpress,https://mosnaiasi.ro/feed/,yes,2026-08-31,,
ILFOV,BERCENI,https://www.primariaberceni.ro,yes,200,https://www.primariaberceni.ro,,yes,wordpress,https://www.primariaberceni.ro/feed/,yes,2026-08-26,,
IASI,SCOBINTI,http://www.primariascobinti.ro,yes,200,http://www.primariascobinti.ro,,yes,wordpress,https://www.primariascobinti.ro/feed/,yes,2026-08-27,,
ILFOV,COPACENI,https://primariacopaceniilfov.ro,yes,200,https://primariacopaceniilfov.ro,,yes,e-adm,https://primariacopaceniilfov.ro/feed/,yes,2026-07-31,,
ILFOV,JILAVA,http://primariajilava.ro,yes,200,http://primariajilava.ro,,yes,wordpress,https://primariajilava.ro/feed/,yes,2026-09-03,,
ILFOV,CHIAJNA,https://www.primariachiajna.ro,yes,200,https://www.primariachiajna.ro,,yes,wordpress,https://www.primariachiajna.ro/feed/,yes,2026-08-20,,
ILFOV,DOMNESTI,https://primariadomnesti.ro,yes,200,https://primariadomnesti.ro,,yes,wordpress,https://primariadomnesti.ro/feed/,yes,2026-09-03,,
ILFOV,VIDRA,http://www.primaria-vidra.ro,yes,200,http://www.primaria-vidra.ro,,yes,wordpress,https://primaria-vidra.ro/feed/,yes,2026-09-03,,
ILFOV,CORNETU,http://primariacornetu.ro,yes,200,http://primariacornetu.ro,,yes,wordpress,https://www.primariacornetu.ro/feed/,yes,2026-08-07,,
ILFOV,MOARA VLASIEI,https://www.primariamoara-vlasiei.ro,yes,200,https://www.primariamoara-vlasiei.ro,,yes,wordpress,https://www.primariamoara-vlasiei.ro/feed/,yes,2026-08-13,,
ILFOV,CORBEANCA,http://www.primariacorbeanca.ro,yes,200,http://www.primariacorbeanca.ro,,yes,wordpress,https://pcc.ro/feed/,yes,2026-09-04,,
ILFOV,GANEASA,http://primariaganeasailfov.ro,yes,200,http://primariaganeasailfov.ro,,yes,wordpress,https://primariaganeasailfov.ro/feed/,yes,2026-08-07,,
MARAMURES,ORAS TAUTII-MAGHERAUS,https://www.tautiimagheraus.ro,yes,200,https://www.tautiimagheraus.ro,,yes,wordpress,https://tautiimagheraus.ro/feed/,yes,2026-08-17,,
MARAMURES,ORAS BAIA SPRIE,https://www.baiasprie.ro,yes,200,https://www.baiasprie.ro,,yes,joomla,https://www.baiasprie.ro/index.php?format=feed&type=rss,yes,2026-07-23,,
MARAMURES,ORAS SEINI,https://www.seini.ro,yes,200,https://www.seini.ro,,yes,wordpress,https://seini.ro/feed/,yes,2026-09-04,,
ILFOV,DOBROESTI,https://www.primariadobroesti.ro,yes,200,https://www.primariadobroesti.ro,,yes,wordpress,https://www.primariadobroesti.ro/feed/,yes,2026-09-03,,
IASI,HALAUCESTI,https://www.primariahalaucesti.ro,yes,200,https://www.primariahalaucesti.ro,,yes,wordpress,https://primariahalaucesti.ro/website/feed/,yes,2026-08-05,,
MARAMURES,BOGDAN VODA,https://primariabogdanvoda.ro,yes,200,https://primariabogdanvoda.ro,,yes,wordpress,https://primariabogdanvoda.ro/feed/,yes,2026-06-24,,
MARAMURES,ORAS ULMENI,http://www.primariaulmenimm.ro,yes,200,http://www.primariaulmenimm.ro,,yes,wordpress,https://primariaulmenimm.ro/feed/,yes,2026-08-18,,
MARAMURES,FARCASA,http://www.farcasa-maramures.ro,yes,200,http://www.farcasa-maramures.ro,,yes,wordpress,https://farcasa-maramures.ro/feed/,yes,2026-08-21,,
ILFOV,CIOLPANI,https://www.primariaciolpani.ro,yes,200,https://www.primariaciolpani.ro,,yes,e-adm,https://primariaciolpani.ro/feed/,yes,2026-04-21,,
ILFOV,STEFANESTII DE JOS,https://primariastefanesti.ro,yes,200,https://primariastefanesti.ro,,yes,wordpress,https://primariastefanesti.ro/feed/,yes,2026-09-02,,
ILFOV,NUCI,https://primarianuciilfov.ro,yes,200,https://primarianuciilfov.ro,,yes,wordpress,https://primarianuciilfov.ro/feed/,yes,2026-08-21,,
MARAMURES,DESESTI,https://www.primariadesestimm.ro,yes,200,https://www.primariadesestimm.ro,,yes,wordpress,https://primariadesestimm.ro/feed/,yes,2026-08-18,,
ILFOV,ORAS CHITILA,http://www.primariachitila.ro,yes,200,http://www.primariachitila.ro,,yes,wordpress,https://primariachitila.ro/new/feed/,yes,2026-09-01,,
ILFOV,PETRACHIOAIA,https://primaria-petrachioaia.ro,yes,200,https://primaria-petrachioaia.ro,,yes,e-adm,https://primaria-petrachioaia.ro/feed/,yes,2026-07-06,,
MEHEDINTI,ORAS VANJU MARE,http://primariavinjumare.ro,yes,200,http://primariavinjumare.ro,,yes,wordpress,https://primariavinjumare.ro/feed/,yes,2026-08-31,,
MEHEDINTI,ORAS STREHAIA,http://www.primariastrehaia.ro,yes,200,http://www.primariastrehaia.ro,,yes,wordpress,https://www.primariastrehaia.ro/feed,yes,2026-07-22,,
MARAMURES,MUNICIPIUL BAIA MARE,https://www.baiamare.ro/ro,yes,200,https://www.baiamare.ro/ro,,yes,e-adm,https://www.baiamare.ro/rss.xml,yes,2026-09-05,,
MARAMURES,CICARLAU,https://www.primariacicarlau.ro,yes,200,https://www.primariacicarlau.ro,,yes,wordpress,https://primariacicarlau.ro/feed/,yes,2026-08-14,,
MEHEDINTI,MUNICIPIUL DROBETA-TURNU SEVERIN,https://primariadrobeta.ro,yes,200,https://primariadrobeta.ro,,yes,wordpress,https://primariadrobeta.ro/feed/,yes,2026-08-27,,
MEHEDINTI,BREZNITA-OCOL,http://www.breznitaocolprimaria.ro,yes,200,http://www.breznitaocolprimaria.ro,,yes,wordpress,https://www.breznitaocolprimaria.ro/feed/,yes,2026-04-09,,
MEHEDINTI,BALVANESTI,https://balvanesti.ro,yes,200,https://balvanesti.ro,,yes,wordpress,https://www.balvanesti.ro/feed/,yes,2026-03-11,,
MURES,ALBESTI,http://www.comunaalbesti.ro,yes,200,http://www.comunaalbesti.ro,,yes,wordpress,https://comunaalbesti.ro/feed/,yes,2026-09-03,,
MARAMURES,SACALASENI,https://www.sacalaseni.ro,yes,200,https://www.sacalaseni.ro,,yes,wordpress,https://sacalaseni.ro/feed/,yes,2026-08-26,,
MEHEDINTI,BACLES,https://primariabacles.ro,yes,200,https://primariabacles.ro,,yes,wordpress,https://primariabacles.ro/rss,yes,2026-08-03,,
MURES,MUNICIPIUL TARGU MURES,https://www.tirgumures.ro,yes,200,https://www.tirgumures.ro,,yes,joomla,https://www.tirgumures.ro/index.php?format=feed&type=rss&lang=ro,yes,2026-09-02,,
MURES,MUNICIPIUL TARNAVENI,https://primariatarnaveni.ro,yes,200,https://primariatarnaveni.ro,,yes,wordpress,https://primariatarnaveni.ro/feed/,yes,2026-09-04,,
MURES,ADAMUS,https://primariaadamus.ro,yes,200,https://primariaadamus.ro,,yes,wordpress,https://primariaadamus.ro/feed/,yes,2026-08-07,,
MURES,ORAS SARMASU,https://orasulsarmasu.ro,yes,200,https://orasulsarmasu.ro,,yes,wordpress,https://sarmasu.ro/feed/,yes,2026-05-12,,
MURES,COZMA,https://primariacozma.ro,yes,200,https://primariacozma.ro,,yes,wordpress,https://primariacozma.ro/feed/,yes,2026-03-10,,
MURES,BEICA DE JOS,https://www.beica.ro,yes,200,https://www.beica.ro,,yes,wordpress,https://beica.ro/feed,yes,2026-08-31,,
MURES,ORAS UNGHENI,https://www.primariaungheni.ro,yes,200,https://www.primariaungheni.ro,,yes,wordpress,https://www.primariaungheni.ro/feed/,yes,2026-09-03,,
MURES,COROISANMARTIN,https://www.comunacoroisinmartin.ro,yes,200,https://www.comunacoroisinmartin.ro,,yes,wordpress,https://comunacoroisinmartin.ro/feed,yes,2026-08-31,,
MURES,BAND,https://comunaband.ro,yes,200,https://comunaband.ro,,yes,wordpress,https://comunaband.ro/feed/,yes,2026-09-03,,
MURES,ORAS SOVATA,https://primariasovata.ro,yes,200,https://primariasovata.ro,,yes,wordpress,https://primariasovata.ro/feed/,yes,2026-07-30,,
MURES,HODAC,http://www.hodac.ro,yes,200,http://www.hodac.ro,,yes,wordpress,https://www.hodac.ro/feed/,yes,2026-09-02,,
MEHEDINTI,PONOARELE,http://www.ponoarele.ro,yes,200,http://www.ponoarele.ro,,yes,wordpress,https://ponoarele.ro/feed/,yes,2026-09-03,,
MURES,ORAS MIERCUREA NIRAJULUI,http://www.miercureanirajului.ro,yes,200,http://www.miercureanirajului.ro,,yes,wordpress,https://miercureanirajului.ro/ro/feed/,yes,2026-05-07,,
MURES,DEDA,https://www.primariadeda.ro,yes,200,https://www.primariadeda.ro,,yes,wordpress,https://primariadeda.ro/feed/,yes,2026-09-02,,
MURES,IDECIU DE JOS,http://ideciudejos.ro,yes,200,http://ideciudejos.ro,,yes,wordpress,https://ideciudejos.ro/feed/,yes,2026-09-03,,
MURES,ICLANZEL,https://comunaiclanzel.ro,yes,200,https://comunaiclanzel.ro,,yes,wordpress,https://comunaiclanzel.ro/feed/,yes,2026-07-27,,
MURES,LIVEZENI,http://comunalivezeni.ro,yes,200,http://comunalivezeni.ro,,yes,wordpress,https://comunalivezeni.ro/feed/,yes,2026-07-08,,
MURES,BAHNEA,https://comunabahnea.ro,yes,200,https://comunabahnea.ro,,yes,wordpress,https://comunabahnea.ro/feed,yes,2026-08-05,,
MURES,SAULIA,https://www.saulia.ro,yes,200,https://www.saulia.ro,,yes,wordpress,https://saulia.ro/feed/,yes,2026-08-04,,
MURES,SANGER,https://www.comunasanger.ro,yes,200,https://www.comunasanger.ro,,yes,wordpress,https://comunasanger.ro/feed/,yes,2026-09-03,,
MURES,CRISTESTI,http://www.cristestimures.ro,yes,200,http://www.cristestimures.ro,,yes,wordpress,https://cristestimures.ro/feed/,yes,2026-09-02,,
MURES,SUPLAC,https://www.primariasuplac.ro,yes,200,https://www.primariasuplac.ro,,yes,wordpress,https://primariasuplac.ro/feed/,yes,2026-01-30,,
MURES,SANPAUL,https://www.comunasinpaul.ro,yes,200,https://www.comunasinpaul.ro,,yes,wordpress,https://www.comunasinpaul.ro/feed/,yes,2026-09-01,,
MURES,CEUASU DE CAMPIE,https://www.ceuasudecampie.ro,yes,200,https://www.ceuasudecampie.ro,,yes,wordpress,https://www.ceuasudecampie.ro/feed/,yes,2026-08-28,,
MURES,IBANESTI,https://www.ibanesti.ro,yes,200,https://www.ibanesti.ro,,yes,wordpress,https://ibanesti.ro/feed/,yes,2026-09-01,,
MURES,SASCHIZ,https://www.saschiz.ro,yes,200,https://www.saschiz.ro,,yes,wordpress,https://saschiz.ro/feed/,yes,2026-03-12,,
MURES,SANTANA DE MURES,https://www.sintana.ro,yes,200,https://www.sintana.ro,,yes,wordpress,https://www.sintana.ro/feed/,yes,2026-05-22,,
MEHEDINTI,SOVARNA,http://primariasovarna.ro,yes,200,http://primariasovarna.ro,,yes,wordpress,https://www.primariasovarna.ro/feed/,yes,2026-01-13,,
MURES,ALUNIS,http://www.primaria-alunis.ro,yes,200,http://www.primaria-alunis.ro,,yes,wordpress,https://www.primaria-alunis.ro/feed/,yes,2026-09-03,,
MURES,RICIU,https://www.comunariciu.ro,yes,200,https://www.comunariciu.ro,,yes,wordpress,https://comunariciu.ro/feed/,yes,2026-04-03,,
NEAMT,MUNICIPIUL ROMAN,https://primariaroman.ro/contact,yes,200,https://primariaroman.ro/contact,,yes,wordpress,https://primariaroman.ro/feed/,yes,2026-09-04,,
NEAMT,BOGHICEA,https://www.comunaboghicea.ro,yes,200,https://www.comunaboghicea.ro,,yes,wordpress,https://www.comunaboghicea.ro/feed/,yes,2026-08-27,,
MURES,SOLOVASTRU,https://www.solovastru.ro,yes,200,https://www.solovastru.ro,,yes,wordpress,https://solovastru.ro/feed/,yes,2026-08-20,,
MURES,ZAGAR,https://www.primariazagar.ro,yes,200,https://www.primariazagar.ro,,yes,wordpress,https://www.primariazagar.ro/feed,yes,2026-08-19,,
NEAMT,BODESTI,https://www.bodesti.ro,yes,200,https://www.bodesti.ro,,yes,wordpress,https://www.bodesti.ro/feed/,yes,2026-03-16,,
NEAMT,CRACAOANI,http://www.comunacracaoani.ro,yes,200,http://www.comunacracaoani.ro,,yes,wordpress,https://www.comunacracaoani.ro/feed/,yes,2026-08-26,,
NEAMT,CORDUN,http://www.primariacordun.ro,yes,200,http://www.primariacordun.ro,,yes,wordpress,https://www.primariacordun.ro/feed/,yes,2026-08-27,,
NEAMT,ORAS TARGU NEAMT,https://www.primariatarguneamt.ro,yes,200,https://www.primariatarguneamt.ro,,yes,wordpress,https://www.primariatarguneamt.ro/feed,yes,2026-09-03,,
NEAMT,DOCHIA,https://www.comunadochia.ro,yes,200,https://www.comunadochia.ro,,yes,wordpress,https://comunadochia.ro/?feed=rss2,yes,2026-06-16,,
NEAMT,DRAGOMIRESTI,http://www.dragomiresti.ro,yes,200,http://www.dragomiresti.ro,,yes,wordpress,https://www.dragomiresti.ro/feed/,yes,2026-08-24,,
NEAMT,DOLJESTI,https://primariadoljesti.ro,yes,200,https://primariadoljesti.ro,,yes,wordpress,https://primariadoljesti.ro/feed/,yes,2026-07-02,,
NEAMT,HORIA,https://primariahorianeamt.ro,yes,200,https://primariahorianeamt.ro,,yes,wordpress,https://primariahorianeamt.ro/feed/,yes,2026-09-02,,
MURES,POGACEAUA,https://pogaceaua.ro,yes,200,https://pogaceaua.ro,,yes,wordpress,https://pogaceaua.ro/feed/,yes,2026-06-26,,
NEAMT,FAUREI,http://www.comunafaurei.ro,yes,200,http://www.comunafaurei.ro,,yes,wordpress,https://www.comunafaurei.ro/feed/,yes,2026-08-27,,
NEAMT,GADINTI,https://www.gadinti.ro,yes,200,https://www.gadinti.ro,,yes,wordpress,https://www.gadinti.ro/feed/,yes,2026-09-02,,
MURES,SINCAI,https://www.primariasincai.ro,yes,200,https://www.primariasincai.ro,,yes,wordpress,https://primariasincai.ro/feed/,yes,2026-08-11,,
NEAMT,BOTESTI,http://www.comunabotesti.ro,yes,200,http://www.comunabotesti.ro,,yes,wordpress,https://comunabotesti.ro/feed/,yes,2026-07-22,,
NEAMT,GRUMAZESTI,http://www.comunagrumazesti.ro,yes,200,http://www.comunagrumazesti.ro,,yes,wordpress,https://www.comunagrumazesti.ro/feed/,yes,2026-09-01,,
MURES,VALEA LARGA,https://www.comunavalealarga.ro,yes,200,https://www.comunavalealarga.ro,,yes,wordpress,https://comunavalealarga.ro/feed/,yes,2026-08-21,,
NEAMT,COSTISA,http://www.comunacostisa.ro,yes,200,http://www.comunacostisa.ro,,yes,wordpress,https://www.comunacostisa.ro/feed/,yes,2026-08-21,,
NEAMT,DAMUC,http://www.comunadamuc.ro,yes,200,http://www.comunadamuc.ro,,yes,wordpress,https://comunadamuc.ro/feed/,yes,2026-02-18,,
MURES,ZAU DE CAMPIE,https://www.zaudecimpie.ro,yes,200,https://www.zaudecimpie.ro,,yes,wordpress,https://zaudecimpie.ro/feed,yes,2026-08-28,,
NEAMT,PASTRAVENI,http://www.pastraveni.ro,yes,200,http://www.pastraveni.ro,,yes,wordpress,https://www.pastraveni.ro/feed/,yes,2026-09-04,,
NEAMT,CANDESTI,http://www.candesti.ro,yes,200,http://www.candesti.ro,,yes,wordpress,https://candesti.ro/feed/,yes,2026-04-06,,
NEAMT,MARGINENI,https://primariamargineni.ro,yes,200,https://primariamargineni.ro,,yes,wordpress,https://primariamargineni.ro/feed/,yes,2026-07-13,,
NEAMT,DULCESTI,http://www.comunadulcesti.ro,yes,200,http://www.comunadulcesti.ro,,yes,wordpress,https://comunadulcesti.ro/feed,yes,2026-08-04,,
NEAMT,SECUIENI,http://www.primariasecuieni.ro,yes,200,http://www.primariasecuieni.ro,,yes,wordpress,https://www.primariasecuieni.ro/feed/,yes,2026-09-04,,
NEAMT,RAUCESTI,https://primariaraucesti.ro,yes,200,https://primariaraucesti.ro,,yes,wordpress,https://primariaraucesti.ro/feed/,yes,2026-08-31,,
NEAMT,NEGRESTI,http://negrestineamt.ro,yes,200,http://negrestineamt.ro,,yes,wordpress,https://negrestineamt.ro/feed/,yes,2026-01-25,,
NEAMT,MOLDOVENI,http://www.comunamoldoveni.ro,yes,200,http://www.comunamoldoveni.ro,,yes,wordpress,https://www.comunamoldoveni.ro/feed/,yes,2026-08-18,,
NEAMT,DUMBRAVA ROSIE,https://primariadvarosie.ro,yes,200,https://primariadvarosie.ro,,yes,wordpress,https://primariadvarosie.ro/feed/,yes,2026-09-04,,
NEAMT,TIBUCANI,http://www.primaria-tibucani.ro,yes,200,http://www.primaria-tibucani.ro,,yes,wordpress,https://www.primaria-tibucani.ro/feed/,yes,2026-08-26,,
NEAMT,RUGINOASA,http://www.primariaruginoasa.ro,yes,200,http://www.primariaruginoasa.ro,,yes,wordpress,https://www.primariaruginoasa.ro/feed/,yes,2026-09-02,,
NEAMT,POIENARI,https://www.comunapoienari.ro,yes,200,https://www.comunapoienari.ro,,yes,wordpress,https://www.comunapoienari.ro/feed/,yes,2026-08-26,,
NEAMT,GRINTIES,https://www.comunagrinties.ro,yes,200,https://www.comunagrinties.ro,,yes,wordpress,https://comunagrinties.ro/feed/,yes,2026-08-18,,
NEAMT,BRUSTURI,http://www.comunabrusturi.ro,yes,200,http://www.comunabrusturi.ro,,yes,wordpress,https://comunabrusturi.ro/feed/,yes,2026-09-02,,
NEAMT,TARCAU,https://tarcau.ro,yes,200,https://tarcau.ro,,yes,wordpress,https://www.tarcau.ro/feed/,yes,2026-06-17,,
NEAMT,TAZLAU,https://tazlau.ro,yes,200,https://tazlau.ro,,yes,wordpress,https://tazlau.ro/feed/,yes,2026-08-28,,
NEAMT,ROMANI,http://www.comunaromani.ro,yes,200,http://www.comunaromani.ro,,yes,wordpress,https://comunaromani.ro/feed/,yes,2026-06-16,,
NEAMT,VALEA URSULUI,http://www.valeaursului.ro,yes,200,http://www.valeaursului.ro,,yes,wordpress,https://www.valeaursului.ro/feed/,yes,2026-09-03,,
NEAMT,BOZIENI,http://www.primariabozieni.ro,yes,200,http://www.primariabozieni.ro,,yes,wordpress,https://comunabozieni.ro/feed/,yes,2026-07-17,,
OLT,MUNICIPIUL CARACAL,http://www.primariacaracal.ro,yes,200,http://www.primariacaracal.ro,,yes,wordpress,https://www.primariacaracal.ro/feed,yes,2026-09-02,,
OLT,ORAS PIATRA-OLT,https://primariapiatraolt.ro,yes,200,https://primariapiatraolt.ro,,yes,wordpress,https://primariapiatraolt.ro/feed,yes,2026-07-01,,
NEAMT,STANITA,https://comunastanita.ro,yes,200,https://comunastanita.ro,,yes,wordpress,https://comunastanita.ro/feed/,yes,2026-07-30,,
OLT,ORAS CORABIA,https://www.primariacorabia.ro,yes,200,https://www.primariacorabia.ro,,yes,wordpress,https://www.primariacorabia.ro/feed/,yes,2026-08-18,,
OLT,GRADINARI,https://primariagradinari-olt.ro,yes,200,https://primariagradinari-olt.ro,,yes,wordpress,https://primariagradinari-olt.ro/feed/,yes,2026-08-05,,
NEAMT,ICUSESTI,http://www.comunaicusesti.ro,yes,200,http://www.comunaicusesti.ro,,yes,wordpress,https://comunaicusesti.ro/feed,yes,2026-08-25,,
OLT,IZBICENI,http://www.izbiceniolt.ro,yes,200,http://www.izbiceniolt.ro,,yes,wordpress,https://primariaizbiceni.ro/feed/,yes,2026-08-07,,
NEAMT,VANATORI-NEAMT,https://www.vinatorineamt.ro,yes,200,https://www.vinatorineamt.ro,,yes,wordpress,https://www.vinatorineamt.ro/feed/,yes,2026-09-04,,
OLT,SCARISOARA,http://www.primariascarisoara.ro,yes,200,http://www.primariascarisoara.ro,,yes,wordpress,https://primariascarisoara.ro/feed/,yes,2026-07-14,,
PRAHOVA,ORAS COMARNIC,https://primariacomarnic.ro,yes,200,https://primariacomarnic.ro,,yes,wordpress,https://primariacomarnic.ro/feed/,yes,2026-08-06,,
PRAHOVA,MUNICIPIUL CAMPINA,http://www.primariacampina.ro,yes,200,http://www.primariacampina.ro,,yes,wordpress,https://www.primariacampina.ro/feed/,yes,2026-09-04,,
PRAHOVA,ORAS SINAIA,https://www.primaria-sinaia.ro,yes,200,https://www.primaria-sinaia.ro,,yes,wordpress,https://www.primaria-sinaia.ro/feed/,yes,2026-09-04,,
PRAHOVA,ORAS BREAZA,https://primariabreaza.ro,yes,200,https://primariabreaza.ro,,yes,wordpress,https://primariabreaza.ro/feed/,yes,2026-09-02,,
PRAHOVA,MUNICIPIUL PLOIESTI,https://www.ploiesti.ro,yes,200,https://www.ploiesti.ro,,yes,wordpress,https://ploiesti.ro/feed/rss/,yes,2026-09-04,,
PRAHOVA,ORAS BUSTENI,https://www.primaria-busteni.ro,yes,200,https://www.primaria-busteni.ro,,yes,wordpress,https://orasul-busteni.ro/feed/,yes,2026-02-25,,
PRAHOVA,ORAS URLATI,http://urlati-ph.ro,yes,200,http://urlati-ph.ro,,yes,wordpress,https://www.urlati-ph.ro/feed/,yes,2026-08-26,,
PRAHOVA,ARICESTII RAHTIVANI,https://www.comunaaricestiirahtivani.ro,yes,200,https://www.comunaaricestiirahtivani.ro,,yes,wordpress,https://comunaaricestiirahtivani.ro/feed/,yes,2026-09-04,,
PRAHOVA,ORAS BAICOI,https://www.primariabaicoi.ro,yes,200,https://www.primariabaicoi.ro,,yes,wordpress,https://primariabaicoi.ro/feed/,yes,2026-08-06,,
PRAHOVA,BARCANESTI,https://barcanesti.ro,yes,200,https://barcanesti.ro,,yes,wordpress,https://barcanesti.ro/feed/,yes,2026-08-20,,
PRAHOVA,COCORASTII MISLII,http://www.cocorastiimislii.ro,yes,200,http://www.cocorastiimislii.ro,,yes,joomla,https://www.cocorastiimislii.ro/?format=feed&type=rss,yes,2026-01-26,,
PRAHOVA,BRAZI,https://pcbrazi.ro,yes,200,https://pcbrazi.ro,,yes,wordpress,https://pcbrazi.ro/feed/,yes,2026-08-28,,
PRAHOVA,BOLDESTI-GRADISTEA,https://primariaboldestigradistea.ro,yes,200,https://primariaboldestigradistea.ro,,yes,wordpress,https://primariaboldestigradistea.ro/feed/,yes,2026-09-01,,
PRAHOVA,BERTEA,https://www.comunabertea.ro,yes,200,https://www.comunabertea.ro,,yes,wordpress,https://www.comunabertea.ro/feed/,yes,2026-08-17,,
PRAHOVA,GURA VADULUI,https://www.comunaguravadului.ro,yes,200,https://www.comunaguravadului.ro,,yes,wordpress,https://www.comunaguravadului.ro/feed/,yes,2026-06-09,,
PRAHOVA,FULGA,https://primariafulga.ro,yes,200,https://primariafulga.ro,,yes,wordpress,https://primariafulga.ro/feed/,yes,2026-08-20,,
PRAHOVA,BERCENI,https://www.primariaberceniph.ro,yes,200,https://www.primariaberceniph.ro,,yes,wordpress,https://www.primariaberceniph.ro/feed/,yes,2026-07-02,,
PRAHOVA,MANESTI,http://www.primaria-manesti.ro,yes,200,http://www.primaria-manesti.ro,,yes,wordpress,https://www.primaria-manesti.ro/feed/,yes,2026-06-16,,
PRAHOVA,GHERGHITA,https://www.primariacomuneigherghita.ro,yes,200,https://www.primariacomuneigherghita.ro,,yes,wordpress,https://primariacomuneigherghita.ro/feed/,yes,2026-07-14,,
PRAHOVA,PAULESTI,https://comunapaulesti.ro,yes,200,https://comunapaulesti.ro,,yes,wordpress,https://comunapaulesti.ro/feed/,yes,2026-09-03,,
PRAHOVA,DRAJNA,https://www.primaria-drajna.ro,yes,200,https://www.primaria-drajna.ro,,yes,wordpress,https://www.primaria-drajna.ro/feed/,yes,2026-08-24,,
PRAHOVA,MAGURELE,https://www.magurele-ph.ro,yes,200,https://www.magurele-ph.ro,,yes,wordpress,https://www.magurele-ph.ro/feed/,yes,2026-09-01,,
PRAHOVA,POIANA CAMPINA,http://primariapoiana-campina.ro,yes,200,http://primariapoiana-campina.ro,,yes,wordpress,https://primariapoiana-campina.ro/feed,yes,2026-08-06,,
PRAHOVA,PREDEAL-SARARI,https://primariapredeal-sarari.ro,yes,200,https://primariapredeal-sarari.ro,,yes,wordpress,https://primariapredeal-sarari.ro/feed/,yes,2026-08-11,,
PRAHOVA,SIRNA,https://comunasirna.ro,yes,200,https://comunasirna.ro,,yes,wordpress,https://comunasirna.ro/feed/,yes,2026-09-04,,
PRAHOVA,GORNET-CRICOV,https://www.primariagornetcricov.ro,yes,200,https://www.primariagornetcricov.ro,,yes,wordpress,https://primariagornetcricov.ro/feed/,yes,2026-09-01,,
PRAHOVA,SOTRILE,https://www.comunasotrile.ro,yes,200,https://www.comunasotrile.ro,,yes,wordpress,https://www.comunasotrile.ro/feed/,yes,2026-04-20,,
PRAHOVA,PROVITA DE JOS,https://comunaprovitadejos.ro,yes,200,https://comunaprovitadejos.ro,,yes,wordpress,https://www.comunaprovitadejos.ro/feed/,yes,2026-09-03,,
PRAHOVA,STEFESTI,http://www.primariastefesti.ro,yes,200,http://www.primariastefesti.ro,,yes,wordpress,https://primariastefesti.ro/feed/,yes,2026-08-20,,
SATU MARE,ORAS NEGRESTI-OAS,https://www.negresti-oas.ro,yes,200,https://www.negresti-oas.ro,,yes,wordpress,https://www.negresti-oas.ro/feed/,yes,2026-09-03,,
PRAHOVA,ADUNATI,https://www.comunaadunati.ro,yes,200,https://www.comunaadunati.ro,,yes,wordpress,https://comunaadunati.ro/feed/,yes,2026-07-06,,
PRAHOVA,VALEA DOFTANEI,https://www.primariavaleadoftanei.ro,yes,200,https://www.primariavaleadoftanei.ro,,yes,wordpress,https://www.primariavaleadoftanei.ro/feed/,yes,2026-02-27,,
PRAHOVA,CORNU,https://www.primariacornu.ro,yes,200,https://www.primariacornu.ro,,yes,wordpress,https://primariacornu.ro/feed/,yes,2026-08-19,,
PRAHOVA,VALEA CALUGAREASCA,https://www.primariavaleacalugareasca.ro,yes,200,https://www.primariavaleacalugareasca.ro,,yes,wordpress,https://www.primariavaleacalugareasca.ro/feed/,yes,2026-09-03,,
PRAHOVA,MAGURENI,https://www.comunamagureni.ro,yes,200,https://www.comunamagureni.ro,,yes,wordpress,https://comunamagureni.ro/feed/,yes,2026-05-13,,
SATU MARE,AGRIS,https://comunaagris.ro,yes,200,https://comunaagris.ro,,yes,wordpress,https://comunaagris.ro/ro/feed/,yes,2026-08-20,,
SATU MARE,DOROLT,https://primariadorolt.ro,yes,200,https://primariadorolt.ro,,yes,wordpress,https://primariadorolt.ro/feed/,yes,2026-09-01,,
SATU MARE,CIUMESTI,https://primariaciumesti.ro,yes,200,https://primariaciumesti.ro,,yes,wordpress,https://primariaciumesti.ro/feed/,yes,2026-08-06,,
PRAHOVA,TALEA,https://www.comunatalea.ro,yes,200,https://www.comunatalea.ro,,yes,wordpress,https://comunatalea.ro/feed/,yes,2026-07-06,,
PRAHOVA,MANECIU,https://primaria-maneciu.ro,yes,200,https://primaria-maneciu.ro,,yes,wordpress,https://primaria-maneciu.ro/feed/,yes,2026-09-04,,
SATU MARE,LAZURI,https://lazuri.ro,yes,200,https://lazuri.ro,,yes,wordpress,https://lazuri.ro/feed/,yes,2026-09-02,,
PRAHOVA,TINOSU,https://www.comunatinosu.ro,yes,200,https://www.comunatinosu.ro,,yes,wordpress,https://comunatinosu.ro/feed/,yes,2026-08-31,,
SATU MARE,HALMEU,https://www.halmeu.ro,yes,200,https://www.halmeu.ro,,yes,wordpress,https://halmeu.ro/feed/,yes,2026-09-03,,
SATU MARE,SACASENI,https://primaria-sacaseni.ro,yes,200,https://primaria-sacaseni.ro,,yes,wordpress,https://primaria-sacaseni.ro/feed/,yes,2026-08-27,,
SATU MARE,TEREBESTI,https://primariaterebesti.ro,yes,200,https://primariaterebesti.ro,,yes,wordpress,https://primariaterebesti.ro/feed/,yes,2026-08-31,,
SATU MARE,SANISLAU,https://www.primariasanislau.ro,yes,200,https://www.primariasanislau.ro,,yes,wordpress,https://www.primariasanislau.ro/feed/,yes,2026-08-27,,
SATU MARE,HOMOROADE,https://www.primariahomoroade.ro,yes,200,https://www.primariahomoroade.ro,,yes,wordpress,https://primariahomoroade.ro/feed/,yes,2026-08-31,,
PRAHOVA,ORAS SLANIC,https://www.primariaslanic.ro,yes,200,https://www.primariaslanic.ro,,yes,wordpress,https://primariaslanic.ro/index.php/feed/,yes,2026-09-02,,
SALAJ,ORAS SIMLEU SILVANIEI,https://www.simleusilvaniei.ro,yes,200,https://www.simleusilvaniei.ro,,yes,wordpress,https://www.simleusilvaniei.ro/feed/,yes,2026-08-21,,
PRAHOVA,VARBILAU,https://www.primaria-varbilau.ro,yes,200,https://www.primaria-varbilau.ro,,yes,wordpress,https://primaria-varbilau.ro/feed/,yes,2026-07-27,,
SALAJ,ORAS JIBOU,https://primariajibou.ro/site,yes,200,https://primariajibou.ro/site,,yes,wordpress,https://primariajibou.ro/site/feed/,yes,2026-07-08,,
SATU MARE,RACSA,https://www.racsasm.ro,yes,200,https://www.racsasm.ro,,yes,wordpress,https://racsasm.ro/feed/,yes,2026-09-01,,
SATU MARE,MOFTIN,https://www.primariamoftin.ro,yes,200,https://www.primariamoftin.ro,,yes,joomla,https://www.primariamoftin.ro/ro/?format=feed&type=rss,yes,2026-09-04,,
PRAHOVA,VADU SAPAT,https://www.comunavadusapat.ro,yes,200,https://www.comunavadusapat.ro,,yes,wordpress,https://comunavadusapat.ro/feed/,yes,2026-08-20,,
SALAJ,CRASNA,http://primariacrasna.ro,yes,200,http://primariacrasna.ro,,yes,wordpress,https://primariacrasna.ro/?feed=rss2,yes,2026-08-06,,
SALAJ,CIZER,http://www.primariacizer.ro,yes,200,http://www.primariacizer.ro,,yes,wordpress,https://www.primariacizer.ro/feed/,yes,2026-08-04,,
SALAJ,CREACA,https://comunacreaca.ro,yes,200,https://comunacreaca.ro,,yes,wordpress,https://comunacreaca.ro/feed/,yes,2026-08-28,,
SALAJ,PLOPIS,https://www.comunaplopis.ro,yes,200,https://www.comunaplopis.ro,,yes,wordpress,https://www.comunaplopis.ro/feed/,yes,2026-09-04,,
SALAJ,MARCA,http://marcasj.ro,yes,200,http://marcasj.ro,,yes,wordpress,https://marcasj.ro/feed/,yes,2026-09-01,,
SALAJ,MIRSID,http://www.comunamirsid.ro,yes,200,http://www.comunamirsid.ro,,yes,wordpress,https://comunamirsid.ro/feed/,yes,2026-08-10,,
SALAJ,NAPRADEA,https://primarianapradea.ro,yes,200,https://primarianapradea.ro,,yes,wordpress,https://primarianapradea.ro/feed/,yes,2026-09-03,,
SALAJ,ILEANDA,http://comunaileanda.ro,yes,200,http://comunaileanda.ro,,yes,wordpress,https://comunaileanda.ro/feed/,yes,2026-07-09,,
SALAJ,SAMSUD,https://samsud.ro,yes,200,https://samsud.ro,,yes,wordpress,https://samsud.ro/feed/,yes,2026-03-15,,
SALAJ,ROMANASI,https://www.primariaromanasi.ro,yes,200,https://www.primariaromanasi.ro,,yes,wordpress,https://www.primariaromanasi.ro/?feed=rss2,yes,2026-08-03,,
SALAJ,TREZNEA,https://primariatreznea.ro,yes,200,https://primariatreznea.ro,,yes,wordpress,https://primariatreznea.ro/feed/,yes,2026-07-31,,
SALAJ,HOROATU CRASNEI,https://www.comunahoroatucrasnei.ro,yes,200,https://www.comunahoroatucrasnei.ro,,yes,wordpress,https://www.comunahoroatucrasnei.ro/feed/,yes,2026-08-28,,
SALAJ,RUS,https://comunarus.ro,yes,200,https://comunarus.ro,,yes,wordpress,https://comunarus.ro/feed/,yes,2026-04-15,,
SALAJ,MAERISTE,http://comunamaeriste.ro,yes,200,http://comunamaeriste.ro,,yes,wordpress,https://comunamaeriste.ro/feed/,yes,2026-09-04,,
SALAJ,VALCAU DE JOS,https://primariavalcaudejos.ro/ro,yes,200,https://primariavalcaudejos.ro/ro,,yes,wordpress,https://www.primariavalcaudejos.ro/feed/,yes,2026-09-04,,
SIBIU,ORAS MIERCUREA SIBIULUI,http://www.miercureasibiului.ro,yes,200,http://www.miercureasibiului.ro,,yes,wordpress,https://www.miercureasibiului.ro/feed/,yes,2026-08-28,,
SIBIU,ORAS SALISTE,https://saliste-sibiu.ro,yes,200,https://saliste-sibiu.ro,,yes,wordpress,https://saliste-sibiu.ro/feed/,yes,2026-07-02,,
SIBIU,ORAS CISNADIE,http://www.cisnadie.ro,yes,200,http://www.cisnadie.ro,,yes,wordpress,https://cisnadie.ro/feed/,yes,2026-09-03,,
SIBIU,BIERTAN,https://comunabiertan.ro,yes,200,https://comunabiertan.ro,,yes,wordpress,https://comunabiertan.ro/feed/,yes,2026-08-05,,
SIBIU,BAZNA,https://comunabazna.ro,yes,200,https://comunabazna.ro,,yes,wordpress,https://comunabazna.ro/feed/,yes,2026-05-13,,
SIBIU,GURA RAULUI,https://www.primariagurariului.ro,yes,200,https://www.primariagurariului.ro,,yes,wordpress,https://www.primariagurariului.ro/feed/,yes,2026-07-09,,
SIBIU,ALMA,https://primariaalma.ro,yes,200,https://primariaalma.ro,,yes,wordpress,https://primariaalma.ro/feed/,yes,2026-06-12,,
SIBIU,ATEL,https://primaria-atel.ro,yes,200,https://primaria-atel.ro,,yes,wordpress,https://primaria-atel.ro/feed/,yes,2026-05-05,,
SIBIU,LOAMNES,https://loamnessibiu.ro,yes,200,https://loamnessibiu.ro,,yes,wordpress,https://loamnessibiu.ro/feed/,yes,2026-08-26,,
SIBIU,ORAS OCNA SIBIULUI,https://www.primariaocnasibiului.ro,yes,200,https://www.primariaocnasibiului.ro,,yes,wordpress,https://primariaocnasibiului.ro/feed/,yes,2026-09-01,,
SIBIU,MICASASA,https://primaria-micasasa.ro,yes,200,https://primaria-micasasa.ro,,yes,wordpress,https://primaria-micasasa.ro/feed/,yes,2026-03-12,,
SIBIU,AXENTE SEVER,https://www.axentesever.ro,yes,200,https://www.axentesever.ro,,yes,wordpress,https://axentesever.ro/feed/,yes,2026-06-23,,
SALAJ,SIMISNA,https://www.primariasimisna.ro,yes,200,https://www.primariasimisna.ro,,yes,wordpress,https://www.primariasimisna.ro/feed/,yes,2026-08-10,,
SIBIU,LASLEA,https://comunalaslea.ro,yes,200,https://comunalaslea.ro,,yes,wordpress,https://comunalaslea.ro/feed/,yes,2026-04-30,,
SIBIU,ARPASU DE JOS,https://www.primariaarpasudejos.ro,yes,200,https://www.primariaarpasudejos.ro,,yes,wordpress,https://primariaarpasudejos.ro/feed/,yes,2026-08-31,,
SIBIU,MOSNA,https://comunamosna.ro,yes,200,https://comunamosna.ro,,yes,wordpress,https://comunamosna.ro/feed/,yes,2026-08-13,,
SIBIU,POIANA SIBIULUI,https://comunapoianasibiului.ro,yes,200,https://comunapoianasibiului.ro,,yes,wordpress,https://comunapoianasibiului.ro/feed/,yes,2026-03-23,,
SIBIU,RASINARI,https://primaria-rasinari.ro,yes,200,https://primaria-rasinari.ro,,yes,wordpress,https://primaria-rasinari.ro/feed/,yes,2026-07-08,,
SIBIU,SEICA MARE,https://seicamare.ro,yes,200,https://seicamare.ro,,yes,wordpress,https://seicamare.ro/feed/,yes,2026-07-30,,
SIBIU,PORUMBACU DE JOS,https://www.porumbacudejos.ro,yes,200,https://www.porumbacudejos.ro,,yes,wordpress,https://www.porumbacudejos.ro/feed/,yes,2026-05-15,,
SIBIU,SELIMBAR,https://primariaselimbar.ro,yes,200,https://primariaselimbar.ro,,yes,wordpress,https://primariaselimbar.ro/feed/,yes,2026-08-19,,
SIBIU,IACOBENI,https://www.comuna-iacobeni.ro,yes,200,https://www.comuna-iacobeni.ro,,yes,wordpress,https://comuna-iacobeni.ro/feed/,yes,2026-05-19,,
SIBIU,SEICA MICA,https://www.seicamica.ro,yes,200,https://www.seicamica.ro,,yes,wordpress,https://seicamica.ro/feed/,yes,2026-07-28,,
SIBIU,RACOVITA,https://racovita-sb.ro,yes,200,https://racovita-sb.ro,,yes,wordpress,https://racovita-sb.ro/feed/,yes,2026-09-02,,
SIBIU,ORAS COPSA MICA,https://www.copsa-mica.ro,yes,200,https://www.copsa-mica.ro,,yes,wordpress,https://copsa-mica.ro/feed/,yes,2026-08-26,,
SIBIU,CARTISOARA,https://comunacirtisoara-sibiu.ro,yes,200,https://comunacirtisoara-sibiu.ro,,yes,wordpress,https://comunacirtisoara-sibiu.ro/feed/,yes,2026-05-19,,
SIBIU,ROSIA,https://primariarosia-sb.ro,yes,200,https://primariarosia-sb.ro,,yes,wordpress,https://primariarosia-sb.ro/feed/,yes,2026-08-04,,
SIBIU,SURA MICA,https://comunasuramica.ro,yes,200,https://comunasuramica.ro,,yes,wordpress,https://comunasuramica.ro/feed/,yes,2026-08-24,,
SUCEAVA,BAIA,https://www.comunabaia.ro,yes,200,https://www.comunabaia.ro,,yes,wordpress,https://www.comunabaia.ro/feed/,yes,2026-08-26,,
SUCEAVA,COSNA,http://www.comunacosna.ro,yes,200,http://www.comunacosna.ro,,yes,wordpress,https://www.comunacosna.ro/feed/,yes,2026-05-18,,
SUCEAVA,DORNA CANDRENILOR,http://primaria-dornacandrenilor.ro,yes,200,http://primaria-dornacandrenilor.ro,,yes,wordpress,https://primaria-dornacandrenilor.ro/feed/,yes,2026-09-03,,
SUCEAVA,CORNU LUNCII,https://www.comunacornuluncii.ro,yes,200,https://www.comunacornuluncii.ro,,yes,wordpress,https://www.comunacornuluncii.ro/feed/,yes,2026-09-01,,
SUCEAVA,ORAS GURA HUMORULUI,http://www.primariagh.ro,yes,200,http://www.primariagh.ro,,yes,wordpress,https://primariagurahumorului.ro/feed/,yes,2026-09-04,,
SUCEAVA,BILCA,https://primaria-bilca.ro,yes,200,https://primaria-bilca.ro,,yes,wordpress,https://primaria-bilca.ro/feed/,yes,2026-07-02,,
SUCEAVA,FUNDU MOLDOVEI,https://fundumoldovei.ro,yes,200,https://fundumoldovei.ro,,yes,wordpress,https://fundumoldovei.ro/feed/,yes,2026-09-02,,
SIBIU,SURA MARE,https://primariasuramare.ro,yes,200,https://primariasuramare.ro,,yes,wordpress,https://primariasuramare.ro/feed/,yes,2026-08-06,,
SUCEAVA,GALANESTI,http://www.galanesti.ro,yes,200,http://www.galanesti.ro,,yes,wordpress,https://galanesti.ro/feed/,yes,2026-09-04,,
SUCEAVA,DORNESTI,http://primariadornesti.ro,yes,200,http://primariadornesti.ro,,yes,wordpress,https://primariadornesti.ro/feed/,yes,2026-08-03,,
SUCEAVA,ORAS FRASIN,https://www.primariaorasuluifrasin.ro,yes,200,https://www.primariaorasuluifrasin.ro,,yes,wordpress,https://www.primariaorasuluifrasin.ro/feed/,yes,2026-09-04,,
SUCEAVA,FRUMOSU,http://comunafrumosu.ro,yes,200,http://comunafrumosu.ro,,yes,wordpress,https://comunafrumosu.ro/feed/,yes,2026-09-01,,
SUCEAVA,DRAGUSENI,https://comunadragusenisv.ro,yes,200,https://comunadragusenisv.ro,,yes,wordpress,https://comunadragusenisv.ro/feed/,yes,2026-08-25,,
SUCEAVA,HARTOP,https://comunahirtop.ro,yes,200,https://comunahirtop.ro,,yes,wordpress,https://comunahirtop.ro/feed/,yes,2026-05-25,,
SIBIU,NOCRICH,https://www.nocrich.ro,yes,200,https://www.nocrich.ro,,yes,wordpress,https://nocrich.ro/feed/,yes,2026-07-27,,
SUCEAVA,BALACEANA,https://comunabalaceana.ro,yes,200,https://comunabalaceana.ro,,yes,wordpress,https://comunabalaceana.ro/feed/,yes,2026-09-01,,
SUCEAVA,BOROAIA,https://www.comunaboroaia.ro,yes,200,https://www.comunaboroaia.ro,,yes,wordpress,https://www.comunaboroaia.ro/feed/,yes,2026-05-29,,
SUCEAVA,BALCAUTI,http://balcauti.ro,yes,200,http://balcauti.ro,,yes,wordpress,https://balcauti.ro/index.php/feed/,yes,2026-08-15,,
SUCEAVA,MARGINEA,http://comuna-marginea.ro,yes,200,http://comuna-marginea.ro,,yes,wordpress,https://comuna-marginea.ro/feed/,yes,2026-09-03,,
SUCEAVA,HORODNICENI,https://comunahorodnicenisv.ro,yes,200,https://comunahorodnicenisv.ro,,yes,wordpress,https://comunahorodnicenisv.ro/feed/,yes,2026-06-12,,
SUCEAVA,MALINI,https://www.comunamalini.ro,yes,200,https://www.comunamalini.ro,,yes,wordpress,https://www.comunamalini.ro/feed/,yes,2026-05-22,,
SUCEAVA,FANTANA MARE,https://comunafantanamare.ro,yes,200,https://comunafantanamare.ro,,yes,wordpress,https://comunafantanamare.ro/feed/,yes,2026-07-30,,
SUCEAVA,STROIESTI,http://stroiestisuceava.ro,yes,200,http://stroiestisuceava.ro,,yes,wordpress,https://stroiestisuceava.ro/feed,yes,2026-09-01,,
SUCEAVA,PREUTESTI,https://www.comunapreutesti.ro,yes,200,https://www.comunapreutesti.ro,,yes,wordpress,https://www.comunapreutesti.ro/feed/,yes,2026-05-06,,
SUCEAVA,MANASTIREA HUMORULUI,https://www.manastirea-humorului.ro,yes,200,https://www.manastirea-humorului.ro,,yes,wordpress,https://www.manastirea-humorului.ro/feed/,yes,2026-08-24,,
SUCEAVA,VALEA MOLDOVEI,http://www.comunavaleamoldovei.ro,yes,200,http://www.comunavaleamoldovei.ro,,yes,wordpress,https://www.comunavaleamoldovei.ro/feed/,yes,2026-08-14,,
SUCEAVA,VULTURESTI,https://vulturesti-suceava.ro,yes,200,https://vulturesti-suceava.ro,,yes,wordpress,https://vulturesti-suceava.ro/feed/,yes,2026-08-28,,
SUCEAVA,FANTANELE,http://primariafintinele.ro,yes,200,http://primariafintinele.ro,,yes,wordpress,http://primariafintinele.ro/feed/,yes,2026-09-02,,
SUCEAVA,SLATINA,https://www.comunaslatina.ro,yes,200,https://www.comunaslatina.ro,,yes,wordpress,https://www.comunaslatina.ro/feed/,yes,2026-06-30,,
SUCEAVA,VADU MOLDOVEI,https://www.comunavadumoldovei.ro,yes,200,https://www.comunavadumoldovei.ro,,yes,wordpress,https://www.comunavadumoldovei.ro/feed/,yes,2026-06-30,,
SUCEAVA,IZVOARELE SUCEVEI,https://primariaizvoarelesucevei.ro,yes,200,https://primariaizvoarelesucevei.ro,,yes,wordpress,https://www.primariaizvoarelesucevei.ro/feed/,yes,2026-08-19,,
SUCEAVA,PUTNA,https://primariaputna.ro,yes,200,https://primariaputna.ro,,yes,wordpress,https://primariaputna.ro/feed/,yes,2026-09-03,,
SUCEAVA,RASCA,https://www.comunarasca.ro,yes,200,https://www.comunarasca.ro,,yes,wordpress,https://www.comunarasca.ro/feed/,yes,2026-06-23,,
SUCEAVA,PANACI,http://www.panaci.ro,yes,200,http://www.panaci.ro,,yes,wordpress,https://www.panaci.ro/feed/,yes,2026-08-28,,
SUCEAVA,GRANICESTI,https://comunagranicesti.ro,yes,200,https://comunagranicesti.ro,,yes,wordpress,https://comunagranicesti.ro/feed/,yes,2026-08-19,,
TELEORMAN,ORAS ZIMNICEA,https://orasulzimnicea.ro,yes,200,https://orasulzimnicea.ro,,yes,wordpress,https://orasulzimnicea.ro/feed/,yes,2026-09-02,,
SUCEAVA,POIENI-SOLCA,http://comunapoienisolca.ro,yes,200,http://comunapoienisolca.ro,,yes,wordpress,https://comunapoienisolca.ro/feed/,yes,2026-06-03,,
SUCEAVA,POIANA STAMPEI,http://www.poianastampei.ro,yes,200,http://www.poianastampei.ro,,yes,wordpress,https://poianastampei.ro/feed/,yes,2026-08-31,,
TELEORMAN,MUNICIPIUL TURNU MAGURELE,http://www.municipiulturnumagurele.ro,yes,200,http://www.municipiulturnumagurele.ro,,yes,wordpress,https://www.municipiulturnumagurele.ro/feed/,yes,2026-09-04,,
SUCEAVA,SADOVA,http://comunasadova.ro,yes,200,http://comunasadova.ro,,yes,wordpress,https://comunasadova.ro/feed/,yes,2026-09-01,,
TELEORMAN,BOTOROAGA,http://www.botoroaga.ro,yes,200,http://www.botoroaga.ro,,yes,wordpress,https://www.botoroaga.ro/feed/,yes,2026-07-10,,
SUCEAVA,SUCEVITA,https://www.primariasucevita.ro,yes,200,https://www.primariasucevita.ro,,yes,wordpress,https://www.primariasucevita.ro/feed/,yes,2026-09-02,,
TELEORMAN,FRUMOASA,https://www.comunafrumoasa.ro,yes,200,https://www.comunafrumoasa.ro,,yes,wordpress,https://www.comunafrumoasa.ro/feed/,yes,2026-06-16,,
TELEORMAN,FRASINET,https://www.primariafrasinettr.ro,yes,200,https://www.primariafrasinettr.ro,,yes,wordpress,https://www.primariafrasinettr.ro/feed/,yes,2026-08-31,,
SUCEAVA,PATRAUTI,https://primariapatrautisv.ro,yes,200,https://primariapatrautisv.ro,,yes,wordpress,https://primariapatrautisv.ro/feed,yes,2026-09-03,,
TELEORMAN,NANOV,https://www.primaria-nanov.ro,yes,200,https://www.primaria-nanov.ro,,yes,wordpress,https://www.primaria-nanov.ro/feed/,yes,2026-08-25,,
SUCEAVA,IPOTESTI,https://primariaipotesti.ro,yes,200,https://primariaipotesti.ro,,yes,wordpress,https://primariaipotesti.ro/feed/,yes,2026-09-04,,
TELEORMAN,GRATIA,http://primaria-gratia.ro,yes,200,http://primaria-gratia.ro,,yes,wordpress,https://primaria-gratia.ro/anunturi/feed/,yes,2026-06-10,,
TELEORMAN,MOSTENI,https://www.comunamosteni.ro,yes,200,https://www.comunamosteni.ro,,yes,wordpress,https://www.comunamosteni.ro/feed/,yes,2026-08-28,,
TELEORMAN,BLEJESTI,https://www.primariablejesti.ro,yes,200,https://www.primariablejesti.ro,,yes,wordpress,https://www.primariablejesti.ro/feed/,yes,2026-08-14,,
TELEORMAN,PLOPII-SLAVITESTI,https://www.primariaplopiislavitesti.ro,yes,200,https://www.primariaplopiislavitesti.ro,,yes,wordpress,https://www.primariaplopiislavitesti.ro/feed/,yes,2026-07-09,,
SUCEAVA,ZVORISTEA,http://primaria-zvoristea.ro,yes,200,http://primaria-zvoristea.ro,,yes,wordpress,http://primaria-zvoristea.ro/feed/,yes,2026-08-25,,
TELEORMAN,PIATRA,https://primariapiatra.ro,yes,200,https://primariapiatra.ro,,yes,wordpress,https://primariapiatra.ro/feed/,yes,2026-08-25,,
TELEORMAN,POROSCHIA,https://primariaporoschia.ro,yes,200,https://primariaporoschia.ro,,yes,wordpress,https://www.primariaporoschia.ro/feed/,yes,2026-07-27,,
TELEORMAN,MAVRODIN,https://www.primariamavrodin.ro,yes,200,https://www.primariamavrodin.ro,,yes,wordpress,https://www.primariamavrodin.ro/feed/,yes,2026-08-25,,
TELEORMAN,SMARDIOASA,https://primariasmardioasa.ro,yes,200,https://primariasmardioasa.ro,,yes,wordpress,https://primariasmardioasa.ro/feed/,yes,2026-07-27,,
TELEORMAN,FURCULESTI,http://www.primaria-furculesti.ro,yes,200,http://www.primaria-furculesti.ro,,yes,wordpress,https://primaria-furculesti.ro/feed/,yes,2026-08-31,,
TELEORMAN,SILISTEA-GUMESTI,http://primariasilisteagumesti.ro,yes,200,http://primariasilisteagumesti.ro,,yes,wordpress,https://primariasilisteagumesti.ro/feed/,yes,2026-09-01,,
TELEORMAN,MALDAENI,https://www.primariamaldaeni.ro,yes,200,https://www.primariamaldaeni.ro,,yes,wordpress,https://www.primariamaldaeni.ro/feed/,yes,2026-07-30,,
TELEORMAN,SAELELE,https://primariasaelele.ro,yes,200,https://primariasaelele.ro,,yes,wordpress,https://primariasaelele.ro/feed/,yes,2026-07-27,,
SUCEAVA,MITOCU DRAGOMIRNEI,https://mitocudragomirnei.ro,yes,200,https://mitocudragomirnei.ro,,yes,wordpress,https://mitocudragomirnei.ro/feed/,yes,2026-08-19,,
TELEORMAN,TRIVALEA-MOSTENI,http://www.trivaleamosteni.ro,yes,200,http://www.trivaleamosteni.ro,,yes,wordpress,https://www.trivaleamosteni.ro/feed/,yes,2026-04-17,,
TIMIS,BEBA VECHE,https://www.primariabebaveche.ro,yes,200,https://www.primariabebaveche.ro,,yes,wordpress,https://primariabebaveche.ro/feed/,yes,2026-07-24,,
TELEORMAN,VIISOARA,https://www.primaria-viisoara.ro,yes,200,https://www.primaria-viisoara.ro,,yes,wordpress,https://www.primaria-viisoara.ro/feed/,yes,2026-06-16,,
TIMIS,BUCOVAT,https://www.comunabucovat.ro,yes,200,https://www.comunabucovat.ro,,yes,wordpress,https://www.comunabucovat.ro/feed/,yes,2026-09-01,,
TELEORMAN,VITANESTI,http://primariavitanesti.ro,yes,200,http://primariavitanesti.ro,,yes,wordpress,https://primariavitanesti.ro/feed/,yes,2026-05-18,,
TIMIS,CENEI,https://primariacenei.ro,yes,200,https://primariacenei.ro,,yes,wordpress,https://primariacenei.ro/feed/,yes,2026-08-03,,
TIMIS,DUDESTII NOI,https://pcdn.ro,yes,200,https://pcdn.ro,,yes,wordpress,https://pcdn.ro/feed/,yes,2026-09-01,,
TIMIS,BELINT,https://comunabelint.ro,yes,200,https://comunabelint.ro,,yes,wordpress,https://comunabelint.ro/feed/,yes,2026-08-05,,
TIMIS,ORAS CIACOVA,http://www.primariaciacova.ro,yes,200,http://www.primariaciacova.ro,,yes,wordpress,https://www.primariaciacova.ro/feed/,yes,2026-07-23,,
TIMIS,ORAS JIMBOLIA,http://jimbolia.ro,yes,200,http://jimbolia.ro,,yes,wordpress,https://jimbolia.ro/feed/,yes,2026-09-02,,
TIMIS,GIARMATA,https://primariagiarmata.ro,yes,200,https://primariagiarmata.ro,,yes,wordpress,https://primariagiarmata.ro/feed/,yes,2026-09-02,,
TIMIS,DUDESTII VECHI,https://dudestii-vechi.ro,yes,200,https://dudestii-vechi.ro,,yes,wordpress,https://dudestii-vechi.ro/feed/,yes,2026-08-28,,
TIMIS,DENTA,http://www.primaria-denta.ro,yes,200,http://www.primaria-denta.ro,,yes,wordpress,https://www.primaria-denta.ro/feed/,yes,2026-07-16,,
TIMIS,ORAS RECAS,https://primariarecas.ro,yes,200,https://primariarecas.ro,,yes,wordpress,https://primariarecas.ro/feed/,yes,2026-01-16,,
TIMIS,ORAS DETA,https://www.detatm.ro,yes,200,https://www.detatm.ro,,yes,wordpress,https://www.detatm.ro/feed/,yes,2026-09-02,,
TIMIS,LIVEZILE,https://comunalivezile.ro,yes,200,https://comunalivezile.ro,,yes,wordpress,https://comunalivezile.ro/feed/,yes,2026-08-20,,
TIMIS,ORAS FAGET,https://www.primariafaget.ro,yes,200,https://www.primariafaget.ro,,yes,wordpress,https://primariafaget.ro/feed/,yes,2026-07-16,,
TIMIS,FIBIS,https://www.comunafibis.ro,yes,200,https://www.comunafibis.ro,,yes,wordpress,https://comunafibis.ro/feed/,yes,2026-09-02,,
TIMIS,ORAS SANNICOLAU MARE,https://www.sannicolau-mare.ro,yes,200,https://www.sannicolau-mare.ro,,yes,wordpress,https://www.sannicolau-mare.ro/feed/,yes,2026-09-04,,
TIMIS,SACALAZ,https://primariasacalaz.ro,yes,200,https://primariasacalaz.ro,,yes,wordpress,https://primariasacalaz.ro/feed/,yes,2026-09-03,,
TIMIS,ORTISOARA,http://www.primariaortisoara.ro,yes,200,http://www.primariaortisoara.ro,,yes,wordpress,https://primariaortisoara.ro/feed/,yes,2026-08-06,,
TIMIS,LOVRIN,https://www.primarialovrin.ro,yes,200,https://www.primarialovrin.ro,,yes,wordpress,https://primaria-lovrin.ro/feed/,yes,2026-08-27,,
TIMIS,GHIRODA,http://www.primariaghiroda.ro,yes,200,http://www.primariaghiroda.ro,,yes,wordpress,https://primariaghiroda.ro/feed/,yes,2026-08-31,,
TIMIS,LENAUHEIM,https://www.lenauheim.ro,yes,200,https://www.lenauheim.ro,,yes,wordpress,https://www.lenauheim.ro/feed/,yes,2026-08-14,,
TIMIS,PISCHIA,https://www.comunapischia.ro,yes,200,https://www.comunapischia.ro,,yes,wordpress,https://www.comunapischia.ro/feed/,yes,2026-03-06,,
TIMIS,SATCHINEZ,https://www.satchinez.ro,yes,200,https://www.satchinez.ro,,yes,wordpress,https://www.satchinez.ro/feed/,yes,2026-09-01,,
TULCEA,ORAS ISACCEA,https://www.isaccea.ro,yes,200,https://www.isaccea.ro,,yes,wordpress,https://isaccea.ro/feed/,yes,2026-08-26,,
TIMIS,TOPOLOVATU MARE,https://www.primariatopolovatumare.ro,yes,200,https://www.primariatopolovatumare.ro,,yes,wordpress,https://primariatopolovatumare.ro/feed/,yes,2026-06-15,,
TULCEA,ORAS MACIN,https://www.macin.ro,yes,200,https://www.macin.ro,,yes,wordpress,https://www.macin.ro/feed/,yes,2026-09-02,,
TIMIS,OTELEC,https://www.comunaotelec.ro,yes,200,https://www.comunaotelec.ro,,yes,wordpress,https://comunaotelec.ro/feed/,yes,2026-06-14,,
TIMIS,TOMESTI,http://tomesti.ro,yes,200,http://tomesti.ro,,yes,wordpress,https://tomesti.ro/feed/,yes,2026-08-06,,
TULCEA,JIJILA,https://comunajijila.ro,yes,200,https://comunajijila.ro,,yes,wordpress,https://comunajijila.ro/feed/,yes,2026-04-02,,
TULCEA,HAMCEARCA,https://www.primariahamcearca.ro,yes,200,https://www.primariahamcearca.ro,,yes,wordpress,https://primariahamcearca.ro/feed/,yes,2026-07-24,,
TULCEA,DAENI,https://www.comuna-daeni.ro,yes,200,https://www.comuna-daeni.ro,,yes,wordpress,https://comuna-daeni.ro/feed/,yes,2026-08-28,,
TULCEA,OSTROV,http://primariaostrovtulcea.ro,yes,200,http://primariaostrovtulcea.ro,,yes,wordpress,https://primariaostrovtulcea.ro/feed/,yes,2026-08-27,,
TULCEA,DOROBANTU,https://www.primaria-dorobantu.ro,yes,200,https://www.primaria-dorobantu.ro,,yes,wordpress,https://primaria-dorobantu.ro/feed/,yes,2026-08-13,,
TULCEA,SFANTU GHEORGHE,https://www.primariasfantugheorghetulcea.ro,yes,200,https://www.primariasfantugheorghetulcea.ro,,yes,wordpress,https://www.primariasfantugheorghetulcea.ro/feed/,yes,2026-08-05,,
TIMIS,MASLOC,https://www.comunamasloc.ro,yes,200,https://www.comunamasloc.ro,,yes,wordpress,https://comunamasloc.ro/feed/,yes,2026-07-19,,
VASLUI,ORAS MURGENI,https://www.primaria-murgeni.ro,yes,200,https://www.primaria-murgeni.ro,,yes,wordpress,https://primaria-murgeni.ro/feed/,yes,2026-04-27,,
TULCEA,MUNICIPIUL TULCEA,https://www.primariatulcea.ro,yes,200,https://www.primariatulcea.ro,,yes,wordpress,https://www.primariatulcea.ro/feed/,yes,2026-09-04,,
TULCEA,CERNA,https://www.primariacerna.ro,yes,200,https://www.primariacerna.ro,,yes,wordpress,https://primariacerna.ro/feed/,yes,2026-09-04,,
TULCEA,C.A. ROSETTI,http://www.primariarosetti.paginadestart.com,yes,200,http://www.primariarosetti.paginadestart.com,,yes,wordpress,https://www.primariarosettitl.ro/feed/,yes,2026-07-24,,
VASLUI,CIOCANI,https://www.primariaciocani.ro,yes,200,https://www.primariaciocani.ro,,yes,joomla,https://www.primariaciocani.ro/index.php?format=feed&type=rss,yes,2026-03-16,,
TULCEA,LUNCAVITA,https://www.comunaluncavita.ro,yes,200,https://www.comunaluncavita.ro,,yes,other,https://www.comunaluncavita.ro/rss.xml,yes,2026-09-05,,
VASLUI,ALBESTI,https://www.primariaalbestivs.ro,yes,200,https://www.primariaalbestivs.ro,,yes,wordpress,https://www.primariaalbestivs.ro/feed/,yes,2026-06-22,,
VASLUI,BOGDANESTI,https://www.primariabogdanesti.ro,yes,200,https://www.primariabogdanesti.ro,,yes,wordpress,https://primariabogdanesti.ro/feed/,yes,2026-07-15,,
VASLUI,DIMITRIE CANTEMIR,https://primariadimitriecantemir.ro,yes,200,https://primariadimitriecantemir.ro,,yes,wordpress,https://primariadimitriecantemir.ro/feed/,yes,2026-09-03,,
TULCEA,CARCALIU,https://www.primariacarcaliu.ro,yes,200,https://www.primariacarcaliu.ro,,yes,wordpress,https://primariacarcaliu.ro/feed/,yes,2026-08-28,,
VASLUI,EPURENI,https://www.primariaepureni.ro,yes,200,https://www.primariaepureni.ro,,yes,joomla,https://www.primariaepureni.ro/?format=feed&type=rss,yes,2026-08-06,,
VASLUI,BUNESTI-AVERESTI,https://www.averesti.ro,yes,200,https://www.averesti.ro,,yes,wordpress,https://averesti.ro/feed/,yes,2026-08-30,,
VASLUI,FALCIU,https://www.primariafalciu.ro,yes,200,https://www.primariafalciu.ro,,yes,wordpress,https://www.primariafalciu.ro/feed/,yes,2026-09-03,,
VASLUI,GHERGHESTI,http://www.comunagherghesti.ro,yes,200,http://www.comunagherghesti.ro,,yes,wordpress,https://www.comunagherghesti.ro/feed/,yes,2026-09-02,,
TULCEA,CASIMCEA,https://www.primariacasimcea.ro,yes,200,https://www.primariacasimcea.ro,,yes,wordpress,https://primariacasimcea.ro/feed/,yes,2026-08-31,,
VASLUI,COROIESTI,https://www.primariacoroiesti.ro,yes,200,https://www.primariacoroiesti.ro,,yes,wordpress,https://primariacoroiesti.ro/feed/,yes,2026-07-07,,
VASLUI,OLTENESTI,https://www.primariaoltenesti.ro,yes,200,https://www.primariaoltenesti.ro,,yes,joomla,https://www.primariaoltenesti.ro/index.php?format=feed&type=rss,yes,2026-05-26,,
VASLUI,LIPOVAT,https://comuna-lipovat.ro,yes,200,https://comuna-lipovat.ro,,yes,wordpress,https://comuna-lipovat.ro/feed/,yes,2026-08-12,,
VASLUI,ORAS NEGRESTI,https://www.negresti.ro,yes,200,https://www.negresti.ro,,yes,wordpress,https://negresti.ro/feed/,yes,2026-08-12,,
VASLUI,OSESTI,https://www.comunaosesti.ro,yes,200,https://www.comunaosesti.ro,,yes,wordpress,https://www.comunaosesti.ro/feed/,yes,2026-01-08,,
VASLUI,DELENI,https://www.delenivaslui.ro,yes,200,https://www.delenivaslui.ro,,yes,joomla,https://www.delenivaslui.ro/?format=feed&type=rss,yes,2026-06-29,,
VASLUI,PUSCASI,https://primariapuscasi.ro,yes,200,https://primariapuscasi.ro,,yes,wordpress,https://primariapuscasi.ro/feed/,yes,2026-09-01,,
VASLUI,POIENESTI,https://comuna-poienesti.ro,yes,200,https://comuna-poienesti.ro,,yes,wordpress,https://www.comuna-poienesti.ro/feed/,yes,2026-08-31,,
VASLUI,DODESTI,https://www.comunadodesti.ro,yes,200,https://www.comunadodesti.ro,,yes,joomla,https://www.comunadodesti.ro/index.php?format=feed&type=rss,yes,2026-08-27,,
VASLUI,SOLESTI,https://comuna-solesti.ro,yes,200,https://comuna-solesti.ro,,yes,wordpress,https://comuna-solesti.ro/feed/,yes,2026-08-31,,
VASLUI,MUNTENII DE JOS,https://www.munteniidejos.ro,yes,200,https://www.munteniidejos.ro,,yes,wordpress,https://primariamdj.ro/feed/,yes,2026-07-17,,
VASLUI,TATARANI,https://comuna-tatarani.ro,yes,200,https://comuna-tatarani.ro,,yes,joomla,https://comuna-tatarani.ro/index.php?format=feed&type=rss,yes,2026-04-08,,
VASLUI,STANILESTI,https://www.primariastanilesti.ro,yes,200,https://www.primariastanilesti.ro,,yes,wordpress,https://primariastanilesti.ro/feed/,yes,2026-08-03,,
VASLUI,ROSIESTI,https://www.primariarosiesti.ro,yes,200,https://www.primariarosiesti.ro,,yes,joomla,https://www.primariarosiesti.ro/index.php?format=feed&type=rss,yes,2026-02-02,,
VASLUI,MALUSTENI,https://www.malusteni.ro,yes,200,https://www.malusteni.ro,,yes,joomla,https://www.malusteni.ro/index.php?format=feed&type=rss,yes,2026-08-17,,
VASLUI,VULTURESTI,https://www.vulturesti-vaslui.ro,yes,200,https://www.vulturesti-vaslui.ro,,yes,wordpress,https://vulturesti-vaslui.ro/feed/,yes,2026-01-28,,
VASLUI,RAFAILA,https://www.rafaila.ro,yes,200,https://www.rafaila.ro,,yes,wordpress,https://rafaila.ro/feed/,yes,2026-08-26,,
VASLUI,ZAPODENI,https://www.primariazapodeni.ro,yes,200,https://www.primariazapodeni.ro,,yes,wordpress,https://primariazapodeni.ro/feed/,yes,2026-08-04,,
VASLUI,IVESTI,http://www.comunaivesti.ro,yes,200,http://www.comunaivesti.ro,,yes,wordpress,https://comunaivesti.ro/feed/,yes,2026-09-01,,
VASLUI,ZORLENI,http://www.zorleni.ro,yes,200,http://www.zorleni.ro,,yes,wordpress,http://www.zorleni.ro/?feed=rss2,yes,2026-09-03,,
VASLUI,MUNICIPIUL HUSI,http://www.primariahusi.ro,yes,200,http://www.primariahusi.ro,,yes,wordpress,https://www.primariahusi.ro/feed/,yes,2026-08-31,,
VASLUI,MICLESTI,http://www.primariamiclesti.ro,yes,200,http://www.primariamiclesti.ro,,yes,wordpress,https://primariamiclesti.ro/feed/,yes,2026-07-21,,
VASLUI,DRAGOMIRESTI,https://www.primariadragomirestivs.ro,yes,200,https://www.primariadragomirestivs.ro,,yes,wordpress,https://primariadragomirestivs.ro/feed/,yes,2026-04-27,,
VASLUI,BEREZENI,https://www.primariaberezeni.ro,yes,200,https://www.primariaberezeni.ro,,yes,wordpress,https://primariaberezeni.ro/feed/,yes,2026-03-06,,
VASLUI,VOINESTI,https://primariavoinesti.ro,yes,200,https://primariavoinesti.ro,,yes,wordpress,https://www.primariavoinesti.ro/feed/,yes,2026-07-01,,
VALCEA,BUJORENI,https://primariabujoreni.ro,yes,200,https://primariabujoreni.ro,,yes,wordpress,https://primariabujoreni.ro/feed/,yes,2026-09-02,,
VASLUI,VETRISOAIA,https://www.primariavetrisoaia.ro,yes,200,https://www.primariavetrisoaia.ro,,yes,wordpress,https://primariavetrisoaia.ro/feed/,yes,2026-06-05,,
VASLUI,TACUTA,https://primariatacuta.ro,yes,200,https://primariatacuta.ro,,yes,wordpress,https://primariatacuta.ro/feed/,yes,2026-04-03,,
VALCEA,ORAS BAILE GOVORA,https://www.primaria-baile-govora.ro,yes,200,https://www.primaria-baile-govora.ro,,yes,wordpress,https://www.primaria-govora.ro/feed/,yes,2026-08-28,,
VASLUI,PERIENI,https://www.primariaperieni.ro,yes,200,https://www.primariaperieni.ro,,yes,wordpress,https://primariaperieni.ro/feed/,yes,2026-03-10,,
VALCEA,STEFANESTI,https://primaria-stefanestivalcea.ro,yes,200,https://primaria-stefanestivalcea.ro,,yes,wordpress,https://primaria-stefanestivalcea.ro/feed/,yes,2026-09-04,,
VRANCEA,CAMPURI,https://www.primariacimpurivn.ro,yes,200,https://www.primariacimpurivn.ro,,yes,wordpress,https://www.primariacimpurivn.ro/feed/,yes,2026-08-31,,
VALCEA,SUSANI,https://comuna-susani.ro,yes,200,https://comuna-susani.ro,,yes,wordpress,https://comuna-susani.ro/feed,yes,2026-07-01,,
VALCEA,VOINEASA,http://primariavoineasa.ro,yes,200,http://primariavoineasa.ro,,yes,wordpress,https://primariavoineasa.ro/feed/,yes,2026-02-25,,
VRANCEA,MUNICIPIUL FOCSANI,https://www.focsani.info,yes,200,https://www.focsani.info,,yes,e-adm,https://www.focsani.info/rss,yes,2026-09-02,,
VRANCEA,ORAS MARASESTI,https://primariamarasesti.ro,yes,200,https://primariamarasesti.ro,,yes,wordpress,https://primariamarasesti.ro/feed/,yes,2026-09-02,,
VRANCEA,CIORASTI,http://comunaciorasti.ro,yes,200,http://comunaciorasti.ro,,yes,wordpress,https://comunaciorasti.ro/feed,yes,2026-09-03,,
VALCEA,FAURESTI,https://comuna-fauresti.ro/primaria,yes,200,https://comuna-fauresti.ro/primaria,,yes,e-adm,https://comuna-fauresti.ro/feed,yes,2026-08-26,,
VRANCEA,DUMITRESTI,https://www.primaria-dumitresti.ro,yes,200,https://www.primaria-dumitresti.ro,,yes,wordpress,https://www.primaria-dumitresti.ro/feed/,yes,2026-04-21,,
VRANCEA,BORDESTI,http://www.comunabordesti.ro,yes,200,http://www.comunabordesti.ro,,yes,wordpress,https://www.comunabordesti.ro/feed,yes,2026-08-10,,
VRANCEA,GUGESTI,http://www.primariagugesti.ro,yes,200,http://www.primariagugesti.ro,,yes,wordpress,https://primariagugesti.ro/feed/,yes,2026-05-21,,
VRANCEA,TIFESTI,http://www.primariatifesti.ro,yes,200,http://www.primariatifesti.ro,,yes,wordpress,https://www.primariatifesti.ro/?feed=rss2,yes,2026-04-22,,
VRANCEA,SOVEJA,http://www.comunasoveja.ro,yes,200,http://www.comunasoveja.ro,,yes,wordpress,https://comunasoveja.ro/feed,yes,2026-09-01,,
VRANCEA,STRAOANE,https://www.comunastraoane.ro,yes,200,https://www.comunastraoane.ro,,yes,wordpress,https://www.comunastraoane.ro/feed/,yes,2026-08-18,,
VRANCEA,VIDRA,http://www.primariavidravn.ro,yes,200,http://www.primariavidravn.ro,,yes,wordpress,https://www.primariavidravn.ro/feed/,yes,2026-09-04,,
VRANCEA,VIZANTEA-LIVEZI,https://www.vizantealivezi.ro,yes,200,https://www.vizantealivezi.ro,,yes,wordpress,https://www.vizantealivezi.ro/feed/,yes,2026-09-03,,
VRANCEA,VANATORI,https://www.vinatori.primarievn.ro,yes,200,https://www.vinatori.primarievn.ro,,yes,wordpress,https://vanatorivrancea.ro/feed/,yes,2026-08-24,,
VRANCEA,VULTURU,https://www.vulturu.primarievn.ro,yes,200,https://www.vulturu.primarievn.ro,,yes,wordpress,https://www.primariavulturu.ro/feed/,yes,2026-09-02,,
BUCURESTI,BUCURESTI SECTORUL 4,https://ps4.ro,yes,200,https://ps4.ro,,yes,wordpress,https://ps4.ro/feed,yes,2026-09-04,,
BUCURESTI,BUCURESTI SECTORUL 6,https://www.primarie6.ro,yes,200,https://www.primarie6.ro,,yes,wordpress,https://www.primarie6.ro/rss.xml,yes,2026-09-03,,
VRANCEA,PUFESTI,https://www.primariapufesti.ro,yes,200,https://www.primariapufesti.ro,,yes,wordpress,https://primariapufesti.ro/feed/,yes,2026-08-31,,
ARGES,MUNICIPIUL CAMPULUNG,http://www.primariacampulung.ro,yes,200,http://www.primariacampulung.ro/?feed=rss2,,yes,wordpress,http://www.primariacampulung.ro/?feed=rss2,yes,2026-09-04,,
BISTRITA-NASAUD,MATEI,https://comunamatei.ro,yes,200,https://comunamatei.ro/?feed=rss2,,yes,wordpress,https://comunamatei.ro/?feed=rss2,yes,2026-08-31,,
BIHOR,BATAR,https://www.primariabatar.ro/index.php?format=feed&typ,yes,200,https://www.primariabatar.ro/index.php?format=feed&type=rss,,yes,joomla,https://www.primariabatar.ro/index.php?format=feed&type=rss,yes,2026-06-02,,
BUZAU,SCUTELNICI,http://www.primariascutelnici.ro/2019/index.php?format=feed&typ,yes,200,http://www.primariascutelnici.ro/2019/index.php?format=feed&type=rss,,yes,joomla,http://www.primariascutelnici.ro/2019/index.php?format=feed&type=rss,yes,2026-09-02,,
BIHOR,TINCA,https://www.comuna-tinca.ro,yes,200,https://www.comuna-tinca.ro/?feed=rss2,,yes,wordpress,https://www.comuna-tinca.ro/?feed=rss2,yes,2026-06-29,,
HARGHITA,CAPALNITA,https://www.kapolnasfalu.ro/index.php?format=feed&typ,yes,200,https://www.kapolnasfalu.ro/index.php?format=feed&type=rss,,yes,joomla,https://www.kapolnasfalu.ro/index.php?format=feed&type=rss,yes,2026-07-27,,
HUNEDOARA,BAITA,https://baita.ro,yes,200,https://baita.ro/?feed=rss2,,yes,wordpress,https://baita.ro/?feed=rss2,yes,2026-09-03,,
MEHEDINTI,VANATORI,http://www.clvinatori.ro,yes,200,http://www.clvinatori.ro/?feed=rss2,,yes,wordpress,http://www.clvinatori.ro/?feed=rss2,yes,2026-04-23,,
HARGHITA,COZMENI,https://www.cozmeni.consloc.ro/feed/atom,yes,200,https://www.cozmeni.consloc.ro/feed/atom/,,yes,wordpress,https://www.cozmeni.consloc.ro/feed/atom/,yes,2026-09-04,,
PRAHOVA,BREBU,http://www.brebuprahova.eu/index.php?format=feed&typ,yes,200,http://www.brebuprahova.eu/index.php?format=feed&type=rss,,yes,joomla,http://www.brebuprahova.eu/index.php?format=feed&type=rss,yes,2026-09-01,,
